/*
SQLyog Community v11.51 (64 bit)
MySQL - 5.6.17 : Database - tienda_fcb
*********************************************************************
*/

/*!40101 SET NAMES utf8 */;

/*!40101 SET SQL_MODE=''*/;

/*!40014 SET @OLD_UNIQUE_CHECKS=@@UNIQUE_CHECKS, UNIQUE_CHECKS=0 */;
/*!40014 SET @OLD_FOREIGN_KEY_CHECKS=@@FOREIGN_KEY_CHECKS, FOREIGN_KEY_CHECKS=0 */;
/*!40101 SET @OLD_SQL_MODE=@@SQL_MODE, SQL_MODE='NO_AUTO_VALUE_ON_ZERO' */;
/*!40111 SET @OLD_SQL_NOTES=@@SQL_NOTES, SQL_NOTES=0 */;
CREATE DATABASE /*!32312 IF NOT EXISTS*/`tienda_fcb` /*!40100 DEFAULT CHARACTER SET latin1 */;

USE `tienda_fcb`;

/*Table structure for table `activity_log` */

DROP TABLE IF EXISTS `activity_log`;

CREATE TABLE `activity_log` (
  `activity_id` bigint(20) NOT NULL AUTO_INCREMENT,
  `description` varchar(500) DEFAULT NULL,
  `created_by` varchar(50) DEFAULT NULL,
  `create_ts` datetime DEFAULT CURRENT_TIMESTAMP,
  PRIMARY KEY (`activity_id`)
) ENGINE=InnoDB AUTO_INCREMENT=834 DEFAULT CHARSET=utf8;

/*Data for the table `activity_log` */

insert  into `activity_log`(`activity_id`,`description`,`created_by`,`create_ts`) values (561,'Purchased 75.0 unit of CHETTINAD CEMENT SLAG PAPER',NULL,'2020-06-21 11:22:13'),(562,'Purchased 80.0 unit of RAMCO CEMENT PPC 50KG',NULL,'2020-06-21 11:23:08'),(563,'Purchased 500.0 unit of PPC Cement (Hebbal)',NULL,'2020-06-21 11:23:40'),(564,'Purchased 500.0 unit of PPC Cement (Hebbal)',NULL,'2020-06-21 11:27:42'),(565,'Purchased 75.0 unit of DALMIA PPC 50KG BAG - BOPP',NULL,'2020-06-21 12:24:16'),(566,'Purchased 150.0 unit of DALMIA OPC53 50KG - HDPE',NULL,'2020-06-21 12:25:27'),(567,'Purchased 65.0 unit of DALMIA PPC 50KG BAG - BOPP',NULL,'2020-06-21 12:26:58'),(568,'Purchased 65.0 unit of DALMIA PPC 50KG BAG - BOPP',NULL,'2020-06-21 12:29:43'),(569,'Purchased 51.0 unit of DALMIA PPC 50KG BAG - BOPP',NULL,'2020-06-21 12:30:47'),(570,'Purchased 14.0 unit of DALMIA PPC 50KG BAG - BOPP',NULL,'2020-06-21 12:31:28'),(571,'Purchased 65.0 unit of DALMIA PPC 50KG BAG - BOPP',NULL,'2020-06-21 12:32:38'),(572,'Purchased 60.0 unit of DALMIA PPC 50KG BAG - BOPP',NULL,'2020-06-21 12:33:17'),(573,'Purchased 30.0 unit of DALMIA PPC 50KG BAG - BOPP',NULL,'2020-06-21 12:34:00'),(574,'Purchased 50.0 unit of RAMCO CEMENT PPC 50KG',NULL,'2020-06-21 12:35:30'),(575,'Purchased 65.0 unit of DALMIA PPC 50KG BAG - BOPP',NULL,'2020-06-21 12:38:19'),(576,'Purchased 65.0 unit of DALMIA PPC 50KG BAG - BOPP',NULL,'2020-06-21 12:40:06'),(577,'Purchased 65.0 unit of DALMIA PPC 50KG BAG - BOPP',NULL,'2020-06-21 12:41:08'),(578,'Purchased 30.0 unit of DALMIA PPC 50KG BAG - BOPP',NULL,'2020-06-21 12:42:23'),(579,'Purchased 70.0 unit of DALMIA PPC 50KG BAG - BOPP',NULL,'2020-06-21 12:43:12'),(580,'Purchased 70.0 unit of DALMIA PPC 50KG BAG - BOPP',NULL,'2020-06-21 12:48:38'),(581,'Purchased 30.0 unit of DALMIA PPC 50KG BAG - BOPP',NULL,'2020-06-21 12:49:26'),(582,'Purchased 70.0 unit of DALMIA PPC 50KG BAG - BOPP',NULL,'2020-06-21 12:50:01'),(583,'Purchased 70.0 unit of DALMIA PPC 50KG BAG - BOPP',NULL,'2020-06-21 12:50:27'),(584,'Purchased 70.0 unit of DALMIA PPC 50KG BAG - BOPP',NULL,'2020-06-21 12:51:09'),(585,'Purchased 100.0 unit of DALMIA PPC 50KG BAG - BOPP',NULL,'2020-06-21 12:51:49'),(586,'Purchased 40.0 unit of DALMIA PPC 50KG BAG - BOPP',NULL,'2020-06-21 12:52:25'),(587,'Purchased 50.0 unit of DALMIA PPC 50KG BAG - BOPP',NULL,'2020-06-21 12:52:52'),(588,'Purchased 70.0 unit of RAMCO CEMENT PPC 50KG',NULL,'2020-06-21 12:54:03'),(589,'Purchased 70.0 unit of DALMIA PPC 50KG BAG - BOPP',NULL,'2020-06-21 12:54:39'),(590,'Purchased 70.0 unit of DALMIA PPC 50KG BAG - BOPP',NULL,'2020-06-21 12:55:30'),(591,'Purchased 70.0 unit of DALMIA PPC 50KG BAG - BOPP',NULL,'2020-06-21 12:55:56'),(592,'Purchased 70.0 unit of DALMIA PPC 50KG BAG - BOPP',NULL,'2020-06-21 12:56:20'),(593,'Purchased 70.0 unit of DALMIA PPC 50KG BAG - BOPP',NULL,'2020-06-21 12:56:54'),(594,'Purchased 65.0 unit of DALMIA PPC 50KG BAG - BOPP',NULL,'2020-06-21 12:57:28'),(595,'Purchased 65.0 unit of DALMIA PPC 50KG BAG - BOPP',NULL,'2020-06-21 14:17:55'),(596,'Purchased 70.0 unit of DALMIA PPC 50KG BAG - BOPP',NULL,'2020-06-21 14:18:37'),(597,'Purchased 2.0 unit of DALMIA PPC 50KG BAG - BOPP',NULL,'2020-06-21 14:19:57'),(598,'Purchased 63.0 unit of DALMIA PPC 50KG BAG - BOPP',NULL,'2020-06-21 14:20:47'),(599,'Purchased 70.0 unit of DALMIA PPC 50KG BAG - BOPP',NULL,'2020-06-21 14:21:29'),(600,'Purchased 70.0 unit of DALMIA PPC 50KG BAG - BOPP',NULL,'2020-06-21 14:21:58'),(601,'Purchased 70.0 unit of DALMIA PPC 50KG BAG - BOPP',NULL,'2020-06-21 14:22:27'),(602,'Purchased 70.0 unit of DALMIA PPC 50KG BAG - BOPP',NULL,'2020-06-21 14:27:19'),(603,'Purchased 70.0 unit of DALMIA PPC 50KG BAG - BOPP',NULL,'2020-06-21 14:28:11'),(604,'Purchased 100.0 unit of DALMIA PPC 50KG BAG - BOPP',NULL,'2020-06-21 14:28:40'),(605,'Purchased 65.0 unit of DALMIA PPC 50KG BAG - BOPP',NULL,'2020-06-21 14:29:06'),(606,'Purchased 44.0 unit of DALMIA PPC 50KG BAG - BOPP',NULL,'2020-06-21 14:29:25'),(607,'Purchased 21.0 unit of DALMIA PPC 50KG BAG - BOPP',NULL,'2020-06-21 14:30:15'),(608,'Purchased 70.0 unit of DALMIA PPC 50KG BAG - BOPP',NULL,'2020-06-21 14:31:26'),(609,'Purchased 65.0 unit of DALMIA PPC 50KG BAG - BOPP',NULL,'2020-06-21 14:31:58'),(610,'Purchased 58.0 unit of Dalmia DSP Concrete Expert',NULL,'2020-06-21 14:38:26'),(611,'Purchased 65.0 unit of DALMIA PPC 50KG BAG - BOPP',NULL,'2020-06-21 14:39:43'),(612,'Purchased 65.0 unit of DALMIA PPC 50KG BAG - BOPP',NULL,'2020-06-21 14:40:41'),(613,'Purchased 65.0 unit of DALMIA PPC 50KG BAG - BOPP',NULL,'2020-06-21 14:41:12'),(614,'Purchased 100.0 unit of OPC 53 grade 50KG HDPE White',NULL,'2020-06-21 14:42:23'),(615,'Purchased 65.0 unit of DALMIA PPC 50KG BAG - BOPP',NULL,'2020-06-21 14:42:54'),(616,'Purchased 50.0 unit of OPC 53 grade 50KG HDPE White',NULL,'2020-06-21 14:43:44'),(617,'Purchased 65.0 unit of DALMIA PPC 50KG BAG - BOPP',NULL,'2020-06-21 14:44:38'),(618,'Purchased 65.0 unit of DALMIA PPC 50KG BAG - BOPP',NULL,'2020-06-21 14:45:10'),(619,'Purchased 65.0 unit of DALMIA PPC 50KG BAG - BOPP',NULL,'2020-06-21 14:45:47'),(620,'Purchased 65.0 unit of DALMIA PPC 50KG BAG - BOPP',NULL,'2020-06-21 14:46:25'),(621,'Purchased 65.0 unit of DALMIA PPC 50KG BAG - BOPP',NULL,'2020-06-21 14:47:29'),(622,'Purchased 65.0 unit of DALMIA PPC 50KG BAG - BOPP',NULL,'2020-06-21 14:48:14'),(623,'Purchased 65.0 unit of DALMIA PPC 50KG BAG - BOPP',NULL,'2020-06-21 14:53:25'),(624,'Purchased 100.0 unit of OPC 53 grade 50KG HDPE White',NULL,'2020-06-21 14:54:35'),(625,'Purchased 65.0 unit of DALMIA PPC 50KG BAG - BOPP',NULL,'2020-06-21 14:57:35'),(626,'Purchased 23.0 unit of OPC 53 grade 50KG HDPE White',NULL,'2020-06-21 14:58:23'),(627,'Purchased 65.0 unit of DALMIA PPC 50KG BAG - BOPP',NULL,'2020-06-21 14:59:45'),(628,'Purchased 40.0 unit of OPC 53 grade 50KG HDPE White',NULL,'2020-06-21 15:01:22'),(629,'Purchased 37.0 unit of OPC 53 grade 50KG HDPE White',NULL,'2020-06-21 15:02:19'),(630,'Purchased 65.0 unit of DALMIA PPC 50KG BAG - BOPP',NULL,'2020-06-21 15:03:27'),(631,'Purchased 16.0 unit of DALMIA PPC 50KG BAG - BOPP',NULL,'2020-06-21 15:04:14'),(632,'Purchased 34.0 unit of DALMIA PPC 50KG BAG - BOPP',NULL,'2020-06-21 15:04:54'),(633,'Purchased 65.0 unit of DALMIA PPC 50KG BAG - BOPP',NULL,'2020-06-21 15:06:01'),(634,'Purchased 65.0 unit of DALMIA PPC 50KG BAG - BOPP',NULL,'2020-06-21 15:07:17'),(635,'Sold 10.0 unit of PPC Cement (Hebbal)',NULL,'2020-06-21 19:59:36'),(636,'Sold 10.0 unit of CHETTINAD CEMENT SLAG PAPER',NULL,'2020-06-21 20:00:43'),(637,'Sold 25.0 unit of RAMCO CEMENT PPC 50KG',NULL,'2020-06-21 20:01:38'),(638,'Sold 5.0 unit of CHETTINAD CEMENT SLAG PAPER',NULL,'2020-06-21 20:03:13'),(639,'Sold 50.0 unit of PPC Cement (Hebbal)',NULL,'2020-06-21 20:04:36'),(640,'Sold 10.0 unit of RAMCO CEMENT PPC 50KG',NULL,'2020-06-21 20:05:29'),(641,'Sold 20.0 unit of PPC Cement (Hebbal)',NULL,'2020-06-21 20:06:53'),(642,'Sold 15.0 unit of CHETTINAD CEMENT SLAG PAPER',NULL,'2020-06-21 20:19:35'),(643,'Sold 5.0 unit of PPC Cement (Hebbal)',NULL,'2020-06-21 20:20:50'),(644,'Sold 35.0 unit of PPC Cement (Hebbal)',NULL,'2020-06-21 20:21:41'),(645,'Sold 5.0 unit of RAMCO CEMENT PPC 50KG',NULL,'2020-06-21 20:22:48'),(646,'Sold 25.0 unit of PPC Cement (Hebbal)',NULL,'2020-06-21 20:23:49'),(647,'Sold 50.0 unit of PPC Cement (Hebbal)',NULL,'2020-06-21 20:24:42'),(648,'Sold 15.0 unit of PPC Cement (Hebbal)',NULL,'2020-06-21 20:26:21'),(649,'Sold 5.0 unit of PPC Cement (Hebbal)',NULL,'2020-06-21 20:26:59'),(650,'Sold 25.0 unit of PPC Cement (Hebbal)',NULL,'2020-06-21 20:27:38'),(651,'Sold 15.0 unit of PPC Cement (Hebbal)',NULL,'2020-06-21 20:28:17'),(652,'Sold 5.0 unit of PPC Cement (Hebbal)',NULL,'2020-06-21 20:29:29'),(653,'Sold 3.0 unit of PPC Cement (Hebbal)',NULL,'2020-06-21 20:31:18'),(654,'Sold 10.0 unit of RAMCO CEMENT PPC 50KG',NULL,'2020-06-21 20:32:10'),(655,'Sold 50.0 unit of PPC Cement (Hebbal)',NULL,'2020-06-21 20:33:30'),(656,'Sold 40.0 unit of PPC Cement (Hebbal)',NULL,'2020-06-21 20:34:46'),(657,'Sold 5.0 unit of PPC Cement (Hebbal)',NULL,'2020-06-21 20:35:18'),(658,'Sold 5.0 unit of PPC Cement (Hebbal)',NULL,'2020-06-21 20:36:16'),(659,'Sold 10.0 unit of PPC Cement (Hebbal)',NULL,'2020-06-21 20:37:03'),(660,'Sold 50.0 unit of PPC Cement (Hebbal)',NULL,'2020-06-21 20:38:18'),(661,'Sold 65.0 unit of PPC Cement (Hebbal)',NULL,'2020-06-21 20:39:17'),(662,'Sold 50.0 unit of CHETTINAD CEMENT SLAG PAPER',NULL,'2020-06-21 20:40:48'),(663,'Sold 50.0 unit of PPC Cement (Hebbal)',NULL,'2020-06-21 20:52:00'),(664,'Sold 50.0 unit of PPC Cement (Hebbal)',NULL,'2020-06-21 21:03:58'),(665,'Sold 25.0 unit of PPC Cement (Hebbal)',NULL,'2020-06-21 21:05:04'),(666,'Sold 50.0 unit of PPC Cement (Hebbal)',NULL,'2020-06-21 21:06:58'),(667,'Sold 50.0 unit of PPC Cement (Hebbal)',NULL,'2020-06-21 21:07:40'),(668,'Sold 25.0 unit of RAMCO CEMENT PPC 50KG',NULL,'2020-06-21 21:13:04'),(669,'Sold 50.0 unit of PPC Cement (Hebbal)',NULL,'2020-06-21 21:14:31'),(670,'Sold 50.0 unit of PPC Cement (Hebbal)',NULL,'2020-06-21 21:15:41'),(671,'Sold 50.0 unit of PPC Cement (Hebbal)',NULL,'2020-06-21 21:16:51'),(672,'Sold 10.0 unit of CHETTINAD CEMENT SLAG PAPER',NULL,'2020-06-21 21:17:45'),(673,'Sold 30.0 unit of PPC Cement (Hebbal)',NULL,'2020-06-21 21:18:29'),(674,'Sold 20.0 unit of PPC Cement (Hebbal)',NULL,'2020-06-21 21:19:53'),(675,'Sold 35.0 unit of PPC Cement (Hebbal)',NULL,'2020-06-21 21:20:43'),(676,'Sold 20.0 unit of PPC Cement (Hebbal)',NULL,'2020-06-21 21:21:41'),(677,'Sold 5.0 unit of RAMCO CEMENT PPC 50KG',NULL,'2020-06-21 21:22:33'),(678,'Sold 15.0 unit of PPC Cement (Hebbal)',NULL,'2020-06-21 21:23:15'),(679,'Sold 2.0 unit of PPC Cement (Hebbal)',NULL,'2020-06-21 21:23:50'),(680,'Sold 10.0 unit of DALMIA PPC 50KG BAG - BOPP',NULL,'2020-06-21 21:25:16'),(681,'Sold 100.0 unit of DALMIA PPC 50KG BAG - BOPP',NULL,'2020-06-21 21:26:21'),(682,'Sold 100.0 unit of DALMIA PPC 50KG BAG - BOPP',NULL,'2020-06-21 21:28:29'),(683,'Sold 100.0 unit of DALMIA PPC 50KG BAG - BOPP',NULL,'2020-06-21 21:31:00'),(684,'Sold 50.0 unit of DALMIA PPC 50KG BAG - BOPP',NULL,'2020-06-21 21:31:52'),(685,'Sold 100.0 unit of DALMIA PPC 50KG BAG - BOPP',NULL,'2020-06-21 21:33:59'),(686,'Sold 100.0 unit of DALMIA PPC 50KG BAG - BOPP',NULL,'2020-06-21 21:35:28'),(687,'Sold 30.0 unit of DALMIA PPC 50KG BAG - BOPP',NULL,'2020-06-21 21:36:14'),(688,'Sold 30.0 unit of DALMIA PPC 50KG BAG - BOPP',NULL,'2020-06-21 21:36:57'),(689,'Sold 50.0 unit of DALMIA PPC 50KG BAG - BOPP',NULL,'2020-06-21 21:37:39'),(690,'Sold 50.0 unit of DALMIA PPC 50KG BAG - BOPP',NULL,'2020-06-21 21:38:17'),(691,'Sold 50.0 unit of DALMIA PPC 50KG BAG - BOPP',NULL,'2020-06-21 21:39:05'),(692,'Sold 30.0 unit of DALMIA PPC 50KG BAG - BOPP',NULL,'2020-06-21 21:40:23'),(693,'Sold 70.0 unit of RAMCO CEMENT PPC 50KG',NULL,'2020-06-21 21:40:23'),(694,'Sold 50.0 unit of DALMIA PPC 50KG BAG - BOPP',NULL,'2020-06-21 21:42:09'),(695,'Sold 50.0 unit of DALMIA PPC 50KG BAG - BOPP',NULL,'2020-06-21 21:43:06'),(696,'Sold 100.0 unit of DALMIA PPC 50KG BAG - BOPP',NULL,'2020-06-21 21:44:01'),(697,'Sold 100.0 unit of DALMIA PPC 50KG BAG - BOPP',NULL,'2020-06-21 21:44:56'),(698,'Sold 30.0 unit of DALMIA PPC 50KG BAG - BOPP',NULL,'2020-06-21 21:46:52'),(699,'Sold 100.0 unit of DALMIA OPC53 50KG - HDPE',NULL,'2020-06-21 21:46:52'),(700,'Sold 50.0 unit of RAMCO CEMENT PPC 50KG',NULL,'2020-06-21 21:47:45'),(701,'Sold 70.0 unit of DALMIA PPC 50KG BAG - BOPP',NULL,'2020-06-21 21:49:03'),(702,'Sold 65.0 unit of DALMIA PPC 50KG BAG - BOPP',NULL,'2020-06-21 21:49:52'),(703,'Sold 100.0 unit of DALMIA PPC 50KG BAG - BOPP',NULL,'2020-06-21 21:52:21'),(704,'Sold 100.0 unit of DALMIA PPC 50KG BAG - BOPP',NULL,'2020-06-21 21:56:07'),(705,'Sold 50.0 unit of DALMIA PPC 50KG BAG - BOPP',NULL,'2020-06-21 21:57:07'),(706,'Sold 50.0 unit of DALMIA PPC 50KG BAG - BOPP',NULL,'2020-06-21 21:57:59'),(707,'Sold 100.0 unit of DALMIA PPC 50KG BAG - BOPP',NULL,'2020-06-21 21:58:32'),(708,'Sold 50.0 unit of DALMIA PPC 50KG BAG - BOPP',NULL,'2020-06-21 21:59:07'),(709,'Sold 65.0 unit of DALMIA PPC 50KG BAG - BOPP',NULL,'2020-06-21 21:59:53'),(710,'Sold 70.0 unit of DALMIA PPC 50KG BAG - BOPP',NULL,'2020-06-21 22:00:40'),(711,'Sold 65.0 unit of DALMIA PPC 50KG BAG - BOPP',NULL,'2020-06-21 22:01:11'),(712,'Sold 70.0 unit of DALMIA PPC 50KG BAG - BOPP',NULL,'2020-06-21 22:01:58'),(713,'Sold 80.0 unit of DALMIA PPC 50KG BAG - BOPP',NULL,'2020-06-21 22:02:27'),(714,'Sold 10.0 unit of Dalmia DSP Concrete Expert on Wed Jun 24 21:15:45 IST 2020 Bill Number-69',NULL,'2020-06-24 21:16:12'),(715,'Sold 10.0 unit of Dalmia DSP Concrete Expert on 24/06/2020 Bill Number-70',NULL,'2020-06-24 21:32:40'),(716,'Sold 5.0 unit of Dalmia DSP Concrete Expert on 24/06/2020 Bill Number-71','Sales','2020-06-24 21:37:36'),(717,'Sold 10.0 unit of DALMIA PPC 50KG BAG - BOPP on 24/06/2020 Bill Number-71','Sales','2020-06-24 21:37:36'),(718,'Sales Returned 5.0 unit of Dalmia DSP Concrete Expert with Bill Number-71 and Sales Date-24/06/2020','Sales Return','2020-06-24 21:39:13'),(719,'Sold 3.0 unit of Dalmia DSP Concrete Expert on 24/06/2020 Bill Number-72','Sales','2020-06-24 22:19:12'),(720,'Sold 2.0 unit of OPC 53 grade 50KG HDPE White on 24/06/2020 Bill Number-72','Sales','2020-06-24 22:19:12'),(721,'Sold 1.0 unit of DALMIA PPC 50KG BAG - BOPP on 24/06/2020 Bill Number-72','Sales','2020-06-24 22:19:12'),(722,'Purchased 3.0 unit of Dalmia DSP Concrete Expert',NULL,'2020-06-25 09:48:00'),(723,'Purchased 1.0 unit of DALMIA PPC 50KG BAG - BOPP',NULL,'2020-06-25 09:48:00'),(724,'Purchased 100.0 unit of Dalmia DSP Concrete Expert on 27/06/2020 Invoice Number-1111100','Purchase','2020-06-27 17:17:17'),(725,'Purchased 50.0 unit of RAMCO CEMENT PPC 50KG on 27/06/2020 Invoice Number-1111100','Purchase','2020-06-27 17:17:17'),(726,'Purchased 100.0 unit of DALMIA PPC 50KG BAG - BOPP on 28/06/2020 Invoice Number-121212','Purchase','2020-06-28 13:14:26'),(727,'Sold 10.0 unit of CHETTINAD CEMENT SLAG PAPER on 19/02/2020 Bill Number-73','Sales','2020-06-30 21:33:25'),(728,'Sold 3.0 unit of OPC 53 grade 50KG HDPE White on 19/02/2020 Bill Number-73','Sales','2020-06-30 21:33:25'),(729,'Sold 10.0 unit of DALMIA PPC 50KG BAG - BOPP on 19/02/2020 Bill Number-73','Sales','2020-06-30 21:33:25'),(730,'Sold 10.0 unit of DALMIA PPC 50KG BAG - BOPP on 19/02/2020 Bill Number-B-10','Sales','2020-06-30 21:34:00'),(731,'Sold 10.0 unit of DALMIA OPC53 50KG - HDPE on 19/02/2020 Bill Number-B-10','Sales','2020-06-30 21:34:00'),(732,'Sold 5.0 unit of OPC 53 grade 50KG HDPE White on 19/02/2020 Bill Number-B-10','Sales','2020-06-30 21:34:00'),(733,'Sold 10.0 unit of Dalmia DSP Concrete Expert on 01/07/2020 Bill Number-74','Sales','2020-07-01 08:24:48'),(734,'Sold 2.0 unit of RAMCO CEMENT PPC 50KG on 01/07/2020 Bill Number-74','Sales','2020-07-01 08:24:48'),(735,'Sales Returned 10.0 unit of DALMIA PPC 50KG BAG - BOPP with Bill Number-B-10 and Sales Date-19/02/2020','Sales Return','2020-07-02 16:51:19'),(736,'Sales Returned 3.0 unit of OPC 53 grade 50KG HDPE White with Bill Number-73 and Sales Date-19/02/2020','Sales Return','2020-07-02 16:51:44'),(737,'Purchase Returned 1.0 unit of DALMIA PPC 50KG BAG - BOPP with Bill Number-34534 and Sales Date-25/06/2020','Purchase Return','2020-07-02 17:25:10'),(738,'Purchase Returned 3.0 unit of Dalmia DSP Concrete Expert with Bill Number-34534 and Sales Date-25/06/2020','Purchase Return','2020-07-02 17:26:02'),(739,'Purchase Returned 100.0 unit of DALMIA PPC 50KG BAG - BOPP with Bill Number-121212 and Sales Date-28/06/2020','Purchase Return','2020-07-02 17:27:13'),(740,'Purchase Returned 50.0 unit of RAMCO CEMENT PPC 50KG with Bill Number-1111100 and Purchase Date-27/06/2020','Purchase Return','2020-07-02 17:38:24'),(741,'Purchased 6.0 unit of DALMIA PPC 50KG BAG - BOPP on 02/07/2020 Invoice Number-1200000','Purchase','2020-07-02 17:43:33'),(742,'Purchase Returned 6.0 unit of DALMIA PPC 50KG BAG - BOPP with Bill Number-1200000 and Purchase Date-02/07/2020','Purchase Return','2020-07-02 17:44:01'),(743,'Purchased 100.0 unit of PPC Cement (Hebbal) on 02/07/2020 Invoice Number-777777','Purchase','2020-07-02 17:52:46'),(744,'Purchased 100.0 unit of RAMCO CEMENT PPC 50KG on 02/07/2020 Invoice Number-777777','Purchase','2020-07-02 17:52:46'),(745,'Purchase Returned 100.0 unit of RAMCO CEMENT PPC 50KG with Bill Number-777777 and Purchase Date-02/07/2020','Purchase Return','2020-07-02 17:53:14'),(746,'Purchase Returned 100.0 unit of PPC Cement (Hebbal) with Bill Number-777777 and Purchase Date-02/07/2020','Purchase Return','2020-07-02 18:01:47'),(747,'Purchased 10.0 unit of CHETTINAD CEMENT SLAG PAPER on 02/07/2020 Invoice Number-88888','Purchase','2020-07-02 18:04:52'),(748,'Purchased 10.0 unit of RAMCO CEMENT PPC 50KG on 02/07/2020 Invoice Number-88888','Purchase','2020-07-02 18:04:52'),(749,'Purchased 10.0 unit of PPC Cement (Hebbal) on 02/07/2020 Invoice Number-88888','Purchase','2020-07-02 18:04:52'),(750,'Purchased 10.0 unit of Dalmia DSP Concrete Expert on 02/07/2020 Invoice Number-88888','Purchase','2020-07-02 18:04:52'),(751,'Purchase Returned 10.0 unit of Dalmia DSP Concrete Expert with Bill Number-88888 and Purchase Date-02/07/2020','Purchase Return','2020-07-02 18:05:15'),(752,'Purchase Returned 100.0 unit of Dalmia DSP Concrete Expert with Bill Number-1111100 and Purchase Date-27/06/2020','Purchase Return','2020-07-02 18:16:41'),(753,'Purchase Returned 10.0 unit of PPC Cement (Hebbal) with Bill Number-88888 and Purchase Date-02/07/2020','Purchase Return','2020-07-02 18:18:24'),(754,'Purchase Returned 65.0 unit of DALMIA PPC 50KG BAG - BOPP with Bill Number-8272360464 and Purchase Date-09/06/2020','Purchase Return','2020-07-02 18:18:56'),(755,'Sold 5.0 unit of PPC Cement (Hebbal) on 22/04/2020 Bill Number-62','Sales','2020-07-06 22:51:02'),(756,'Sold 10.0 unit of PPC Cement (Hebbal) on 22/04/2020 Bill Number-75','Sales','2020-07-06 22:52:23'),(757,'Sold 2.0 unit of DALMIA PPC 50KG BAG - BOPP on 22/04/2020 Bill Number-75','Sales','2020-07-06 22:52:23'),(758,'Sales Returned 2.0 unit of DALMIA PPC 50KG BAG - BOPP with Bill Number-75 and Sales Date-22/04/2020','Sales Return','2020-07-06 22:52:37'),(759,'Sold 2.0 unit of DALMIA PPC 50KG BAG - BOPP on 22/04/2020 Bill Number-75','Sales','2020-07-06 22:52:57'),(760,'Sold 4.0 unit of CHETTINAD CEMENT SLAG PAPER on 22/04/2020 Bill Number-75','Sales','2020-07-06 22:53:24'),(761,'Sold 18.0 unit of DALMIA PPC 50KG BAG - BOPP on 22/04/2020 Bill Number-62','Sales','2020-07-07 14:04:04'),(762,'Sales Returned 100.0 unit of DALMIA PPC 50KG BAG - BOPP with Bill Number-62 and Sales Date-22/04/2020','Sales Return','2020-07-07 14:04:04'),(763,'Sold 1.0 unit of PPC Cement (Hebbal) on 19/02/2020 Bill Number-73','Sales','2020-07-08 14:00:32'),(764,'Sold 100.0 unit of CHETTINAD CEMENT SLAG PAPER on 09/07/2020 Bill Number-B-11','Sales','2020-07-09 12:28:25'),(765,'Sold 50.0 unit of Dalmia DSP Concrete Expert on 09/07/2020 Bill Number-B-12','Sales','2020-07-09 12:28:53'),(766,'Sold 90.0 unit of DALMIA PPC 50KG BAG - BOPP on 09/07/2020 Bill Number-B-13','Sales','2020-07-09 12:29:26'),(767,'Sold 40.0 unit of DALMIA PPC 50KG BAG - BOPP on 09/07/2020 Bill Number-B-14','Sales','2020-07-09 13:13:07'),(768,'Sold 10.0 unit of DALMIA PPC 50KG BAG - BOPP on 09/07/2020 Bill Number-B-15','Sales','2020-07-09 13:35:37'),(769,'Sold 50.0 unit of PPC Cement (Hebbal) on 09/07/2020 Bill Number-B-16','Sales','2020-07-09 13:35:56'),(770,'Sold 5.0 unit of DALMIA OPC53 50KG - HDPE on 11/07/2020 Bill Number-B-17','Sales','2020-07-11 22:32:54'),(771,'Sold 10.0 unit of DALMIA PPC 50KG BAG - BOPP on 29/01/2020 Bill Number-76','Sales','2020-07-11 23:32:59'),(772,'Sold 1.0 unit of 7Star Rice 50KG Packet on 22/07/2020 Bill Number-76','Sales','2020-07-22 23:10:15'),(773,'Sold 1.0 unit of AVT Tea Powder_500gm on 22/07/2020 Bill Number-76','Sales','2020-07-22 23:10:15'),(774,'Sold 2.0 unit of Match Box_12pc Bundle on 22/07/2020 Bill Number-76','Sales','2020-07-22 23:10:15'),(775,'Sold 1.0 unit of Sugar on 22/07/2020 Bill Number-76','Sales','2020-07-22 23:10:15'),(776,'Sold 12.0 unit of Surf Excel Ew Powder (90G)  on 23/07/2020 Bill Number-77','Sales','2020-07-23 23:21:09'),(777,'Sold 15.0 unit of NS Kayam Tube (15G) on 23/07/2020 Bill Number-77','Sales','2020-07-23 23:21:09'),(778,'Sold 10.0 unit of Maggi (70G) on 23/07/2020 Bill Number-77','Sales','2020-07-23 23:21:09'),(779,'Sold 5.0 unit of Chappathi Half Cooked on 23/07/2020 Bill Number-77','Sales','2020-07-23 23:21:09'),(780,'Sales Returned 5.0 unit of Chappathi Half Cooked with Bill Number-77 and Sales Date-23/07/2020','Sales Return','2020-07-23 23:30:15'),(781,'Sales Returned 10.0 unit of Maggi (70G) with Bill Number-77 and Sales Date-23/07/2020','Sales Return','2020-07-24 09:10:08'),(782,'Sold 10.0 unit of Maggi (70G) on 23/07/2020 Bill Number-77','Sales','2020-07-24 14:10:28'),(783,'Sold 5.0 unit of Chappathi Half Cooked on 23/07/2020 Bill Number-77','Sales','2020-07-24 14:10:29'),(784,'Sales Returned 5.0 unit of Chappathi Half Cooked with Bill Number-77 and Sales Date-23/07/2020','Sales Return','2020-07-24 16:10:37'),(785,'Sold 1.0 unit of AVT Tea Powder_500gm on 23/07/2020 Bill Number-77','Sales','2020-07-24 16:13:09'),(786,'Sales Returned 5.0 unit of Chappathi Half Cooked with Bill Number-77 and Sales Date-23/07/2020','Sales Return','2020-07-24 16:13:10'),(787,'Sales Returned 1.0 unit of AVT Tea Powder_500gm with Bill Number-77 and Sales Date-23/07/2020','Sales Return','2020-07-24 16:14:05'),(788,'Sold 5.0 unit of Chappathi Half Cooked on 23/07/2020 Bill Number-77','Sales','2020-07-24 16:23:47'),(789,'Sold 2.0 unit of Urutt Uzhunnu 11 on 23/07/2020 Bill Number-77','Sales','2020-07-24 16:23:47'),(790,'Sold 5.0 unit of Payar 11 on 23/07/2020 Bill Number-77','Sales','2020-07-24 16:23:48'),(791,'Sold 1.0 unit of Poondu on 23/07/2020 Bill Number-77','Sales','2020-07-24 16:23:48'),(792,'Sold 1.0 unit of 7Star Jaya (5Kg) Kit on 23/07/2020 Bill Number-77','Sales','2020-07-24 16:23:48'),(793,'Sold 5.0 unit of Ajmi Puttu Podi (500) on 23/07/2020 Bill Number-77','Sales','2020-07-24 16:23:48'),(794,'Sold 10.0 unit of Fine Silky on 23/07/2020 Bill Number-77','Sales','2020-07-24 16:23:48'),(795,'Sold 3.0 unit of Vella Kadala on 23/07/2020 Bill Number-77','Sales','2020-07-24 16:23:48'),(796,'Sold 60.0 unit of Bingo on 23/07/2020 Bill Number-77','Sales','2020-07-24 16:56:55'),(797,'Sold 60.0 unit of Bingo on 23/07/2020 Bill Number-77','Sales','2020-07-24 16:56:56'),(798,'Sold 12.0 unit of LORA Soap 20/- on 23/07/2020 Bill Number-77','Sales','2020-07-24 16:56:56'),(799,'Sold 7.0 unit of Oreo Biscuit on 23/07/2020 Bill Number-77','Sales','2020-07-24 16:56:56'),(800,'Sold 5.0 unit of Abhiruchi Velichenna (500ml) on 23/07/2020 Bill Number-77','Sales','2020-07-24 16:56:56'),(801,'Sales Returned 60.0 unit of Bingo with Bill Number-77 and Sales Date-23/07/2020','Sales Return','2020-07-24 16:56:57'),(802,'Sales Returned 5.0 unit of Ajmi Puttu Podi (500) with Bill Number-77 and Sales Date-23/07/2020','Sales Return','2020-07-24 16:56:57'),(803,'Sold 5.0 unit of Ajmi Puttu Podi (500) on 23/07/2020 Bill Number-77','Sales','2020-07-24 17:03:14'),(804,'Sales Returned 60.0 unit of Bingo with Bill Number-77 and Sales Date-23/07/2020','Sales Return','2020-07-24 17:03:14'),(805,'Sold 1.0 unit of CHETTINAD CEMENT SLAG PAPER on 25/07/2020 Bill Number-78','Sales','2020-07-25 17:37:50'),(806,'Sold 1.0 unit of Surf Excel Ew Powder (90G)  on 25/07/2020 Bill Number-78','Sales','2020-07-25 17:37:50'),(807,'Sold 10.0 unit of Oreo Biscuit on 25/07/2020 Bill Number-78','Sales','2020-07-26 15:27:38'),(808,'Returned 50.0 unit of PPC Cement (Hebbal) with Bill Number-13 and Sales Date-11/01/2020','Bill Delete','2020-08-01 13:43:10'),(809,'Returned 25.0 unit of PPC Cement (Hebbal) with Bill Number-12 and Sales Date-09/01/2020','Bill Delete','2020-08-01 13:50:00'),(810,'Sold 2.0 unit of DALMIA PPC 50KG BAG - BOPP on 06/07/2021 Bill Number-79','Sales','2021-07-06 21:24:29'),(811,'Sold 5.0 unit of CHETTINAD CEMENT SLAG PAPER on 06/07/2021 Bill Number-B-17','Sales','2021-07-06 21:25:08'),(812,'Purchased 100.0 unit of CHETTINAD CEMENT SLAG PAPER on 14/08/2021 Invoice Number-5534','Purchase','2021-08-14 23:41:15'),(813,'Purchased 10.0 unit of Dalmia DSP Concrete Expert on 14/08/2021 Invoice Number-43434','Purchase','2021-08-14 23:41:40'),(814,'Sold 1.0 unit of PPC Cement (Hebbal) on 22/01/2020 Bill Number-22','Sales','2021-08-25 12:12:44'),(815,'Sales Returned 40.0 unit of PPC Cement (Hebbal) with Bill Number-22 and Sales Date-22/01/2020','Sales Return','2021-08-25 12:12:44'),(816,'Sold 10.0 unit of PPC Cement (Hebbal) on 14/01/2020 Bill Number-18','Sales','2021-08-25 12:41:17'),(817,'Sales Returned 5.0 unit of PPC Cement (Hebbal) with Bill Number-18 and Sales Date-14/01/2020','Sales Return','2021-08-25 12:41:17'),(818,'Sold 5.0 unit of DALMIA PPC 50KG BAG - BOPP on 24/01/2020 Bill Number-25','Sales','2021-08-25 12:43:59'),(819,'Sales Returned 10.0 unit of PPC Cement (Hebbal) with Bill Number-25 and Sales Date-24/01/2020','Sales Return','2021-08-25 12:43:59'),(820,'Sold 5.0 unit of RAMCO CEMENT PPC 50KG on 15/01/2020 Bill Number-20','Sales','2021-08-25 12:47:00'),(821,'Sales Returned 10.0 unit of RAMCO CEMENT PPC 50KG with Bill Number-20 and Sales Date-15/01/2020','Sales Return','2021-08-25 12:47:00'),(822,'Sold 10.0 unit of RAMCO CEMENT PPC 50KG on 15/01/2020 Bill Number-80','Sales','2021-08-25 12:47:29'),(823,'Sold 5.0 unit of DALMIA PPC 50KG BAG - BOPP on 25/08/2021 Bill Number-81','Sales','2021-08-25 12:49:15'),(824,'Sold 10.0 unit of PPC Cement (Hebbal) on 25/01/2020 Bill Number-26','Sales','2021-08-25 12:54:25'),(825,'Sales Returned 50.0 unit of PPC Cement (Hebbal) with Bill Number-26 and Sales Date-25/01/2020','Sales Return','2021-08-25 12:54:25'),(826,'Sold 10.0 unit of PPC Cement (Hebbal) on 25/08/2021 Bill Number-82','Sales','2021-08-25 12:54:44'),(827,'Sold 2.0 unit of CHETTINAD_1 on 09/12/2021 Bill Number-83','Sales','2021-12-09 18:32:45'),(828,'Sold 1.0 unit of DALMIA PPC 50KG BAG - BOPP on 09/12/2021 Bill Number-E-1','Sales','2021-12-09 18:42:15'),(829,'Sold 1.0 unit of CHETTINAD CEMENT SLAG PAPER on 09/12/2021 Bill Number-V-1','Sales','2021-12-09 19:00:39'),(830,'Sold 1.0 unit of CHETTINAD_1 on 09/12/2021 Bill Number-VB-1','Sales','2021-12-09 19:02:12'),(831,'Sold 2.0 unit of DALMIA PPC 50KG BAG - BOPP on 09/12/2021 Bill Number-84','Sales','2021-12-09 19:03:31'),(832,'Sold 50.0 unit of DALMIA PPC 50KG BAG - BOPP on 09/12/2021 Bill Number-B-18','Sales','2021-12-09 19:04:00'),(833,'Sold 2.0 unit of CHETTINAD CEMENT SLAG PAPER on 10/12/2021 Bill Number-VB-2','Sales','2021-12-10 07:57:53');

/*Table structure for table `audit_log` */

DROP TABLE IF EXISTS `audit_log`;

CREATE TABLE `audit_log` (
  `audit_id` bigint(20) NOT NULL AUTO_INCREMENT,
  `description` varchar(500) DEFAULT NULL,
  `create_ts` datetime DEFAULT CURRENT_TIMESTAMP,
  PRIMARY KEY (`audit_id`)
) ENGINE=InnoDB DEFAULT CHARSET=utf8;

/*Data for the table `audit_log` */

/*Table structure for table `customer` */

DROP TABLE IF EXISTS `customer`;

CREATE TABLE `customer` (
  `customer_id` bigint(20) NOT NULL AUTO_INCREMENT,
  `customer_name` varchar(200) DEFAULT NULL,
  `customer_phone` varchar(15) DEFAULT NULL,
  `address` varchar(500) DEFAULT NULL,
  PRIMARY KEY (`customer_id`)
) ENGINE=InnoDB AUTO_INCREMENT=11 DEFAULT CHARSET=utf8;

/*Data for the table `customer` */

insert  into `customer`(`customer_id`,`customer_name`,`customer_phone`,`address`) values (1,'New','9447819557','Kallambalam'),(2,'Biju','9946979019','Channarukonam: \nPh 9446979019'),(3,'NILACKAL TRADERS','9400000000','THYCADU, VENJARAMOODU.\n32ACKPH7670K1ZC'),(4,'RAKHI TRADERS','9400000000','VAMANAPURAM\n32BDGPD22359P1ZF'),(5,'BISMI ENTERPRISES','9400000000','VENJARAMOODU.\n32ANFPM9770R1Z6'),(6,'NOUSHAD','7559975735','KATTUCHANTHA\n7559975735'),(7,'SAJEEV','9846381919','KATTUCHANTHA\n9846381919'),(8,'SATHAR','9447958871','THALAVILA MUKKU\n9447958871'),(9,'NASEEM','9895336048','MANALIMUKKU,VENJARAMOODU.\n9895336048'),(10,'MANITHALI HOLLOW BRICKS','9400000001','VAMANAPURAM.\n32BPTPJ526F1ZP');

/*Table structure for table `day_book` */

DROP TABLE IF EXISTS `day_book`;

CREATE TABLE `day_book` (
  `day_book_id` bigint(20) NOT NULL AUTO_INCREMENT,
  `income_expense_id` bigint(20) DEFAULT NULL,
  `event_date` datetime DEFAULT NULL,
  `particular_name` varchar(100) DEFAULT NULL,
  `type` varchar(10) DEFAULT NULL,
  `credit_amount` double DEFAULT NULL,
  `debit_amount` double DEFAULT NULL,
  `remarks` varchar(200) DEFAULT NULL,
  `create_ts` datetime DEFAULT NULL,
  `update_ts` datetime DEFAULT NULL,
  PRIMARY KEY (`day_book_id`)
) ENGINE=InnoDB AUTO_INCREMENT=8 DEFAULT CHARSET=utf8;

/*Data for the table `day_book` */

insert  into `day_book`(`day_book_id`,`income_expense_id`,`event_date`,`particular_name`,`type`,`credit_amount`,`debit_amount`,`remarks`,`create_ts`,`update_ts`) values (1,8,'2019-12-19 00:00:00','Miscellaneous Expenses','Debit',0,24000,'Expense on purchase of plumbing and painting materials.\n(Inv : 1993, CITY Building Materials- Ponganadu)','2020-06-21 00:00:00','2020-06-21 00:00:00'),(2,24,'2019-12-21 00:00:00','Buying office furnitures and tools','Credit',12440,0,'Steel Tables 4X2 (3.Nos),\nChairman Classic Chair (8.Nos)\nBajaj C/F Edge (1 pc)\nInv No:A0059','2020-06-21 00:00:00','2020-06-21 00:00:00'),(3,8,'2020-03-10 00:00:00','Miscellaneous Expenses','Debit',0,7600,'Purchase of tyre & Tube\nArju Tyres, Attingal\nInv No:ARJ/7254/2019-20','2020-06-21 00:00:00',NULL),(5,24,'2020-01-24 00:00:00','Buying office furnitures, devices and tools','Credit',47500,0,'Computer Peripherals\n(Motherboard, processor, RAM, HDD etc)\nInv No:B67','2020-06-21 00:00:00',NULL),(6,24,'2020-01-06 00:00:00','Buying office furnitures, devices and tools','Credit',9300,0,'HP LaserJet Printer\nInv No: B62','2020-06-21 00:00:00',NULL),(7,7,'2020-06-27 00:00:00','Salaries','Debit',0,2340,'fdgfdg','2020-06-27 00:00:00',NULL);

/*Table structure for table `dsales` */

DROP TABLE IF EXISTS `dsales`;

CREATE TABLE `dsales` (
  `sales_id` bigint(20) NOT NULL AUTO_INCREMENT,
  `customer_id` bigint(20) DEFAULT NULL,
  `bill_number` varchar(20) NOT NULL,
  `bill_amount` double DEFAULT NULL,
  `discount` double DEFAULT NULL,
  `payable_amount` double DEFAULT NULL,
  `status` varchar(100) DEFAULT NULL,
  `balance_amount` double DEFAULT NULL,
  `sales_date` datetime DEFAULT NULL,
  `total_gst` double DEFAULT NULL,
  `sgst` double DEFAULT NULL,
  `cgst` double DEFAULT NULL,
  `gst_12` double DEFAULT NULL,
  `gst_18` double DEFAULT NULL,
  `gst_30` double DEFAULT NULL,
  `cess` double DEFAULT NULL,
  `create_ts` datetime DEFAULT NULL,
  `update_ts` datetime DEFAULT NULL,
  `customer_name` varchar(200) DEFAULT NULL,
  `amount_in_words` varchar(200) DEFAULT NULL,
  `round_off` double DEFAULT NULL,
  `taxable_at_5` double DEFAULT NULL,
  `taxable_at_12` double DEFAULT NULL,
  `taxable_at_18` double DEFAULT NULL,
  `taxable_at_0` double DEFAULT NULL,
  `taxable_at_28` double DEFAULT NULL,
  `gst_28` double DEFAULT NULL,
  `bill_type` varchar(10) DEFAULT NULL,
  `bill_seq_number` bigint(20) DEFAULT NULL,
  `vehicle_details` varchar(50) DEFAULT NULL,
  `shipping_address` varchar(200) DEFAULT NULL,
  `igst` double DEFAULT '0',
  PRIMARY KEY (`sales_id`)
) ENGINE=InnoDB AUTO_INCREMENT=2 DEFAULT CHARSET=utf8;

/*Data for the table `dsales` */

insert  into `dsales`(`sales_id`,`customer_id`,`bill_number`,`bill_amount`,`discount`,`payable_amount`,`status`,`balance_amount`,`sales_date`,`total_gst`,`sgst`,`cgst`,`gst_12`,`gst_18`,`gst_30`,`cess`,`create_ts`,`update_ts`,`customer_name`,`amount_in_words`,`round_off`,`taxable_at_5`,`taxable_at_12`,`taxable_at_18`,`taxable_at_0`,`taxable_at_28`,`gst_28`,`bill_type`,`bill_seq_number`,`vehicle_details`,`shipping_address`,`igst`) values (1,7,'E-1',500.52,0,501,'Credit',0,'2021-12-09 00:00:00',109.49,54.74,54.74,0,0,0,0,'2021-12-09 00:00:00','2021-12-09 18:42:27','SAJEEV, \nKATTUCHANTHA\n9846381919','Rupees Five Hundred One Only',0.4800000000000182,0,0,0,0,391.03,109.49,'Normal',1,'','',0);

/*Table structure for table `dsales_details` */

DROP TABLE IF EXISTS `dsales_details`;

CREATE TABLE `dsales_details` (
  `sales_details_id` bigint(20) NOT NULL AUTO_INCREMENT,
  `sales_id` bigint(20) NOT NULL,
  `hsn_code` varchar(50) DEFAULT NULL,
  `item_name` varchar(200) DEFAULT NULL,
  `unit_price` double DEFAULT NULL,
  `gst_percentage` double DEFAULT NULL,
  `gst_amount` double DEFAULT NULL,
  `quantity` double DEFAULT NULL,
  `gross_amount` double DEFAULT NULL,
  `discount` double DEFAULT NULL,
  `net_amount` double DEFAULT NULL,
  `item_id` bigint(20) DEFAULT NULL,
  `mrp` double DEFAULT NULL,
  PRIMARY KEY (`sales_details_id`),
  KEY `sales detail to item relation` (`hsn_code`),
  KEY `fk_sales` (`sales_id`)
) ENGINE=InnoDB AUTO_INCREMENT=2 DEFAULT CHARSET=utf8;

/*Data for the table `dsales_details` */

insert  into `dsales_details`(`sales_details_id`,`sales_id`,`hsn_code`,`item_name`,`unit_price`,`gst_percentage`,`gst_amount`,`quantity`,`gross_amount`,`discount`,`net_amount`,`item_id`,`mrp`) values (1,1,'25232930','DALMIA PPC 50KG BAG - BOPP',391.03,28,109.49,1,500.52,0,500.52,2235,NULL);

/*Table structure for table `gst` */

DROP TABLE IF EXISTS `gst`;

CREATE TABLE `gst` (
  `gst_id` int(11) NOT NULL AUTO_INCREMENT,
  `gst_value` double DEFAULT NULL,
  `sgst` double DEFAULT NULL,
  `cgst` double DEFAULT NULL,
  `description` varchar(200) DEFAULT NULL,
  PRIMARY KEY (`gst_id`)
) ENGINE=InnoDB AUTO_INCREMENT=6 DEFAULT CHARSET=utf8;

/*Data for the table `gst` */

insert  into `gst`(`gst_id`,`gst_value`,`sgst`,`cgst`,`description`) values (1,0,0,0,'GST@0%'),(2,18,9,9,'GST@18%'),(3,5,2.5,2.5,'GST@5%'),(4,28,14,14,'0%GST'),(5,12,6,6,'GST @ 12%');

/*Table structure for table `income_expense_line` */

DROP TABLE IF EXISTS `income_expense_line`;

CREATE TABLE `income_expense_line` (
  `income_expense_id` bigint(20) NOT NULL AUTO_INCREMENT,
  `income_expense_name` varchar(200) DEFAULT NULL,
  `type` varchar(15) DEFAULT NULL,
  `remarks` varchar(500) DEFAULT NULL,
  PRIMARY KEY (`income_expense_id`)
) ENGINE=InnoDB AUTO_INCREMENT=25 DEFAULT CHARSET=utf8;

/*Data for the table `income_expense_line` */

insert  into `income_expense_line`(`income_expense_id`,`income_expense_name`,`type`,`remarks`) values (1,'Electricity Charge','Debit',''),(2,'Provisions for bad of doubtful clients','Debit',''),(3,'Sales','Credit',''),(4,'Shop Rent','Debit',''),(5,'Purchase','Debit',''),(6,'Closing Stock','Credit',''),(7,'Salaries','Debit',''),(8,'Miscellaneous Expenses','Debit',''),(9,'Transportation Expense','Debit',''),(14,'Other Income','Credit',''),(24,'Buying office furnitures, devices and tools','Credit','It is considered as \ncredit since it has value.\nDepreciation on every year should \nbegiven as debit.');

/*Table structure for table `pricing_tier` */

DROP TABLE IF EXISTS `pricing_tier`;

CREATE TABLE `pricing_tier` (
  `id` bigint(20) NOT NULL AUTO_INCREMENT,
  `customer_type_name` varchar(200) DEFAULT NULL,
  `pricing_percentage` float DEFAULT NULL,
  `description` varchar(500) DEFAULT NULL,
  PRIMARY KEY (`id`)
) ENGINE=InnoDB AUTO_INCREMENT=4 DEFAULT CHARSET=utf8;

/*Data for the table `pricing_tier` */

insert  into `pricing_tier`(`id`,`customer_type_name`,`pricing_percentage`,`description`) values (1,'Normal',100,'Normal Customers'),(2,'Contractor',80,'Contractors'),(3,'B2B',100,'B2B Billing');

/*Table structure for table `product_category` */

DROP TABLE IF EXISTS `product_category`;

CREATE TABLE `product_category` (
  `product_category_id` bigint(20) NOT NULL AUTO_INCREMENT,
  `product_category_code` varchar(50) DEFAULT NULL,
  `product_category_name` varchar(200) DEFAULT NULL,
  PRIMARY KEY (`product_category_id`)
) ENGINE=InnoDB AUTO_INCREMENT=14 DEFAULT CHARSET=utf8;

/*Data for the table `product_category` */

insert  into `product_category`(`product_category_id`,`product_category_code`,`product_category_name`) values (11,'AGR','Agriculture'),(12,'PL','Plumbing'),(13,'002','Grocery');

/*Table structure for table `purchase` */

DROP TABLE IF EXISTS `purchase`;

CREATE TABLE `purchase` (
  `purchase_id` bigint(20) NOT NULL AUTO_INCREMENT,
  `supplier_id` bigint(20) DEFAULT NULL,
  `bill_number` varchar(20) NOT NULL,
  `bill_amount` double DEFAULT NULL,
  `discount` double DEFAULT NULL,
  `payable_amount` double DEFAULT NULL,
  `status` varchar(100) DEFAULT NULL,
  `balance_amount` double DEFAULT NULL,
  `purchase_date` datetime DEFAULT NULL,
  `total_gst` double DEFAULT NULL,
  `sgst` double DEFAULT NULL,
  `cgst` double DEFAULT NULL,
  `gst_12` double DEFAULT NULL,
  `gst_18` double DEFAULT NULL,
  `gst_30` double DEFAULT NULL,
  `cess` double DEFAULT NULL,
  `create_ts` datetime DEFAULT NULL,
  `update_ts` datetime DEFAULT NULL,
  PRIMARY KEY (`purchase_id`)
) ENGINE=InnoDB AUTO_INCREMENT=99 DEFAULT CHARSET=utf8;

/*Data for the table `purchase` */

insert  into `purchase`(`purchase_id`,`supplier_id`,`bill_number`,`bill_amount`,`discount`,`payable_amount`,`status`,`balance_amount`,`purchase_date`,`total_gst`,`sgst`,`cgst`,`gst_12`,`gst_18`,`gst_30`,`cess`,`create_ts`,`update_ts`) values (17,5,'AR-1',25875,0,25875,'Credit',0,'2019-12-30 00:00:00',5660.16,2830.08,2830.08,0,0,0,0,'2020-06-21 00:00:00','2021-08-14 23:41:59'),(18,1,'BB-116',28000,0,28000,'Paid',0,'2019-12-29 00:00:00',6125,3062.5,3062.5,0,0,0,0,'2020-06-21 00:00:00','2020-06-21 11:23:08'),(19,1,'155',140000,0,140000,'Paid',0,'2019-12-31 00:00:00',30625,15312.5,15312.5,0,0,0,0,'2020-06-21 00:00:00','2020-06-21 11:23:40'),(20,5,'173',140000,0,140000,'Paid',0,'2020-01-19 00:00:00',30625,15312.5,15312.5,0,0,0,0,'2020-06-21 00:00:00','2020-06-21 11:27:42'),(21,1,'8272332697',28984.5,0,28984.5,'Paid',0,'2020-02-19 00:00:00',6340.36,3170.18,3170.18,0,0,0,0,'2020-06-21 00:00:00','2020-06-21 12:24:16'),(22,1,'8272332703',57969,0,57969,'Paid',0,'2020-02-19 00:00:00',12680.72,6340.36,6340.36,0,0,0,0,'2020-06-21 00:00:00','2020-06-21 12:25:27'),(23,1,'8272333481',25119.9,0,25119.9,'Paid',0,'2020-02-21 00:00:00',5494.98,2747.49,2747.49,0,0,0,0,'2020-06-21 00:00:00','2020-06-21 12:26:58'),(24,1,'8272334212',25119.9,0,25119.9,'Paid',0,'2020-02-24 00:00:00',5494.98,2747.49,2747.49,0,0,0,0,'2020-06-21 00:00:00','2020-06-21 12:29:43'),(25,1,'8272334441',19709.46,0,19709.46,'Paid',0,'2020-02-24 00:00:00',4311.44,2155.72,2155.72,0,0,0,0,'2020-06-21 00:00:00','2020-06-21 12:30:47'),(26,1,'8272334456',5410.44,0,5410.44,'Paid',0,'2020-02-24 00:00:00',1183.53,591.76,591.76,0,0,0,0,'2020-06-21 00:00:00','2020-06-21 12:31:28'),(27,1,'8272335640',25119.9,0,25119.9,'Paid',0,'2020-02-27 00:00:00',5494.98,2747.49,2747.49,0,0,0,0,'2020-06-21 00:00:00','2020-06-21 12:32:38'),(28,1,'8272335918',23187.6,0,23187.6,'Paid',0,'2020-02-28 00:00:00',5072.29,2536.14,2536.14,0,0,0,0,'2020-06-21 00:00:00','2020-06-21 12:33:17'),(29,1,'8272336571',11593.8,0,11593.8,'Paid',0,'2020-02-29 00:00:00',2536.14,1268.07,1268.07,0,0,0,0,'2020-06-21 00:00:00','2020-06-21 12:34:00'),(30,1,'BB-222',18250,0,18250,'Paid',0,'2020-02-28 00:00:00',3992.19,1996.1,1996.1,0,0,0,0,'2020-06-21 00:00:00','2020-06-21 12:35:30'),(31,1,'8272344738',26419.25,0,26419,'Paid',0,'2020-03-23 00:00:00',5779.21,2889.61,2889.61,0,0,0,0,'2020-06-21 00:00:00','2020-06-27 17:15:06'),(32,1,'8272344707',26419.25,0,26419.25,'Paid',0,'2020-03-23 00:00:00',5779.21,2889.61,2889.61,0,0,0,0,'2020-06-21 00:00:00','2020-06-21 12:40:05'),(33,1,'8272344617',26419.25,0,26419.25,'Paid',0,'2020-03-23 00:00:00',5779.21,2889.61,2889.61,0,0,0,0,'2020-06-21 00:00:00','2020-06-21 12:41:08'),(34,1,'8272343508',12193.5,0,12193.5,'Paid',0,'2020-03-20 00:00:00',2667.33,1333.66,1333.66,0,0,0,0,'2020-06-21 00:00:00','2020-06-21 12:42:23'),(35,1,'8272342985',28451.5,0,28451.5,'Paid',0,'2020-03-19 00:00:00',6223.77,3111.89,3111.89,0,0,0,0,'2020-06-21 00:00:00','2020-06-21 12:43:12'),(36,1,'8272342363',28451.5,0,28451.5,'Paid',0,'2020-03-18 00:00:00',6223.77,3111.89,3111.89,0,0,0,0,'2020-06-21 00:00:00','2020-06-21 12:48:38'),(37,1,'8272342259',12193.5,0,12194,'Paid',0,'2020-03-17 00:00:00',2667.33,1333.66,1333.66,0,0,0,0,'2020-06-21 00:00:00','2020-06-27 17:12:25'),(38,1,'8272341981',28451.5,0,28452,'Paid',0,'2020-03-17 00:00:00',6223.77,3111.89,3111.89,0,0,0,0,'2020-06-21 00:00:00','2020-06-27 17:23:26'),(39,1,'8272341922',28451.5,0,28451.5,'Paid',0,'2020-03-17 00:00:00',6223.77,3111.89,3111.89,0,0,0,0,'2020-06-21 00:00:00','2020-06-21 12:50:27'),(40,1,'8272341226',28451.5,0,28451.5,'Paid',0,'2020-03-14 00:00:00',6223.77,3111.89,3111.89,0,0,0,0,'2020-06-21 00:00:00','2020-06-21 12:51:08'),(41,1,'8272341131',40645,0,40645,'Paid',0,'2020-03-14 00:00:00',8891.09,4445.55,4445.55,0,0,0,0,'2020-06-21 00:00:00','2020-06-21 12:51:49'),(42,1,'8272341043',16258,0,16258,'Paid',0,'2020-03-14 00:00:00',3556.44,1778.22,1778.22,0,0,0,0,'2020-06-21 00:00:00','2020-06-21 12:52:24'),(43,1,'8272340751',20322.5,0,20322.5,'Paid',0,'2020-03-13 00:00:00',4445.55,2222.78,2222.78,0,0,0,0,'2020-06-21 00:00:00','2020-06-21 12:52:52'),(44,4,'BB-277',25200,0,25200,'Paid',0,'2020-03-12 00:00:00',5512.5,2756.25,2756.25,0,0,0,0,'2020-06-21 00:00:00','2020-06-21 12:54:02'),(45,1,'8272340387',28451.5,0,28451.5,'Paid',0,'2020-03-12 00:00:00',6223.77,3111.89,3111.89,0,0,0,0,'2020-06-21 00:00:00','2020-06-21 12:54:39'),(46,1,'8272339926',28451.5,0,28451.5,'Paid',0,'2020-03-11 00:00:00',6223.77,3111.89,3111.89,0,0,0,0,'2020-06-21 00:00:00','2020-06-21 12:55:30'),(47,1,'8272339478',28451.5,0,28451.5,'Paid',0,'2020-03-10 00:00:00',6223.77,3111.89,3111.89,0,0,0,0,'2020-06-21 00:00:00','2020-06-21 12:55:56'),(48,1,'8272339079',28451.5,0,28451.5,'Paid',0,'2020-03-09 00:00:00',6223.77,3111.89,3111.89,0,0,0,0,'2020-06-21 00:00:00','2020-06-21 12:56:20'),(49,1,'8272339219',28451.5,0,28451.5,'Paid',0,'2020-03-09 00:00:00',6223.77,3111.89,3111.89,0,0,0,0,'2020-06-21 00:00:00','2020-06-21 12:56:53'),(50,1,'8272337557',26419.25,0,26419.25,'Paid',0,'2020-03-03 00:00:00',5779.21,2889.61,2889.61,0,0,0,0,'2020-06-21 00:00:00','2020-06-21 12:57:28'),(51,1,'8272345274',26419.25,0,26419.25,'Paid',0,'2020-04-24 00:00:00',5779.21,2889.61,2889.61,0,0,0,0,'2020-06-21 00:00:00','2020-06-21 14:17:55'),(52,1,'8272345611',28451.5,0,28451.5,'Paid',0,'2020-04-28 00:00:00',6223.77,3111.89,3111.89,0,0,0,0,'2020-06-21 00:00:00','2020-06-21 14:18:37'),(53,1,'8272345684',812.9,0,812.9,'Paid',0,'2020-04-28 00:00:00',177.82,88.91,88.91,0,0,0,0,'2020-06-21 00:00:00','2020-06-21 14:19:57'),(54,1,'8272345690',25606.35,0,25606.35,'Paid',0,'2020-04-28 00:00:00',5601.39,2800.7,2800.7,0,0,0,0,'2020-06-21 00:00:00','2020-06-21 14:20:47'),(55,1,'8272345959',28451.5,0,28451.5,'Paid',0,'2020-04-30 00:00:00',6223.77,3111.89,3111.89,0,0,0,0,'2020-06-21 00:00:00','2020-06-21 14:21:29'),(56,1,'8272346083',28451.5,0,28451.5,'Paid',0,'2020-04-30 00:00:00',6223.77,3111.89,3111.89,0,0,0,0,'2020-06-21 00:00:00','2020-06-21 14:21:58'),(57,1,'8272346098',28451.5,0,28451.5,'Paid',0,'2020-04-30 00:00:00',6223.77,3111.89,3111.89,0,0,0,0,'2020-06-21 00:00:00','2020-06-21 14:22:26'),(58,1,'8272346522',29151.5,0,29151.5,'Paid',0,'2020-05-04 00:00:00',6376.89,3188.45,3188.45,0,0,0,0,'2020-06-21 00:00:00','2020-06-21 14:27:19'),(59,1,'8272346639',29151.5,0,29151.5,'Paid',0,'2020-05-04 00:00:00',6376.89,3188.45,3188.45,0,0,0,0,'2020-06-21 00:00:00','2020-06-21 14:28:11'),(60,1,'8272346659',41645,0,41645,'Paid',0,'2020-05-04 00:00:00',9109.84,4554.92,4554.92,0,0,0,0,'2020-06-21 00:00:00','2020-06-21 14:28:39'),(61,1,'8272346768',27069.25,0,27069.25,'Paid',0,'2020-05-04 00:00:00',5921.4,2960.7,2960.7,0,0,0,0,'2020-06-21 00:00:00','2020-06-21 14:29:06'),(62,1,'8272346969',18323.8,0,18323.8,'Paid',0,'2020-05-05 00:00:00',4008.33,2004.16,2004.16,0,0,0,0,'2020-06-21 00:00:00','2020-06-21 14:29:25'),(63,1,'8272346975',8745.45,0,8745.45,'Paid',0,'2020-05-05 00:00:00',1913.07,956.53,956.53,0,0,0,0,'2020-06-21 00:00:00','2020-06-21 14:30:14'),(64,1,'8272347084',29151.5,0,29151.5,'Paid',0,'2020-05-05 00:00:00',6376.89,3188.45,3188.45,0,0,0,0,'2020-06-21 00:00:00','2020-06-21 14:31:26'),(65,1,'8272347191',27069.25,0,27069.25,'Paid',0,'2020-05-05 00:00:00',5921.4,2960.7,2960.7,0,0,0,0,'2020-06-21 00:00:00','2020-06-21 14:31:58'),(66,1,'8272347718',25894.1,0,25894.1,'Paid',0,'2020-05-07 00:00:00',5664.33,2832.16,2832.16,0,0,0,0,'2020-06-21 00:00:00','2020-06-21 14:38:26'),(67,1,'8272348296',27069.25,0,27069.25,'Paid',0,'2020-05-08 00:00:00',5921.4,2960.7,2960.7,0,0,0,0,'2020-06-21 00:00:00','2020-06-21 14:39:43'),(68,1,'8272349362',27069.25,0,27069.25,'Paid',0,'2020-05-11 00:00:00',5921.4,2960.7,2960.7,0,0,0,0,'2020-06-21 00:00:00','2020-06-21 14:40:41'),(69,1,'8272350712',27069.25,0,27069.25,'Paid',0,'2020-05-14 00:00:00',5921.4,2960.7,2960.7,0,0,0,0,'2020-06-21 00:00:00','2020-06-21 14:41:11'),(70,1,'8272350721',41645,0,41645,'Paid',0,'2020-05-14 00:00:00',9109.84,4554.92,4554.92,0,0,0,0,'2020-06-21 00:00:00','2020-06-21 14:42:23'),(71,1,'8272350908',27069.25,0,27069.25,'Paid',0,'2020-05-14 00:00:00',5921.4,2960.7,2960.7,0,0,0,0,'2020-06-21 00:00:00','2020-06-21 14:42:54'),(72,1,'8272351014',20822.5,0,20822.5,'Paid',0,'2020-05-14 00:00:00',4554.92,2277.46,2277.46,0,0,0,0,'2020-06-21 00:00:00','2020-06-21 14:43:43'),(73,1,'8272352320',27069.25,0,27069.25,'Paid',0,'2020-05-18 00:00:00',5921.4,2960.7,2960.7,0,0,0,0,'2020-06-21 00:00:00','2020-06-21 14:44:38'),(74,1,'8272353395',27069.25,0,27069.25,'Paid',0,'2020-05-21 00:00:00',5921.4,2960.7,2960.7,0,0,0,0,'2020-06-21 00:00:00','2020-06-21 14:45:10'),(75,1,'8272354330',27069.25,0,27069.25,'Paid',0,'2020-05-23 00:00:00',5921.4,2960.7,2960.7,0,0,0,0,'2020-06-21 00:00:00','2020-06-21 14:45:46'),(76,1,'8272355319',27069.25,0,27069.25,'Paid',0,'2020-05-26 00:00:00',5921.4,2960.7,2960.7,0,0,0,0,'2020-06-21 00:00:00','2020-06-21 14:46:25'),(77,1,'8272356178',27069.25,0,27069.25,'Paid',0,'2020-05-28 00:00:00',5921.4,2960.7,2960.7,0,0,0,0,'2020-06-21 00:00:00','2020-06-21 14:47:29'),(78,1,'8272356036',27069.25,0,27069.25,'Paid',0,'2020-05-28 00:00:00',5921.4,2960.7,2960.7,0,0,0,0,'2020-06-21 00:00:00','2020-06-21 14:48:14'),(79,1,'8272359378',27111.5,0,27111.5,'Paid',0,'2020-06-06 00:00:00',5930.64,2965.32,2965.32,0,0,0,0,'2020-06-21 00:00:00','2020-06-21 14:53:25'),(80,1,'8272359759',41645,0,41645,'Paid',0,'2020-06-08 00:00:00',9109.84,4554.92,4554.92,0,0,0,0,'2020-06-21 00:00:00','2020-06-30 20:19:26'),(81,1,'8272359772',27069.25,0,27069.25,'Paid',0,'2020-06-08 00:00:00',5921.4,2960.7,2960.7,0,0,0,0,'2020-06-21 00:00:00','2020-06-21 14:57:35'),(82,1,'8272360151',9578.35,0,9578.35,'Paid',0,'2020-06-09 00:00:00',2095.26,1047.63,1047.63,0,0,0,0,'2020-06-21 00:00:00','2020-06-21 14:58:22'),(83,1,'8272360301',27069.25,0,27069.25,'Paid',0,'2020-06-09 00:00:00',5921.4,2960.7,2960.7,0,0,0,0,'2020-06-21 00:00:00','2020-06-21 14:59:45'),(84,1,'8272360397',16684,0,16684,'Paid',0,'2020-06-09 00:00:00',3649.62,1824.81,1824.81,0,0,0,0,'2020-06-21 00:00:00','2020-06-21 15:01:22'),(85,1,'8272360408',15432.7,0,15432.7,'Paid',0,'2020-06-09 00:00:00',3375.9,1687.95,1687.95,0,0,0,0,'2020-06-21 00:00:00','2020-06-21 15:02:19'),(87,1,'8272361692',6663.2,0,6663.2,'Paid',0,'2020-06-13 00:00:00',1457.58,728.79,728.79,0,0,0,0,'2020-06-21 00:00:00','2020-06-21 15:04:14'),(88,1,'8272361689',14159.3,0,14159.3,'Paid',0,'2020-06-13 00:00:00',3097.35,1548.67,1548.67,0,0,0,0,'2020-06-21 00:00:00','2020-06-21 15:04:54'),(89,1,'8272362408',27069.25,0,27069.25,'Paid',0,'2020-06-16 00:00:00',5921.4,2960.7,2960.7,0,0,0,0,'2020-06-21 00:00:00','2020-06-21 15:06:01'),(90,1,'8272363284',27069.25,0,27069.25,'Paid',0,'2020-06-18 00:00:00',5921.4,2960.7,2960.7,0,0,0,0,'2020-06-21 00:00:00','2020-06-21 15:07:17'),(91,4,'34534',0,0,0,'Paid',0,'2020-06-25 00:00:00',0,0,0,0,0,0,0,'2020-06-25 00:00:00','2020-07-02 17:26:02'),(92,1,'1111100',0,0,0,'Paid',0,'2020-06-27 00:00:00',0,0,0,0,0,0,0,'2020-06-27 00:00:00','2020-07-02 18:16:41'),(93,4,'121212',0,0,0,'Paid',0,'2020-06-28 00:00:00',0,0,0,0,0,0,0,'2020-06-28 00:00:00','2020-07-02 17:27:13'),(94,2,'1200000',0,0,0,'Paid',0,'2020-07-02 00:00:00',0,0,0,0,0,0,0,'2020-07-02 00:00:00','2020-07-02 17:44:01'),(95,1,'777777',0,0,0,'Paid',0,'2020-07-02 00:00:00',0,0,0,0,0,0,0,'2020-07-02 00:00:00','2020-07-02 18:01:47'),(96,1,'88888',6950,0,6950,'Paid',0,'2020-07-02 00:00:00',1520.31,760.15,760.15,0,0,0,0,'2020-07-02 00:00:00','2020-07-02 18:18:24'),(97,4,'5534',34500,0,34500,'Paid',0,'2021-08-14 00:00:00',7546.88,3773.44,3773.44,0,0,0,0,'2021-08-14 00:00:00','2021-08-14 23:41:15'),(98,2,'43434',4464.5,0,4465,'Paid',0,'2021-08-14 00:00:00',976.61,488.31,488.31,0,0,0,0,'2021-08-14 00:00:00','2021-08-14 23:42:19');

/*Table structure for table `purchase_details` */

DROP TABLE IF EXISTS `purchase_details`;

CREATE TABLE `purchase_details` (
  `purchase_details_id` bigint(20) NOT NULL AUTO_INCREMENT,
  `purchase_id` bigint(20) NOT NULL,
  `hsn_code` varchar(50) DEFAULT NULL,
  `item_name` varchar(200) DEFAULT NULL,
  `unit_price` double DEFAULT NULL,
  `gst_percentage` double DEFAULT NULL,
  `gst_amount` double DEFAULT NULL,
  `quantity` double DEFAULT NULL,
  `gross_amount` double DEFAULT NULL,
  `discount` double DEFAULT NULL,
  `net_amount` double DEFAULT NULL,
  `item_id` bigint(20) DEFAULT NULL,
  PRIMARY KEY (`purchase_details_id`),
  KEY `fk_purchase` (`purchase_id`),
  CONSTRAINT `fk_purchase` FOREIGN KEY (`purchase_id`) REFERENCES `purchase` (`purchase_id`) ON DELETE NO ACTION ON UPDATE NO ACTION
) ENGINE=InnoDB AUTO_INCREMENT=152 DEFAULT CHARSET=utf8;

/*Data for the table `purchase_details` */

insert  into `purchase_details`(`purchase_details_id`,`purchase_id`,`hsn_code`,`item_name`,`unit_price`,`gst_percentage`,`gst_amount`,`quantity`,`gross_amount`,`discount`,`net_amount`,`item_id`) values (66,17,'25232940','CHETTINAD CEMENT SLAG PAPER',269.53,28,5660.16,75,25875,0,25875,2232),(67,18,'25232930','RAMCO CEMENT PPC 50KG',273.44,28,6125,80,28000,0,28000,2233),(68,19,'2523','PPC Cement (Hebbal)',218.75,28,30625,500,140000,0,140000,2234),(69,20,'2523','PPC Cement (Hebbal)',218.75,28,30625,500,140000,0,140000,2234),(70,21,'25232930','DALMIA PPC 50KG BAG - BOPP',301.92,28,6340.36,75,28984.5,0,28984.5,2235),(71,22,'25232910','DALMIA OPC53 50KG - HDPE',301.92,28,12680.72,150,57969,0,57969,2236),(72,23,'25232930','DALMIA PPC 50KG BAG - BOPP',301.92,28,5494.98,65,25119.9,0,25119.9,2235),(73,24,'25232930','DALMIA PPC 50KG BAG - BOPP',301.92,28,5494.98,65,25119.9,0,25119.9,2235),(74,25,'25232930','DALMIA PPC 50KG BAG - BOPP',301.92,28,4311.44,51,19709.46,0,19709.46,2235),(75,26,'25232930','DALMIA PPC 50KG BAG - BOPP',301.92,28,1183.53,14,5410.44,0,5410.44,2235),(76,27,'25232930','DALMIA PPC 50KG BAG - BOPP',301.92,28,5494.98,65,25119.9,0,25119.9,2235),(77,28,'25232930','DALMIA PPC 50KG BAG - BOPP',301.92,28,5072.29,60,23187.6,0,23187.6,2235),(78,29,'25232930','DALMIA PPC 50KG BAG - BOPP',301.92,28,2536.14,30,11593.8,0,11593.8,2235),(79,30,'25232930','RAMCO CEMENT PPC 50KG',285.16,28,3992.19,50,18250,0,18250,2233),(80,31,'25232930','DALMIA PPC 50KG BAG - BOPP',317.54,28,5779.21,65,26419.25,0,26419.25,2235),(81,32,'25232930','DALMIA PPC 50KG BAG - BOPP',317.54,28,5779.21,65,26419.25,0,26419.25,2235),(82,33,'25232930','DALMIA PPC 50KG BAG - BOPP',317.54,28,5779.21,65,26419.25,0,26419.25,2235),(83,34,'25232930','DALMIA PPC 50KG BAG - BOPP',317.54,28,2667.33,30,12193.5,0,12193.5,2235),(84,35,'25232930','DALMIA PPC 50KG BAG - BOPP',317.54,28,6223.77,70,28451.5,0,28451.5,2235),(85,36,'25232930','DALMIA PPC 50KG BAG - BOPP',317.54,28,6223.77,70,28451.5,0,28451.5,2235),(86,37,'25232930','DALMIA PPC 50KG BAG - BOPP',317.54,28,2667.33,30,12193.5,0,12193.5,2235),(87,38,'25232930','DALMIA PPC 50KG BAG - BOPP',317.54,28,6223.77,70,28451.5,0,28451.5,2235),(88,39,'25232930','DALMIA PPC 50KG BAG - BOPP',317.54,28,6223.77,70,28451.5,0,28451.5,2235),(89,40,'25232930','DALMIA PPC 50KG BAG - BOPP',317.54,28,6223.77,70,28451.5,0,28451.5,2235),(90,41,'25232930','DALMIA PPC 50KG BAG - BOPP',317.54,28,8891.09,100,40645,0,40645,2235),(91,42,'25232930','DALMIA PPC 50KG BAG - BOPP',317.54,28,3556.44,40,16258,0,16258,2235),(92,43,'25232930','DALMIA PPC 50KG BAG - BOPP',317.54,28,4445.55,50,20322.5,0,20322.5,2235),(93,44,'25232930','RAMCO CEMENT PPC 50KG',281.25,28,5512.5,70,25200,0,25200,2233),(94,45,'25232930','DALMIA PPC 50KG BAG - BOPP',317.54,28,6223.77,70,28451.5,0,28451.5,2235),(95,46,'25232930','DALMIA PPC 50KG BAG - BOPP',317.54,28,6223.77,70,28451.5,0,28451.5,2235),(96,47,'25232930','DALMIA PPC 50KG BAG - BOPP',317.54,28,6223.77,70,28451.5,0,28451.5,2235),(97,48,'25232930','DALMIA PPC 50KG BAG - BOPP',317.54,28,6223.77,70,28451.5,0,28451.5,2235),(98,49,'25232930','DALMIA PPC 50KG BAG - BOPP',317.54,28,6223.77,70,28451.5,0,28451.5,2235),(99,50,'25232930','DALMIA PPC 50KG BAG - BOPP',317.54,28,5779.21,65,26419.25,0,26419.25,2235),(100,51,'25232930','DALMIA PPC 50KG BAG - BOPP',317.54,28,5779.21,65,26419.25,0,26419.25,2235),(101,52,'25232930','DALMIA PPC 50KG BAG - BOPP',317.54,28,6223.77,70,28451.5,0,28451.5,2235),(102,53,'25232930','DALMIA PPC 50KG BAG - BOPP',317.54,28,177.82,2,812.9,0,812.9,2235),(103,54,'25232930','DALMIA PPC 50KG BAG - BOPP',317.54,28,5601.39,63,25606.35,0,25606.35,2235),(104,55,'25232930','DALMIA PPC 50KG BAG - BOPP',317.54,28,6223.77,70,28451.5,0,28451.5,2235),(105,56,'25232930','DALMIA PPC 50KG BAG - BOPP',317.54,28,6223.77,70,28451.5,0,28451.5,2235),(106,57,'25232930','DALMIA PPC 50KG BAG - BOPP',317.54,28,6223.77,70,28451.5,0,28451.5,2235),(107,58,'25232930','DALMIA PPC 50KG BAG - BOPP',325.35,28,6376.89,70,29151.5,0,29151.5,2235),(108,59,'25232930','DALMIA PPC 50KG BAG - BOPP',325.35,28,6376.89,70,29151.5,0,29151.5,2235),(109,60,'25232930','DALMIA PPC 50KG BAG - BOPP',325.35,28,9109.84,100,41645,0,41645,2235),(110,61,'25232930','DALMIA PPC 50KG BAG - BOPP',325.35,28,5921.4,65,27069.25,0,27069.25,2235),(111,62,'25232930','DALMIA PPC 50KG BAG - BOPP',325.35,28,4008.33,44,18323.8,0,18323.8,2235),(112,63,'25232930','DALMIA PPC 50KG BAG - BOPP',325.35,28,1913.07,21,8745.45,0,8745.45,2235),(113,64,'25232930','DALMIA PPC 50KG BAG - BOPP',325.35,28,6376.89,70,29151.5,0,29151.5,2235),(114,65,'25232930','DALMIA PPC 50KG BAG - BOPP',325.35,28,5921.4,65,27069.25,0,27069.25,2235),(115,66,'25232930','Dalmia DSP Concrete Expert',348.79,28,5664.33,58,25894.1,0,25894.1,2237),(116,67,'25232930','DALMIA PPC 50KG BAG - BOPP',325.35,28,5921.4,65,27069.25,0,27069.25,2235),(117,68,'25232930','DALMIA PPC 50KG BAG - BOPP',325.35,28,5921.4,65,27069.25,0,27069.25,2235),(118,69,'25232930','DALMIA PPC 50KG BAG - BOPP',325.35,28,5921.4,65,27069.25,0,27069.25,2235),(119,70,'25232910','OPC 53 grade 50KG HDPE White',325.35,28,9109.84,100,41645,0,41645,2238),(120,71,'25232930','DALMIA PPC 50KG BAG - BOPP',325.35,28,5921.4,65,27069.25,0,27069.25,2235),(121,72,'25232910','OPC 53 grade 50KG HDPE White',325.35,28,4554.92,50,20822.5,0,20822.5,2238),(122,73,'25232930','DALMIA PPC 50KG BAG - BOPP',325.35,28,5921.4,65,27069.25,0,27069.25,2235),(123,74,'25232930','DALMIA PPC 50KG BAG - BOPP',325.35,28,5921.4,65,27069.25,0,27069.25,2235),(124,75,'25232930','DALMIA PPC 50KG BAG - BOPP',325.35,28,5921.4,65,27069.25,0,27069.25,2235),(125,76,'25232930','DALMIA PPC 50KG BAG - BOPP',325.35,28,5921.4,65,27069.25,0,27069.25,2235),(126,77,'25232930','DALMIA PPC 50KG BAG - BOPP',325.35,28,5921.4,65,27069.25,0,27069.25,2235),(127,78,'25232930','DALMIA PPC 50KG BAG - BOPP',325.35,28,5921.4,65,27069.25,0,27069.25,2235),(128,79,'25232930','DALMIA PPC 50KG BAG - BOPP',325.86,28,5930.64,65,27111.5,0,27111.5,2235),(129,80,'25232910','OPC 53 grade 50KG HDPE White',325.35,28,9109.84,100,41645,0,41645,2238),(130,81,'25232930','DALMIA PPC 50KG BAG - BOPP',325.35,28,5921.4,65,27069.25,0,27069.25,2235),(131,82,'25232910','OPC 53 grade 50KG HDPE White',325.35,28,2095.26,23,9578.35,0,9578.35,2238),(132,83,'25232930','DALMIA PPC 50KG BAG - BOPP',325.35,28,5921.4,65,27069.25,0,27069.25,2235),(133,84,'25232910','OPC 53 grade 50KG HDPE White',325.86,28,3649.62,40,16684,0,16684,2238),(134,85,'25232910','OPC 53 grade 50KG HDPE White',325.86,28,3375.9,37,15432.7,0,15432.7,2238),(136,87,'25232930','DALMIA PPC 50KG BAG - BOPP',325.35,28,1457.58,16,6663.2,0,6663.2,2235),(137,88,'25232930','DALMIA PPC 50KG BAG - BOPP',325.35,28,3097.35,34,14159.3,0,14159.3,2235),(138,89,'25232930','DALMIA PPC 50KG BAG - BOPP',325.35,28,5921.4,65,27069.25,0,27069.25,2235),(139,90,'25232930','DALMIA PPC 50KG BAG - BOPP',325.35,28,5921.4,65,27069.25,0,27069.25,2235),(148,96,'25232940','CHETTINAD CEMENT SLAG PAPER',269.53,28,754.69,10,3450,0,3450,2232),(149,96,'25232930','RAMCO CEMENT PPC 50KG',273.44,28,765.62,10,3500,0,3500,2233),(150,97,'25232940','CHETTINAD CEMENT SLAG PAPER',269.53,28,7546.88,100,34500,0,34500,2232),(151,98,'25232930','Dalmia DSP Concrete Expert',348.79,28,976.61,10,4464.5,0,4464.5,2237);

/*Table structure for table `raw_data` */

DROP TABLE IF EXISTS `raw_data`;

CREATE TABLE `raw_data` (
  `id` bigint(20) NOT NULL AUTO_INCREMENT,
  `hsn_code` varchar(20) DEFAULT NULL,
  `item_name` varchar(100) DEFAULT NULL,
  `quantity` double DEFAULT NULL,
  `mrp` double DEFAULT NULL,
  `gst_percentage` double DEFAULT NULL,
  `landing_price` double DEFAULT NULL,
  `wholesale_price` double DEFAULT NULL,
  `retail_price` double DEFAULT NULL,
  PRIMARY KEY (`id`)
) ENGINE=InnoDB AUTO_INCREMENT=198 DEFAULT CHARSET=utf8;

/*Data for the table `raw_data` */

insert  into `raw_data`(`id`,`hsn_code`,`item_name`,`quantity`,`mrp`,`gst_percentage`,`landing_price`,`wholesale_price`,`retail_price`) values (1,'3402','CMFT FAB CONDITIONER SS DESIRE 220ML',12,65,18,57.15,59,62),(2,'3402','CMFT FAB CONDITIONER SS ROYAL 220ML',12,65,18,57.15,59,62),(3,'3402','COM FAB CON PINK 20ML*720',720,3,18,2.64,2.75,3),(4,'3402','COM FAB CONDI BLUE 220ML*40',40,56,18,48.85,51,54),(5,'3402','COM FAB CONDI BLUE20ML*720',720,3,18,2.64,2.75,3),(6,'3402','COM FAB CONDI PINK 220ML*40',40,56,18,48.85,51,54),(7,'3402','COMFORT FAB CONDITIONER GREEN 220ML',40,56,18,48.85,51,54),(8,'3402','COMFORT FABRIC CONDITIONER BLUE 430ML',20,120,18,105,109,115),(9,'3402','COMFORT FABRIC CONDITIONER BLUE 860ML',6,218,18,190,195,205),(10,'3402','COMFORT FABRIC CONDITIONER PINK 860M',6,218,18,190,195,205),(11,'3402','COMFORT LULLABY BOTTLE 220ML',12,60,18,55,57,59),(12,'3402','COMFORT LULLABY BOTTLE 860ML',3,244,18,224,229,235),(13,'3401','SUNLIGHT LAUNDRY SOAP 150G',400,20,18,18,19,20),(14,'3402','SUNLIGHT NTR POWDER 125G',130,10,18,8.45,9,10),(15,'3402','SUNLIGHT NTR PWD 1KG 84 CROSS 75',48,75,18,69.6,71,73),(16,'3402','SUNLIGHT NTR PWD 500G 43 CROSS 38',96,38,18,35.79,36,37),(17,'3401','SURF EXCEL BAR FW 150G',24,16,18,14.35,19,16),(18,'3401','SURF EXCEL BAR FW 95G',24,10,18,9.8,9.3,10),(19,'3402','SURF EXCEL EW 1KG SLBL',36,124,18,110,115,120),(20,'3402','SURF EXCEL EW BALE 500G',60,62,18,55,58,60),(21,'3402','SURF EXCEL EW PWD 1.5KG SLBL',12,186,18,163,166,175),(22,'3402','SURF EXCEL EW PWD 4KG SLBL',2,496,18,432,440,470),(23,'3402','SURF EXCEL EW PWD 5T 90G SLBL',720,10,18,8.43,9,10),(24,'3402','SURF EXL BAR FW 250G OFFER',24,25,18,22.63,23,24),(25,'3402','SURF EXL MTC LIQ FL 500ML',12,120,18,103,107,113),(26,'3402','SURF EXL MTC LIQ FL 60ML RS10',12,10,18,8.42,9,10),(27,'3402','SURF EXL MTC LIQ TL 1.02 LTR',12,199,18,170,175,185),(28,'3402','SURF EXL MTC LIQ TL 500ML',12,105,18,89.6,94,100),(29,'3402','SURF EXL MTC LIQ TL 60ML RS10',12,10,18,8.42,9,10),(30,'3402','SURF EXL QUICKWASH POWDER 1KG OFFER',12,180,18,162,166,175),(31,'3402','SURF EXL QUICKWASH POWDER 500G OFFER',12,90,18,65,70,80),(32,'3402','SURF XL MTK PWD POLY TL 1KG',3,225,18,196,205,215),(33,'3402','SURF XL MTK TL 500G',12,112,18,103,106,110),(34,'3808','DMX TLT CLNR LIME FRESH 500ML',12,87,18,71.5,75,80),(35,'3808','DMX TLT CLNR LIME FRESH 750ML',6,130,18,107,112,120),(36,'3808','DMX TLT CLNR OCEAN FRESH 500ML',12,87,18,71.5,75,80),(37,'3808','DMX TLT CLNR OCEAN FRESH 750ML',6,130,18,107,112,120),(38,'3808','DMX TLT CLNR THK 500M',12,72,18,58.6,63,68),(39,'3808','DOMEX DISINFECTANT FLOOR CLEANER 500ML',12,80,18,56,70,77),(40,'3401','DOVE CREAM BAR 3X100G 180 CROSS155',24,160,18,147,162,155),(41,'3401','DOVE CREAM BEAUTY BAR 50G',72,22,18,20.2,21,22),(42,'3401','DOVE CREAM BTHNG BR 4X75G',10,123,18,113,118,121),(43,'3401','DVE CREAM BAR 100G',60,45,18,41,43,44),(44,'3401','HAMAM SOAP 150G',48,50,18,46,47,49),(45,'3401','LB TOTAL 10 SOAP 56G WITH SAVE 14%',144,10,18,9,9.5,10),(46,'3401','LIFEBUOY HW TOTAL10 240ML ORCA BOTTLE',24,85,18,69.55,74,80),(47,'3401','LIFEBUOY TOTAL10 SOAP 125G',120,25,18,22.5,23,24),(48,'3401','LIRIL LEMON TREE TEA SOAP 75G',36,32,18,29.4,30,31),(49,'3401','LUX CREAMY PERFECTION 125G',12,55,18,50.5,52,54),(50,'3401','LUX CREAMY PERFECTION 75G',24,30,18,27.55,28,29),(51,'3401','LUX FRSH SPLASH SOAP 100G',48,25,18,23,24,25),(52,'3401','LUX ROSE 50G',144,10,18,9,9.5,10),(53,'3401','LUX SOFT TOUCH SOAP 100G',144,25,18,22.5,23.5,24),(54,'3401','LUX VELVET TOUCH 50G SAVE 25%',144,10,18,9,9.5,10),(55,'3401','MOTI SANDAL SOAP 150G',24,60,18,55,57,59),(56,'3401','PEARS NATURALE POMEGRANATE BAR100G',24,41,18,37.2,39,40),(57,'3401','PEARS OIL CONTROL SOAP 75G',48,41,18,37.65,39,40),(58,'3401','PEARS P&G 5X125G B4G1',4,259,18,240,245,250),(59,'3401','PEARS P&G SOAP 60G',144,20,18,18.36,19,20),(60,'3401','PEARS P&GNTL T/SOAP 100G',108,38,18,34.2,36,37),(61,'3401','PEARS PURE & GENTLE 3X125G 180 CROSS 140',48,150,18,138,140,145),(62,'3401','PEARS PURE AND GENTLE SP 3X75G+75G',28,105,18,96.5,98,101),(63,'3401','PEARS SHOWER GEL PURE AND GENTLE 250ML',6,135,18,122,125,130),(64,'3401','PEARS SOFT & FRESH 125G BUY3&G1',12,180,18,165,170,175),(65,'3401','PEARS SOFT & FRESH 75G WITH 25G EXTRA',48,41,18,37,38,40),(66,'3401','REXONA COCO & OLIVE SOAP 100G RS.25',144,27,18,24.8,25.5,26),(67,'3405','VIM BAR 150G',100,10,18,8.63,9,10),(68,'3405','VIM BAR 85G',160,5,18,4.5,4.75,5),(69,'3405','VIM BAR FW 300G',50,20,18,18.36,18.5,19),(70,'3405','VIM BAR FW 600GM',24,40,18,34.7,36,38),(71,'3402','VIM DRP DSW LMN ACT GEL 155ML',36,20,18,18.36,19,20),(72,'3402','VIM DRP YLW DW BTL 250ML ATVGEL',40,45,18,39.63,41,43),(73,'3402','VIM LIQUID YELLOW BOTTLE 750M',12,155,18,136,140,150),(74,'0902','3 ROSES DUST [C] 100G RELAUNCH',80,65,5,60.75,62,63),(75,'0902','3 ROSES DUST [C] 250G RELAUNCH',48,160,5,149.52,152,155),(76,'0902','3 ROSES DUST [C] 500G RELAUNCH',24,320,5,299,305,315),(77,'2501','ANN IODPD SALT 1KG RL',150,20,0,8.55,9,12),(78,'3402','AXE DARK TEMPTATION 150ML DM',4,200,18,113,130,170),(79,'3307','AXE GOLD TEMPTA DEO 150ML*12',4,200,18,113,130,170),(80,'3307','AXE MINI TICKET CHAMPION 10ML',4,35,18,27.68,30,33),(81,'3307','AXE MINI TICKET DARK TEMPTATION 10ML',4,35,18,27.68,30,33),(82,'3307','AXE MINI TICKET INTENSE 10ML',4,35,18,27.68,30,33),(83,'3307','AXE PULSE 150ML DM',4,200,18,113,130,170),(84,'3307','AXE RECHARGE 24X7 DEO150ML',5,230,18,130,150,190),(85,'3307','AXE RECHGE MIDNIGT DEO BDY SRY CAN 150ML',4,230,18,130,150,200),(86,'3307','AXE SGN DENIM AFTER SHAVE LTN 50ML',3,125,18,108,112,120),(87,'3304','AXE SGN PULSE TALC 100G',4,74,18,67.25,70,72),(88,'3307','AXE SIG BODY PERF CHAMP 17M*48',4,65,18,53.13,57,62),(89,'3307','AXE SIG BODY PERF INTENSE 17M*48',4,65,18,53.13,57,62),(90,'3401','AYUSH ALOE VERA OC FACEWASH 50G',6,55,18,48,50,53),(91,'3306','AYUSH ANTI CAVITY TOOTHPASTE 50GM',12,20,18,17.65,18,20),(92,'3306','AYUSH ANTI CAVITY TP 80GM',12,40,18,35.5,37,39),(93,'3306','AYUSH ANTICAVITYTP 150G',8,80,18,71,74,77),(94,'3305','AYUSH BHRINGARAJ HAIR OIL 100ML',6,149,18,130.5,135,145),(95,'3401','AYUSH NATURAL FAIR SAFFRON FACE WASH 80G',6,105,18,91.5,95,100),(96,'3401','AYUSH PIMPLE CLEAR TURMERI FACE WASH 80G',6,99,18,86,90,95),(97,'3306','AYUSH WHITENING ROCKSALT TOOTHPASTE 150G',8,80,18,71,74,78),(98,'2101','BRU GOLD 100G JAR',12,275,18,255,260,270),(99,'2101','BRU GOLD 25G JAR',12,73,18,68,70,72),(100,'2101','BRU GOLD 50G JAR',12,145,18,34.5,138,140),(101,'0901','BRU GREEN LABEL PLY 50G PRICE DROP',30,13,5,11,12,13),(102,'0901','BRU GREEN LABEL POLY 200G',24,70,5,63.5,65,68),(103,'0901','BRU GREEN LABEL ROS 100G PRICE DROPFLASH',80,25,5,22.5,23,24),(104,'2101','BRU INS RS5 5.5G TN',80,5,18,4.35,4.5,5),(105,'2101','BRU INST RS2 144X24X2.2G NRA',288,2,18,1.73,1.8,2),(106,'2101','BRU INSTANT 50G POLY PRICE DROP NS',24,60,18,54,56,58),(107,'2101','BRU INSTANT POLY 100G RELAUNCH',16,170,18,58,162,165),(108,'2101','BRU INSTANT RS10 288X11G',48,10,18,8.56,9,10),(109,'3305','CL PLS ANT DNDF 80ML',4,45,18,39.5,41,43),(110,'3305','CL PLUS NATURALS 80ML',4,45,18,39.75,41,43),(111,'3305','CLEAR COMPLETE ACTIVE CARE SHAMPOO 80M',4,65,18,56.25,58,62),(112,'3305','CLINIC PLUS S&L SHMP 80ML NOW AT RS39',4,39,18,34,36,38),(113,'3305','CLINICPLUS STRG&XTRTH 80ML',4,45,18,39.5,42,44),(114,'3306','CLUP RH AG EF TP 150G',12,85,18,75.75,78,82),(115,'3306','CLUP RH AG TP 80G+20% EXTRA RS.48',36,50,18,44.5,46,48),(116,'3306','CUP RED HOT ACTIVE GEL TP 26GM FFS FW',24,10,18,8,8.5,9),(117,'3306','CUP RH AG EF PLUS 150G+150G SAVERS 20',6,150,18,137,143,146),(118,'3306','CUPRH TP50G11+1MNHGRSAVERS8TROFFR',48,20,18,16,17,19),(119,'3305','DOV DRYNS CR CDHR 80ML (DIAMANTE)',4,90,18,79,83,86),(120,'3305','DOVE DANDRUFF CARE SHAMPOO 80ML',4,62,18,52,55,60),(121,'3305','DOVE INTENSE RPR THPY COND 75 ML',4,90,18,79,83,87),(122,'3305','DOVE OXY MOISTURE SHAMP 80ML',4,79,18,69,72,75),(123,'3304','FAIR AND LOVELY AYUR 25G',12,72,18,62,65,68),(124,'3304','FAIR AND LOVELY AYUR 50G',8,133,18,114,117,125),(125,'3304','FAL ADV MV 15G',8,20,18,18,18.5,20),(126,'3401','FAL ADV MV 25G RL WITH FAL FW 8G',16,54,18,49,51,52),(127,'3304','FAL INSTANT GLOW FACEWASH 8G',16,0.01,18,0.01,0,0),(128,'3304','FAL ADV MV 50G',12,102,18,92,95,98),(129,'3304','FAL ADV MV 80G',12,155,18,141,145,151),(130,'3304','FAL MEN INST BRIGHTNESS CRM 25G',12,75,18,68,70,72),(131,'3401','FAL MEN INST BRIGHTNESS FW 50G',8,85,18,77,80,82),(132,'3304','FAL MEN INST FAIRNESS RAPD ACTON CRM 50G',12,130,18,117,120,125),(133,'3401','FAL MEN INST FAIRNESS RAPID ACTON FW 20G',6,35,18,31.5,32,34),(134,'3401','FAL MN INST OIL CNRL MAGNET ACTON FW 50G',6,85,18,77,79,82),(135,'3401','FAL MULTIVITAMIN FW 20GM+RTD12+1',6,25,18,22.5,23,24),(136,'3401','FAL MV FW 50G',6,65,18,56,58,62),(137,'3304','INDU BRIN OIL(AYU MEDI)50M*36',3,234,12,194,200,220),(138,'3304','INDU BRIN OIL(AYUR)100ML*24',3,432,12,357,365,410),(139,'3304','INDULEKHA NEEMRAJ OIL (AYUR MED )50ML',3,234,12,194,205,220),(140,'3304','INDULEKHA NEEMRAJ OIL(AYUR MED)100ML',3,432,12,357,365,400),(141,'2103','KISSAN FRESH TOMAO KETCHUP 1KG',4,150,12,131,136,140),(142,'2007','KISSAN MIX FRUIT JAM 500GM',4,150,12,134,140,144),(143,'2103','KSN FTK 500G',3,99,12,88,91,95),(144,'2007','KSN MF JAM TUB 100G PRICE DROP',12,20,12,18,19,20),(145,'2007','KSN MXD FRT JAM 200G RL',6,65,12,59,61,63),(146,'3304','LAKME EYECONIC KAJAL DEEP BLACK 0.35G',6,185,18,162,168,175),(147,'3401','LEVER AYUSH ALOEVERA CG FACE GEL150G',3,90,18,78.5,81,85),(148,'0902','LIPTON GREEN TEA 100G',6,145,5,132,135,140),(149,'0902','LIPTON YELLOW LABEL LEAF [C] 250G RLH',6,220,5,206,210,215),(150,'3401','PDS PW FW 50G',3,95,18,78.5,82,90),(151,'3304','PDS WB AT SF CR 35G POFF',3,125,18,105.5,110,120),(152,'3401','PDS WB FW 50G',4,79,18,65.25,68,74),(153,'3304','PDS WHT BTY SPTLS FAIRNESS CR 23G POFF',8,70,18,61,64,68),(154,'3401','PEARS FRSH AND RENEWAL CLNS FW 60G',6,150,18,135,140,145),(155,'3401','PEARS OIL CLR CLNS FW 60G',6,150,18,135,140,145),(156,'3401','PEARS PURE AND GNTL CLNS FW 60G',6,150,18,135,140,145),(157,'3306','PEP EXP PRO GC TP 140G',12,98,18,89,92,95),(158,'9603','PEP FIGHTER PLUS TB 10+2 MED',12,20,18,12.5,15,18),(159,'9603','PEP FIGHTER PLUS TB 10+2 SOFT',12,20,18,12.5,15,18),(160,'3306','PEP GC CAVITY PROT 200G',12,85,18,77.25,80,82),(161,'3306','PEP GC CAVITY PROT 23G HANGER',12,10,18,8.5,9,10),(162,'9603','PEP KIDDY TB SFT',12,20,18,15,17,18),(163,'9603','PEP TRPL CLN MDM TB 1NOS',12,17,18,12,14,16),(164,'3306','PEPGC CVITYPROT11+1MNHGR50G+20%EXTTROFFR',12,20,18,16.5,17,19),(165,'3306','PEPSODENT GC CVTY PROT 100GM+25% EXTRA',12,52,18,47,49,50),(166,'9603','PEPSODENT V CLEAN TB SOFT',12,30,18,22,24,27),(167,'3304','POND DF SB TALC 200G',6,180,18,158,165,170),(168,'3304','PONDS DF TAL PWD 100G',4,90,18,79,82,85),(169,'3304','PONDS DF TAL PWD 400G',4,280,18,245,250,265),(170,'3304','PONDS DF TAL PWD 50G',6,45,18,39.5,41,43),(171,'3304','PONDS MGK TAL 100G',4,110,18,96.25,100,105),(172,'3304','PONDS MGK TAL 400G',4,300,18,263,270,280),(173,'3304','PONDS MGK TAL 50G',6,60,18,52.5,55,57),(174,'3304','PONDS SNDL TAL 100G',4,110,18,96.25,100,105),(175,'3304','PONDS SNDL TAL 300G',4,280,18,263,250,270),(176,'3304','PONDS SNDL TAL 50G',6,60,18,52.5,54,58),(177,'3304','PONDS STARLT TALC 100G',4,110,18,96.25,100,105),(178,'3304','PONDS STARLT TALC 50G',6,60,18,52.5,54,57),(179,'0902','RED LABEL [B] 250G NA',48,120,5,113,115,117),(180,'0902','RED LABEL DST KL [P] 250G',30,80,5,68.5,71,77),(181,'0902','RED LABEL DUST KL [P] 500G NA',10,155,5,132.5,135,145),(182,'0902','RED LABEL(B)[C] 100G NA',30,35,5,32,33,34),(183,'3305','RED LABEL[B] 500G NA',24,220,5,206,210,215),(184,'3305','SS STRAIGHT LOCK CONDITIONER 80ML',4,69,18,60.25,63,66),(185,'3305','SUNSILK BLACK SHINE CONDITIONER 80M',4,69,18,60.25,63,66),(186,'3305','SUNSILK LNG HLTY GRW SHP 80ML NW AT RS45',4,45,18,39.25,41,43),(187,'3305','SUNSILK NOURISH S&S SH 80ML NOW AT RS45',4,45,18,39.25,41,43),(188,'0902','TAJ 250G SOUTH RELAUNCH',12,160,5,151,154,158),(189,'3305','TRES KERATIN SMTH SHP 85ML NOW AT RS 60',6,60,18,53,55,58),(190,'3305','TRES SMOOTH&SHINE CONDR 80ML',6,90,18,79.5,82,85),(191,'3305','TRESEMME CLIMATE CONTROL SHAMPOO 85M',6,63,18,55,57,61),(192,'3305','TRESEMME HF DEFENSE CONDR 80ML',6,90,18,79.4,82,86),(193,'3305','TRESEMME HFD SHAMPOO 85ML NOW AT RS 55',6,55,18,48,50,52),(194,'3305','TRESEMME S&S SHAMP 85ML NOW AT RS 55',6,55,18,48,50,52),(195,'3304','VASL HW LIGHTENING LTN 100M POFF',6,95,18,83,86,90),(196,'3304','VSL HEALTHY WHITE COMPLETE10 LOTN 100ML',4,155,18,135.5,140,145),(197,'3304','VTM ALOE FRESH LTN 100ML POFF',6,95,18,83,86,90);

/*Table structure for table `raw_stock` */

DROP TABLE IF EXISTS `raw_stock`;

CREATE TABLE `raw_stock` (
  `id` bigint(20) NOT NULL AUTO_INCREMENT,
  `item_name` varchar(200) DEFAULT NULL,
  `hsn_code` varchar(100) DEFAULT NULL,
  `purchase_price` double DEFAULT NULL,
  `unit_price` double DEFAULT NULL,
  `quantity` double DEFAULT NULL,
  `total_price` double DEFAULT NULL,
  `discount` double DEFAULT NULL,
  `gst` double DEFAULT NULL,
  `item_type` varchar(100) DEFAULT NULL,
  `create_ts` timestamp NULL DEFAULT NULL,
  PRIMARY KEY (`id`)
) ENGINE=InnoDB AUTO_INCREMENT=3432 DEFAULT CHARSET=utf8;

/*Data for the table `raw_stock` */

insert  into `raw_stock`(`id`,`item_name`,`hsn_code`,`purchase_price`,`unit_price`,`quantity`,`total_price`,`discount`,`gst`,`item_type`,`create_ts`) values (3393,'ANGEL ANGLE VALVE UL 101','8481',364,0,15,2730,50,18,'Plumbing','2020-03-01 17:32:16'),(3394,'BRASS HEX NIPPLE 1/2 EN 189 ANGEL','8481',35,0,10,350,0,18,'Plumbing','2020-03-01 17:32:16'),(3395,'ANGEL CON STOP COCK AR 106','8481',1128,0,5,2820,50,18,'Plumbing','2020-03-01 17:32:16'),(3396,'C P EXTENSION 1\" EN 172 ANGEL','8481',39,0,10,390,0,18,'Plumbing','2020-03-01 17:32:16'),(3397,'C P EXTENSION 11/2\" EN 173 ANGEL','8481',48,0,10,480,0,18,'Plumbing','2020-03-01 17:32:16'),(3398,'C P EXTENSION 2\" EN 174 ANGEL','8481',57,0,12,684,0,18,'Plumbing','2020-03-01 17:32:16'),(3399,'C P EXTENSION 3\" EN 176 ANGEL','8481',101,0,5,505,0,18,'Plumbing','2020-03-01 17:32:16'),(3400,'C P EXTENSION 21/2\" EN 175 ANGEL','8481',76,0,5,380,0,18,'Plumbing','2020-03-01 17:32:16'),(3401,'C P EXTENSION 4\" EN 177 ANGEL','8481',116,0,5,580,0,18,'Plumbing','2020-03-01 17:32:16'),(3402,'C P EXTENSION 6\" EN 178 ANGEL','8481',216,0,2,432,0,18,'Plumbing','2020-03-01 17:32:16'),(3403,'ANGEL LONG BODY AR 102','8481',1203,0,5,3007.5,50,18,'Plumbing','2020-03-01 17:32:16'),(3404,'ANGEL OPEN STOP COCK 3/4 UL 117','8481',587,0,6,1761,50,18,'Plumbing','2020-03-01 17:32:16'),(3405,'ANGEL PILLAR COCK AC 101','8481',627,0,6,1881,50,18,'Plumbing','2020-03-01 17:32:16'),(3406,'ANGEL PILLAR COCK PF 101','8481',760,0,6,2280,50,18,'Plumbing','2020-03-01 17:32:16'),(3407,'ANGEL PILLAR COCK UL 104','8481',587,0,6,1761,50,18,'Plumbing','2020-03-01 17:32:16'),(3408,'ANGEL SHORT BODY PF 102','8481',571,0,2,571,50,18,'Plumbing','2020-03-01 17:32:16'),(3409,'ANGEL SINK COCK AC 110','8481',1225,0,6,3675,50,18,'Plumbing','2020-03-01 17:32:16'),(3410,'ANGEL SINK COCK UL 108','8481',1087,0,6,3261,50,18,'Plumbing','2020-03-01 17:32:16'),(3411,'ANGEL SINK COCK AR 108','8481',1755,0,5,4387.5,50,18,'Plumbing','2020-03-01 17:32:16'),(3412,'C P WASTE COUPLING F/TH EN 140 ANGEL','8481',195,0,10,1950,0,18,'Plumbing','2020-03-01 17:32:16'),(3413,'C P WASTE COUPLING H/TH EN 139 ANGEL','8481',195,0,10,1950,0,18,'Plumbing','2020-03-01 17:32:16'),(3414,'TAFLON TAPE YELLOW FRESHCO','3919',6,0,50,300,0,18,'Plumbing','2020-03-01 17:32:16'),(3415,'SURYA HEAVY TAP 1/2 PVC','3917',28,0,25,700,0,18,'Plumbing','2020-03-01 17:32:16'),(3416,'SURYA HEAVY HOSE TAP 1/2 PVC','3917',30,0,25,750,0,18,'Plumbing','2020-03-01 17:32:16'),(3417,'CLAMP SS 3/4\"','7307',0.7,0,100,70,0,18,'Plumbing','2020-03-01 17:32:16'),(3418,'CLAMP SS  1\"','7307',0.8,0,100,80,0,18,'Plumbing','2020-03-01 17:32:16'),(3419,'CLAMP SS 11/2','7307',1.1,0,100,110,0,18,'Plumbing','2020-03-01 17:32:16'),(3420,'CLAMP SS 2\"','7307',1.5,0,100,150,0,18,'Plumbing','2020-03-01 17:32:16'),(3421,'CLAMP SS 21/2\"','7307',2.3,0,50,115,0,18,'Plumbing','2020-03-01 17:32:16'),(3422,'CLAMP SS 3\"','7307',2.75,0,50,137.5,0,18,'Plumbing','2020-03-01 17:32:16'),(3423,'CLAMP SS 4\"','7307',3,0,50,150,0,18,'Plumbing','2020-03-01 17:32:16'),(3424,'CLAMP SS 1/2','7307',0.6,0,100,60,0,18,'Plumbing','2020-03-01 17:32:16'),(3425,'HOSE CLIP 1/2\"','7318',4.7,0,10,47,0,18,'Plumbing','2020-03-01 17:32:16'),(3426,'HOSE CLIP 3/4\"','7318',5.7,0,25,142.5,0,18,'Plumbing','2020-03-01 17:32:16'),(3427,'HOSE CLIP 1\"','7318',6.3,0,25,157.5,0,18,'Plumbing','2020-03-01 17:32:16'),(3428,'HOSE CLIP 1 1/4\"','7318',6.5,0,10,65,0,18,'Plumbing','2020-03-01 17:32:16'),(3429,'HOSE CLIP 1 1/2\"','7318',7.1,0,10,71,0,18,'Plumbing','2020-03-01 17:32:16'),(3430,'ROYAL UNION NYLON 1/2','3917',5.25,0,30,157.5,0,18,'Plumbing','2020-03-01 17:32:16'),(3431,'ROYAL UNION NYLON 3/4','3917',6,0,30,180,0,18,'Plumbing','2020-03-01 17:32:16');

/*Table structure for table `sales` */

DROP TABLE IF EXISTS `sales`;

CREATE TABLE `sales` (
  `sales_id` bigint(20) NOT NULL AUTO_INCREMENT,
  `customer_id` bigint(20) DEFAULT NULL,
  `bill_number` varchar(20) NOT NULL,
  `bill_amount` double DEFAULT NULL,
  `discount` double DEFAULT NULL,
  `payable_amount` double DEFAULT NULL,
  `status` varchar(100) DEFAULT NULL,
  `balance_amount` double DEFAULT NULL,
  `sales_date` datetime DEFAULT NULL,
  `total_gst` double DEFAULT NULL,
  `sgst` double DEFAULT NULL,
  `cgst` double DEFAULT NULL,
  `gst_12` double DEFAULT NULL,
  `gst_18` double DEFAULT NULL,
  `gst_30` double DEFAULT NULL,
  `cess` double DEFAULT NULL,
  `create_ts` datetime DEFAULT NULL,
  `update_ts` datetime DEFAULT NULL,
  `customer_name` varchar(200) DEFAULT NULL,
  `amount_in_words` varchar(200) DEFAULT NULL,
  `round_off` double DEFAULT NULL,
  `taxable_at_5` double DEFAULT NULL,
  `taxable_at_12` double DEFAULT NULL,
  `taxable_at_18` double DEFAULT NULL,
  `taxable_at_0` double DEFAULT NULL,
  `taxable_at_28` double DEFAULT NULL,
  `gst_28` double DEFAULT NULL,
  `bill_type` varchar(10) DEFAULT NULL,
  `bill_seq_number` bigint(20) DEFAULT NULL,
  `vehicle_details` varchar(50) DEFAULT NULL,
  `shipping_address` varchar(200) DEFAULT NULL,
  `igst` double DEFAULT '0',
  PRIMARY KEY (`sales_id`)
) ENGINE=InnoDB AUTO_INCREMENT=236 DEFAULT CHARSET=utf8;

/*Data for the table `sales` */

insert  into `sales`(`sales_id`,`customer_id`,`bill_number`,`bill_amount`,`discount`,`payable_amount`,`status`,`balance_amount`,`sales_date`,`total_gst`,`sgst`,`cgst`,`gst_12`,`gst_18`,`gst_30`,`cess`,`create_ts`,`update_ts`,`customer_name`,`amount_in_words`,`round_off`,`taxable_at_5`,`taxable_at_12`,`taxable_at_18`,`taxable_at_0`,`taxable_at_28`,`gst_28`,`bill_type`,`bill_seq_number`,`vehicle_details`,`shipping_address`,`igst`) values (134,1,'1',3050,0,3050,'Paid',0,'2020-01-01 00:00:00',662.02,331.01,331.01,0,0,0,23.64,'2020-06-21 00:00:00','2020-06-21 19:59:35','SABU, THALAVILA\n9846380796','Rupees Three Thousand Fifty Only',0,0,0,0,0,2364.3,662.02,'Normal',1,NULL,NULL,0),(135,1,'2',3550,0,3550,'Paid',0,'2020-01-01 00:00:00',770.54,385.27,385.27,0,0,0,27.52,'2020-06-21 00:00:00','2020-06-21 20:00:43','SHAJAHAN,  THALAVILA\n9645254954','Rupees Three Thousand Five Hundred Fifty Only',0,0,0,0,0,2751.9,770.54,'Normal',2,NULL,NULL,0),(136,1,'3',9000,0,9000,'Paid',0,'2020-01-01 00:00:00',1953.49,976.75,976.75,0,0,0,69.77,'2020-06-21 00:00:00','2020-06-21 20:01:38','NOUSHAD, THALAVILA\n9846130707','Rupees Nine Thousand  Only',0,0,0,0,0,6976.75,1953.49,'Normal',3,NULL,NULL,0),(137,1,'4',1775,0,1775,'Paid',0,'2020-01-02 00:00:00',385.27,192.63,192.63,0,0,0,13.76,'2020-06-21 00:00:00','2020-06-21 20:03:13','SHAJAHAN, THALAVILA\n9645254954','Rupees One Thousand Seven Hundred Seventy Five Only',0,0,0,0,0,1375.95,385.27,'Normal',4,NULL,NULL,0),(138,1,'5',15250,0,15250,'Paid',0,'2020-01-03 00:00:00',3310.08,1655.04,1655.04,0,0,0,118.22,'2020-06-21 00:00:00','2020-06-21 20:04:35','MOHANAN, KATTUCHANTHA\n8129797556','Rupees Fifteen Thousand Two Hundred Fifty Only',0,0,0,0,0,11821.5,3310.08,'Normal',5,NULL,NULL,0),(139,1,'6',3600,0,3600,'Paid',0,'2020-01-04 00:00:00',781.4,390.7,390.7,0,0,0,27.91,'2020-06-21 00:00:00','2020-06-21 20:05:28','BIJU, PULIKKUZHI\n8943568947','Rupees Three Thousand Six Hundred  Only',0,0,0,0,0,2790.7,781.4,'Normal',6,NULL,NULL,0),(140,1,'7',6100,0,6100,'Paid',0,'2020-01-04 00:00:00',1324.03,662.01,662.01,0,0,0,47.29,'2020-06-21 00:00:00','2020-06-21 20:06:52','ANSAR, KOKKOTTUKONAM\n9497821039','Rupees Six Thousand One Hundred  Only',0,0,0,0,0,4728.6,1324.03,'Normal',7,NULL,NULL,0),(141,1,'8',4575,0,4575,'Paid',0,'2020-01-06 00:00:00',993.02,496.51,496.51,0,0,0,35.46,'2020-06-21 00:00:00','2020-06-21 20:19:35','SAJI, VANDITHADAM\n9995438245','Rupees Four Thousand Five Hundred Seventy Five Only',0,0,0,0,0,3546.4500000000003,993.02,'Normal',8,NULL,NULL,0),(142,1,'9',1525,0,1525,'Paid',0,'2020-01-07 00:00:00',331.01,165.5,165.5,0,0,0,11.82,'2020-06-21 00:00:00','2020-06-21 20:20:50','HASHIM, KATTUCHANTHA\n9895946870','Rupees One Thousand Five Hundred Twenty Five Only',0,0,0,0,0,1182.15,331.01,'Normal',9,NULL,NULL,0),(143,1,'10',10675,0,10675,'Paid',0,'2020-01-09 00:00:00',2317.05,1158.53,1158.53,0,0,0,82.75,'2020-06-21 00:00:00','2020-06-21 20:21:41','SANAL, KAVUVILA\n8111882022','Rupees Ten Thousand Six Hundred Seventy Five Only',0,0,0,0,0,8275.050000000001,2317.05,'Normal',10,NULL,NULL,0),(144,1,'11',1800,0,1800,'Paid',0,'2020-01-09 00:00:00',390.7,195.35,195.35,0,0,0,13.95,'2020-06-21 00:00:00','2020-06-21 20:22:48','DILEEP, PUTHUSSERY MUKKU\n9645461453','Rupees One Thousand Eight Hundred  Only',0,0,0,0,0,1395.35,390.7,'Normal',11,NULL,NULL,0),(147,1,'14',4575,0,4575,'Paid',0,'2020-01-13 00:00:00',993.02,496.51,496.51,0,0,0,35.46,'2020-06-21 00:00:00','2020-06-21 20:26:21','NOUSHAD, THALAVILA\n8086639426','Rupees Four Thousand Five Hundred Seventy Five Only',0,0,0,0,0,3546.4500000000003,993.02,'Normal',14,NULL,NULL,0),(148,1,'15',1525,0,1525,'Paid',0,'2020-01-13 00:00:00',331.01,165.5,165.5,0,0,0,11.82,'2020-06-21 00:00:00','2020-06-21 20:26:59','GAFOOR, THOTTAKKADU\n7012710017','Rupees One Thousand Five Hundred Twenty Five Only',0,0,0,0,0,1182.15,331.01,'Normal',15,NULL,NULL,0),(149,1,'16',7625,0,7625,'Paid',0,'2020-01-14 00:00:00',1655.04,827.52,827.52,0,0,0,59.11,'2020-06-21 00:00:00','2020-06-21 20:27:38','SABU, NELLANADU\n9746667122','Rupees Seven Thousand Six Hundred Twenty Five Only',0,0,0,0,0,5910.75,1655.04,'Normal',16,NULL,NULL,0),(150,1,'17',4575,0,4575,'Paid',0,'2020-01-14 00:00:00',993.02,496.51,496.51,0,0,0,35.46,'2020-06-21 00:00:00','2020-06-21 20:28:17','SAJI, NELLANADU\n7558898771','Rupees Four Thousand Five Hundred Seventy Five Only',0,0,0,0,0,3546.4500000000003,993.02,'Normal',17,NULL,NULL,0),(151,1,'18',2800,0,2778.29,'Paid',0,'2020-01-14 00:00:00',607.75,303.88,303.88,0,0,0,11.82,'2020-06-21 00:00:00','2021-08-25 12:41:17','DEEPU, PULIKKUZHI\n9946866563','Rupees Two Thousand Eight Hundred  Only',0,0,0,0,0,2170.5,607.75,'Normal',18,'','',0),(152,1,'19',915,0,915,'Paid',0,'2020-01-14 00:00:00',198.6,99.3,99.3,0,0,0,7.09,'2020-06-21 00:00:00','2020-06-21 20:31:18','ARUN, THALAVILA\n9995997200','Rupees Nine Hundred Fifteen Only',0,0,0,0,0,709.29,198.6,'Normal',19,NULL,NULL,0),(153,1,'20',2100,0,2100,'Paid',0,'2020-01-15 00:00:00',455.81,227.91,227.91,0,0,0,16.28,'2020-06-21 00:00:00','2021-08-25 12:47:00','MOHANAN\n8129797556','Rupees Two Thousand One Hundred  Only',0,0,0,0,0,1627.8999999999999,455.81,'Normal',20,'','',0),(154,1,'21',15250,0,15250,'Paid',0,'2020-01-21 00:00:00',3310.08,1655.04,1655.04,0,0,0,118.22,'2020-06-21 00:00:00','2020-06-21 20:33:30','PRADHEEP CHANDRAN,\nCHERUNNIYOOR, VARKALA\n9446300081','Rupees Fifteen Thousand Two Hundred Fifty Only',0,0,0,0,0,11821.5,3310.08,'Normal',21,NULL,NULL,0),(155,1,'22',280,0,280,'Paid',0,'2020-01-22 00:00:00',61.25,30.62,30.62,0,0,0,94.57,'2020-06-21 00:00:00','2021-08-25 12:12:43','BIJU, THALAVILA\n9446979019 Test','Rupees Two Hundred Eighty Only',0,0,0,0,0,218.75,61.25,'Normal',22,'','',0),(156,1,'23',1525,0,1525,'Paid',0,'2020-01-22 00:00:00',331.01,165.5,165.5,0,0,0,11.82,'2020-06-21 00:00:00','2020-06-21 20:35:18','THANSEER\nKATTUCHANTHA','Rupees One Thousand Five Hundred Twenty Five Only',0,0,0,0,0,1182.15,331.01,'Normal',23,NULL,NULL,0),(157,1,'24',1525,0,1525,'Paid',0,'2020-01-23 00:00:00',331.01,165.5,165.5,0,0,0,11.82,'2020-06-21 00:00:00','2020-06-21 20:36:16','NISHANTH,\nTHALAVILA','Rupees One Thousand Five Hundred Twenty Five Only',0,0,0,0,0,1182.15,331.01,'Normal',24,NULL,NULL,0),(158,1,'25',2502.6,0,2483.2,'Paid',0,'2020-01-24 00:00:00',543.2,271.6,271.6,0,0,0,19.4,'2020-06-21 00:00:00','2021-08-25 12:43:59','SAJEEV,\nTHALAVILA','Rupees Two Thousand Five Hundred Three Only',0.40000000000009095,0,0,0,0,1940,543.2,'Normal',25,'','',0),(159,1,'26',2800,0,2800,'Paid',0,'2020-01-25 00:00:00',607.75,303.88,303.88,0,0,0,21.71,'2020-06-21 00:00:00','2021-08-25 12:54:25','RASHEED,\nTHALAVILA','Rupees Two Thousand Eight Hundred  Only',0,0,0,0,0,2170.5,607.75,'Normal',26,'','',0),(160,1,'27',19825,0,19825,'Paid',0,'2020-01-29 00:00:00',4303.1,2151.55,2151.55,0,0,0,153.68,'2020-06-21 00:00:00','2020-06-21 20:39:17','SUNIL,\nKATTUCHANTHA','Rupees Nineteen Thousand Eight Hundred Twenty Five Only',0,0,0,0,0,15367.95,4303.1,'Normal',27,NULL,NULL,0),(161,1,'28',17500,0,17500,'Paid',0,'2020-01-29 00:00:00',3798.45,1899.22,1899.22,0,0,0,135.66,'2020-06-21 00:00:00','2020-06-21 20:40:48','ASIF, VENJARAMOODU\n9995556677','Rupees Seventeen Thousand Five Hundred  Only',0,0,0,0,0,13566,3798.45,'Normal',28,NULL,NULL,0),(162,1,'B-1',15500,0,15500,'Paid',0,'2020-01-20 00:00:00',3390.62,1695.31,1695.31,0,0,0,0,'2020-06-21 00:00:00','2020-07-09 12:06:43','NILACKAL TRADERS, THYCADU\nVENJARAMOODU.\nADDRESS LINE3\nADDRESS LINE4\n32ACKPH7670K1ZC','Rupees Fifteen Thousand Five Hundred  Only',0,0,0,0,0,12109.5,3390.62,'B2B',1,NULL,NULL,0),(163,1,'B-2',15500,0,15500,'Paid',0,'2020-01-20 00:00:00',3390.62,1695.31,1695.31,0,0,0,0,'2020-06-21 00:00:00','2020-06-21 21:03:58','RAKHI TRADERS, VAMANAPURAM\n32BDGPD22359P1ZF','Rupees Fifteen Thousand Five Hundred  Only',0,0,0,0,0,12109.5,3390.62,'B2B',2,NULL,NULL,0),(164,1,'B-3',7750,0,7750,'Paid',0,'2020-01-21 00:00:00',1695.31,847.65,847.65,0,0,0,0,'2020-06-21 00:00:00','2020-06-21 21:05:03','NILACKAL TRADERS, THYCADU\nVENJARAMOODU.\n32ACKPH7670K1ZC','Rupees Seven Thousand Seven Hundred Fifty Only',0,0,0,0,0,6054.75,1695.31,'B2B',3,NULL,NULL,0),(165,1,'B-4',15250,0,15250,'Paid',0,'2020-01-22 00:00:00',3335.94,1667.97,1667.97,0,0,0,0,'2020-06-21 00:00:00','2020-06-21 21:06:57','BISMI ENTERPRISES\nVENJARAMOODU.\n32ANFPM9770R1Z6','Rupees Fifteen Thousand Two Hundred Fifty Only',0,0,0,0,0,11914,3335.94,'B2B',4,NULL,NULL,0),(166,1,'B-5',15250,0,15250,'Paid',0,'2020-01-29 00:00:00',3335.94,1667.97,1667.97,0,0,0,0,'2020-06-21 00:00:00','2020-07-09 13:31:49','BISMI ENTERPRISES\nVENJARAMOODU.\n32ANFPM9770R1Z6.','Rupees Fifteen Thousand Two Hundred Fifty Only',0,0,0,0,0,11914,3335.94,'B2B',5,NULL,NULL,0),(167,1,'29',9000,0,9000,'Paid',0,'2020-02-03 00:00:00',1953.49,976.75,976.75,0,0,0,69.77,'2020-06-21 00:00:00','2020-06-21 21:13:03','SATHAR, THALAVILAMUKKU\n9447958871','Rupees Nine Thousand  Only',0,0,0,0,0,6976.75,1953.49,'Normal',29,NULL,NULL,0),(168,1,'30',15250,0,15250,'Paid',0,'2020-02-04 00:00:00',3310.08,1655.04,1655.04,0,0,0,118.22,'2020-06-21 00:00:00','2020-06-21 21:14:31','NOUSHAD,KATTUCHANTHA\n7559975735','Rupees Fifteen Thousand Two Hundred Fifty Only',0,0,0,0,0,11821.5,3310.08,'Normal',30,NULL,NULL,0),(169,1,'31',15250,0,15250,'Paid',0,'2020-02-05 00:00:00',3310.08,1655.04,1655.04,0,0,0,118.22,'2020-06-21 00:00:00','2020-06-21 21:15:41','SANAL, NELLANADU\n9526551644','Rupees Fifteen Thousand Two Hundred Fifty Only',0,0,0,0,0,11821.5,3310.08,'Normal',31,NULL,NULL,0),(170,1,'32',15250,0,15250,'Paid',0,'2020-02-07 00:00:00',3310.08,1655.04,1655.04,0,0,0,118.22,'2020-06-21 00:00:00','2020-06-21 21:16:50','SAJEER, AMBALAM MUKKU\n8075361011','Rupees Fifteen Thousand Two Hundred Fifty Only',0,0,0,0,0,11821.5,3310.08,'Normal',32,NULL,NULL,0),(171,1,'33',3500,0,3500,'Paid',0,'2020-02-07 00:00:00',759.69,379.85,379.85,0,0,0,27.13,'2020-06-21 00:00:00','2020-06-21 21:17:45','NOUFAL, THALAVILA\n7012393482','Rupees Three Thousand Five Hundred  Only',0,0,0,0,0,2713.2,759.69,'Normal',33,NULL,NULL,0),(172,1,'34',9150,0,9150,'Paid',0,'2020-02-10 00:00:00',1986.05,993.02,993.02,0,0,0,70.93,'2020-06-21 00:00:00','2020-06-21 21:18:29','SHIBU, KOTTUKKUNNAM\n9446431016','Rupees Nine Thousand One Hundred Fifty Only',0,0,0,0,0,7092.900000000001,1986.05,'Normal',34,NULL,NULL,0),(173,1,'35',6200,0,6200,'Paid',0,'2020-02-16 00:00:00',1345.74,672.87,672.87,0,0,0,48.06,'2020-06-21 00:00:00','2020-06-27 16:22:40','SHAMEER, AMBALAM MUKKU\n9846380796','Rupees Six Thousand Two Hundred  Only',0,0,0,0,0,4806.2,1345.74,'Normal',35,NULL,NULL,0),(174,1,'36',10675,0,10675,'Paid',0,'2020-02-17 00:00:00',2317.05,1158.53,1158.53,0,0,0,82.75,'2020-06-21 00:00:00','2020-06-21 21:20:43','NASEEM, THALAVILA MUKKU\n6282554005','Rupees Ten Thousand Six Hundred Seventy Five Only',0,0,0,0,0,8275.050000000001,2317.05,'Normal',36,NULL,NULL,0),(175,1,'37',6100,0,6100,'Paid',0,'2020-02-17 00:00:00',1324.03,662.01,662.01,0,0,0,47.29,'2020-06-21 00:00:00','2020-06-21 21:21:41','SAJEEV, KATTUCHANTHA\n9846381919','Rupees Six Thousand One Hundred  Only',0,0,0,0,0,4728.6,1324.03,'Normal',37,NULL,NULL,0),(176,1,'38',1825,0,1825,'Paid',0,'2020-02-18 00:00:00',396.12,198.06,198.06,0,0,0,14.15,'2020-06-21 00:00:00','2020-06-21 21:22:33','SATHAR, THALAVILA MUKKU\n9447958871','Rupees One Thousand Eight Hundred Twenty Five Only',0,0,0,0,0,1414.75,396.12,'Normal',38,NULL,NULL,0),(177,1,'39',4575,0,4575,'Paid',0,'2020-02-18 00:00:00',993.02,496.51,496.51,0,0,0,35.46,'2020-06-21 00:00:00','2020-06-21 21:23:15','KHALAM, VANDITHADAM\n9946441655','Rupees Four Thousand Five Hundred Seventy Five Only',0,0,0,0,0,3546.4500000000003,993.02,'Normal',39,NULL,NULL,0),(178,1,'40',620,0,620,'Paid',0,'2020-02-19 00:00:00',134.57,67.28,67.28,0,0,0,4.81,'2020-06-21 00:00:00','2020-06-21 21:23:49','FAHAD, THALAVILA','Rupees Six Hundred Twenty Only',0,0,0,0,0,480.62,134.57,'Normal',40,NULL,NULL,0),(179,1,'41',4000,0,4000,'Paid',0,'2020-02-20 00:00:00',868.22,434.11,434.11,0,0,0,31.01,'2020-06-21 00:00:00','2020-06-21 21:25:16','THANKAMANI, SOUPARNIKA\nPANTHAPLAVIKONAM.\n9447501392','Rupees Four Thousand  Only',0,0,0,0,0,3100.7999999999997,868.22,'Normal',41,NULL,NULL,0),(180,1,'42',35500,0,35500,'Paid',0,'2020-02-23 00:00:00',7705.43,3852.72,3852.72,0,0,0,275.19,'2020-06-21 00:00:00','2020-06-21 21:26:21','JAYACHANDRAN,\nVENJARAMOODU.\n9895278215','Rupees Thirty Five Thousand Five Hundred  Only',0,0,0,0,0,27519,7705.43,'Normal',42,NULL,NULL,0),(181,1,'43',35500,0,35500,'Paid',0,'2020-02-24 00:00:00',7705.43,3852.72,3852.72,0,0,0,275.19,'2020-06-21 00:00:00','2020-06-30 21:57:20','NASEEM, MANALIMUKKU\nVENJARAMOODU.\n9895336048','Rupees Thirty Five Thousand Five Hundred  Only',0,0,0,0,0,27519,7705.43,'Normal',43,NULL,NULL,0),(182,1,'B-6',36500,0,36500,'Paid',0,'2020-02-19 00:00:00',7984.38,3992.19,3992.19,0,0,0,0,'2020-06-21 00:00:00','2020-06-21 21:31:00','MANITHALI HOLLOW BRICKS\nVAMANAPURAM.\n32BPTPJ526F1ZP','Rupees Thirty Six Thousand Five Hundred  Only',0,0,0,0,0,28516.000000000004,7984.38,'B2B',6,NULL,NULL,0),(183,1,'B-7',18250,0,18250,'Paid',0,'2020-02-27 00:00:00',3992.19,1996.1,1996.1,0,0,0,0,'2020-06-21 00:00:00','2020-07-09 13:30:14','MANITHALI HOLLOW BRICKS\nVAMANAPURAM.\n32BPTPJ526F1ZP.','Rupees Eighteen Thousand Two Hundred Fifty Only',0,0,0,0,0,14258.000000000002,3992.19,'B2B',7,NULL,NULL,0),(184,1,'44',11340,0,11340,'Paid',0,'2020-03-02 00:00:00',2461.4,1230.7,1230.7,0,0,0,87.91,'2020-06-21 00:00:00','2020-07-13 12:46:11','ANSAR, THALAVILA\nKALLAMBALAM','Rupees Eleven Thousand Three Hundred Forty Only',0,0,0,0,0,8790.599999999999,2461.4,'Normal',44,'','ANSAR, THALAVILA\nKALLAMBALAM',0),(185,1,'45',35500,0,35500,'Paid',0,'2020-03-07 00:00:00',7705.43,3852.72,3852.72,0,0,0,275.19,'2020-06-21 00:00:00','2020-06-21 21:35:28','SAKKEER, KAPPAMVILA\nNAVAIKULAM','Rupees Thirty Five Thousand Five Hundred  Only',0,0,0,0,0,27519,7705.43,'Normal',45,NULL,NULL,0),(186,1,'46',10650,0,10650,'Paid',0,'2020-03-07 00:00:00',2311.63,1155.82,1155.82,0,0,0,82.56,'2020-06-21 00:00:00','2020-06-21 21:36:14','BAIJU, SEEMANTHAPURAM\nKATTUCHANTHA','Rupees Ten Thousand Six Hundred Fifty Only',0,0,0,0,0,8255.7,2311.63,'Normal',46,NULL,NULL,0),(187,1,'47',10650,0,10650,'Paid',0,'2020-03-09 00:00:00',2311.63,1155.82,1155.82,0,0,0,82.56,'2020-06-21 00:00:00','2020-06-21 21:36:57','SANAL, MADANTHAPACHA\nKALLAMBALAM.','Rupees Ten Thousand Six Hundred Fifty Only',0,0,0,0,0,8255.7,2311.63,'Normal',47,NULL,NULL,0),(188,1,'48',17750,0,17750,'Paid',0,'2020-03-11 00:00:00',3852.71,1926.36,1926.36,0,0,0,137.59,'2020-06-21 00:00:00','2020-06-21 21:37:39','SAMEER, PULIKKUZHI\nKATTUCHANTHA','Rupees Seventeen Thousand Seven Hundred Fifty Only',0,0,0,0,0,13759.5,3852.71,'Normal',48,NULL,NULL,0),(189,1,'49',17750,0,17750,'Paid',0,'2020-03-11 00:00:00',3852.71,1926.36,1926.36,0,0,0,137.59,'2020-06-21 00:00:00','2020-06-21 21:38:17','SENTHIL, KADUVAYIL\nALAMCODE','Rupees Seventeen Thousand Seven Hundred Fifty Only',0,0,0,0,0,13759.5,3852.71,'Normal',49,NULL,NULL,0),(190,1,'50',17750,0,17750,'Paid',0,'2020-03-16 00:00:00',3852.71,1926.36,1926.36,0,0,0,137.59,'2020-06-21 00:00:00','2020-06-21 21:39:05','SANOBAR, NAGARKUZHI\nVENJARAMOODU','Rupees Seventeen Thousand Seven Hundred Fifty Only',0,0,0,0,0,13759.5,3852.71,'Normal',50,NULL,NULL,0),(191,1,'51',35700,0,35700,'Paid',0,'2020-03-17 00:00:00',7748.84,3874.42,3874.42,0,0,0,276.74,'2020-06-21 00:00:00','2020-07-13 12:36:36','VINOD, NAGARKUZHI\nVENJARAMOODU','Rupees Thirty Five Thousand Seven Hundred  Only',0,0,0,0,0,27674.499999999996,7748.84,'Normal',51,'KL-16-M-3232','VINOD, NAGARKUZHI\nVENJARAMOODU',0),(192,1,'52',17750,0,17750,'Paid',0,'2020-03-17 00:00:00',3852.71,1926.36,1926.36,0,0,0,137.59,'2020-06-21 00:00:00','2020-06-21 21:42:09','ANSARI, PALAMKONAM\nVENJARAMOODU','Rupees Seventeen Thousand Seven Hundred Fifty Only',0,0,0,0,0,13759.5,3852.71,'Normal',52,NULL,NULL,0),(193,1,'53',17750,0,17750,'Paid',0,'2020-03-17 00:00:00',3852.71,1926.36,1926.36,0,0,0,137.59,'2020-06-21 00:00:00','2020-06-21 21:43:05','RASIK, MANALIMUKKU\nVENJARAMOODU','Rupees Seventeen Thousand Seven Hundred Fifty Only',0,0,0,0,0,13759.5,3852.71,'Normal',53,NULL,NULL,0),(194,1,'54',35000,0,35000,'Paid',0,'2020-03-19 00:00:00',7596.9,3798.45,3798.45,0,0,0,271.32,'2020-06-21 00:00:00','2020-06-21 21:44:01','ANAS, AMBALAMUKKU\nVAMANAPURAM','Rupees Thirty Five Thousand  Only',0,0,0,0,0,27132,7596.9,'Normal',54,NULL,NULL,0),(195,1,'55',35000,0,35000,'Paid',0,'2020-03-23 00:00:00',7596.9,3798.45,3798.45,0,0,0,271.32,'2020-06-21 00:00:00','2020-06-21 21:44:56','SHIFA, KUTTARA\nVAMANAPURAM','Rupees Thirty Five Thousand  Only',0,0,0,0,0,27132,7596.9,'Normal',55,NULL,NULL,0),(196,1,'56',46000,0,46000,'Paid',0,'2020-03-23 00:00:00',9984.5,4992.25,4992.25,0,0,0,356.59,'2020-06-21 00:00:00','2020-06-21 21:46:52','NOUSHAD, THALAVILA\nKALLAMBALAM','Rupees Forty Six Thousand  Only',0,0,0,0,0,35658.6,9984.5,'Normal',56,NULL,NULL,0),(197,1,'57',18250,0,18250,'Paid',0,'2020-03-23 00:00:00',3961.24,1980.62,1980.62,0,0,0,141.47,'2020-06-21 00:00:00','2020-06-21 21:47:45','MOHANAN,\nPUTHUSSERY MUKKU\nKALLAMBALAM','Rupees Eighteen Thousand Two Hundred Fifty Only',0,0,0,0,0,14147.5,3961.24,'Normal',57,NULL,NULL,0),(198,1,'B-8',24850,0,24850,'Paid',0,'2020-03-17 00:00:00',5435.94,2717.97,2717.97,0,0,0,0,'2020-06-21 00:00:00','2020-07-03 10:35:07','NILACKAL TRADERS, THYCADU\nVENJARAMOODU.\n32ACKPH7670K1ZC','Rupees Twenty Four Thousand Eight Hundred Fifty Only',0,0,0,0,0,19413.8,5435.94,'B2B',8,NULL,NULL,0),(199,1,'B-9',23075,0,23075,'Paid',0,'2020-03-23 00:00:00',5047.66,2523.83,2523.83,0,0,0,0,'2020-06-21 00:00:00','2020-07-09 13:31:41','NILACKAL TRADERS, THYCADU\nVENJARAMOODU.\n32ACKPH7670K1ZC.','Rupees Twenty Three Thousand Seventy Five Only',0,0,0,0,0,18027.1,5047.66,'B2B',9,NULL,NULL,0),(200,1,'58',36500,0,36500,'Paid',0,'2020-04-20 00:00:00',7922.48,3961.24,3961.24,0,0,0,282.95,'2020-06-21 00:00:00','2020-06-21 21:52:20','ANSARI, PERUMALA\nVENJARAMOODU','Rupees Thirty Six Thousand Five Hundred  Only',0,0,0,0,0,28295,7922.48,'Normal',58,NULL,NULL,0),(201,1,'59',36000,0,36000,'Paid',0,'2020-04-21 00:00:00',7813.95,3906.97,3906.97,0,0,0,279.07,'2020-06-21 00:00:00','2020-06-21 21:56:06','REENA BEEGUM,\nVALAVUPACHA\nVENJARAMOODU','Rupees Thirty Six Thousand  Only',0,0,0,0,0,27907,7813.95,'Normal',59,NULL,NULL,0),(202,1,'60',18250,0,18250,'Paid',0,'2020-04-21 00:00:00',3961.24,1980.62,1980.62,0,0,0,141.47,'2020-06-21 00:00:00','2020-06-21 21:57:07','SALEEM, AMBALAM MUKKU\nVAMANAPURAM','Rupees Eighteen Thousand Two Hundred Fifty Only',0,0,0,0,0,14147.5,3961.24,'Normal',60,NULL,NULL,0),(203,1,'61',18000,0,18000,'Paid',0,'2020-04-22 00:00:00',3906.98,1953.49,1953.49,0,0,0,139.53,'2020-06-21 00:00:00','2020-06-21 21:57:59','SURA, KUTTARA\nVAMANAPURAM','Rupees Eighteen Thousand  Only',0,0,0,0,0,13953.5,3906.98,'Normal',61,NULL,NULL,0),(204,1,'62',10689.36,0,10689,'Paid',0,'2020-04-22 00:00:00',2320.17,1160.09,1160.09,0,0,0,82.86,'2020-06-21 00:00:00','2020-07-07 14:04:04','RAHEEM, KUTTARA\nVAMANAPURAM','Rupees Ten Thousand Six Hundred Eighty Nine Only',-0.3600000000005821,0,0,0,0,8286.35,2320.17,'Normal',62,NULL,NULL,0),(205,1,'63',18000,0,18000,'Paid',0,'2020-04-23 00:00:00',3906.98,1953.49,1953.49,0,0,0,139.53,'2020-06-21 00:00:00','2020-06-21 21:59:07','ANSIYA, KATTUCHANTHA\nPONGANADU','Rupees Eighteen Thousand  Only',0,0,0,0,0,13953.5,3906.98,'Normal',63,NULL,NULL,0),(206,1,'64',26650,0,26650,'Paid',0,'2020-04-24 00:00:00',5784.5,2892.25,2892.25,0,0,0,206.59,'2020-06-21 00:00:00','2020-06-21 21:59:53','SAKKEER, KAPPAMVILA\nPONGANADU.','Rupees Twenty Six Thousand Six Hundred Fifty Only',0,0,0,0,0,20658.95,5784.5,'Normal',64,NULL,NULL,0),(207,1,'65',28700,0,28700,'Paid',0,'2020-04-28 00:00:00',6229.46,3114.73,3114.73,0,0,0,222.48,'2020-06-21 00:00:00','2020-06-21 22:00:40','SUNEERA, PUTHIYAKAVU\nKILIMANOOR','Rupees Twenty Eight Thousand Seven Hundred  Only',0,0,0,0,0,22248.1,6229.46,'Normal',65,NULL,NULL,0),(208,1,'66',26650,0,26650,'Paid',0,'2020-04-28 00:00:00',5784.5,2892.25,2892.25,0,0,0,206.59,'2020-06-21 00:00:00','2020-06-21 22:01:11','SHAJAHAN, NELLANADU\nVAMANAPURAM','Rupees Twenty Six Thousand Six Hundred Fifty Only',0,0,0,0,0,20658.95,5784.5,'Normal',66,NULL,NULL,0),(209,1,'67',28700,0,28700,'Paid',0,'2020-04-30 00:00:00',6229.46,3114.73,3114.73,0,0,0,222.48,'2020-06-21 00:00:00','2020-06-21 22:01:58','RAMSAD, PERUMALA\nVENJARAMOODU','Rupees Twenty Eight Thousand Seven Hundred  Only',0,0,0,0,0,22248.1,6229.46,'Normal',67,NULL,NULL,0),(210,1,'68',32800,0,32800,'Paid',0,'2020-04-30 00:00:00',7119.38,3559.69,3559.69,0,0,0,254.26,'2020-06-21 00:00:00','2020-06-30 20:08:09','NOUSHAD, THALAVILA\nKALLAMBALAM','Rupees Thirty Two Thousand Eight Hundred  Only',0,0,0,0,0,25426.399999999998,7119.38,'Normal',68,NULL,NULL,0),(211,3,'69',4500,0,4500,'Paid',0,'2020-06-24 00:00:00',976.74,488.37,488.37,0,0,0,34.88,'2020-06-24 00:00:00','2020-06-24 21:16:11','NILACKAL TRADERS\nTHYCADU, VENJARAMOODU.\n32ACKPH7670K1ZC','Rupees Four Thousand Five Hundred  Only',0,0,0,0,0,3488.3999999999996,976.74,'Normal',69,NULL,NULL,0),(212,5,'70',4380,0,4380,'Paid',0,'2020-06-24 00:00:00',950.7,475.35,475.35,0,0,0,33.95,'2020-06-24 00:00:00','2020-06-24 21:32:40','BISMI ENTERPRISES\nVENJARAMOODU.\n32ANFPM9770R1Z6','Rupees Four Thousand Three Hundred Eighty Only',0,0,0,0,0,3395.2999999999997,950.7,'Normal',70,NULL,NULL,0),(213,6,'71',4206.09,0,4206,'Paid',0,'2020-06-24 00:00:00',912.95,456.48,456.48,0,0,0,32.61,'2020-06-24 00:00:00','2020-07-12 12:13:10','NOUSHAD\nKATTUCHANTHA\n7559975735','Rupees Four Thousand Two Hundred Six Only',-0.09000000000014552,0,0,0,0,3260.5,912.95,'Normal',71,'KL-16-T-5409','SALAHUDEEN,\nTHALAVILA SITE\nPC MUKKU PO\nMOB: 9447822343',0),(214,4,'72',3027.31,0,3027,'Paid',0,'2020-06-24 00:00:00',657.09,328.54,328.54,0,0,0,23.47,'2020-06-24 00:00:00','2020-07-09 09:32:37','RAKHI TRADERS\nVAMANAPURAM\n32BDGPD22359P1ZF','Rupees Three Thousand Twenty Seven Only',-0.30999999999994543,0,0,0,0,2346.75,657.09,'Normal',72,NULL,NULL,0),(215,3,'73',8682.1,0,8682,'Paid',0,'2020-02-19 00:00:00',1884.48,942.24,942.24,0,0,0,67.3,'2020-06-30 00:00:00','2020-07-08 14:00:31','NILACKAL TRADERS\nTHYCADU, VENJARAMOODU.\n32ACKPH7670K1ZC','Rupees Eight Thousand Six Hundred Eighty Two Only',-0.1000000000003638,0,0,0,0,6730.27,1884.48,'Normal',73,NULL,NULL,0),(216,3,'B-10',7136.2,0,7136,'Paid',0,'2020-02-19 00:00:00',1561.04,780.52,780.52,0,0,0,0,'2020-06-30 00:00:00','2020-07-12 11:42:34','NILACKAL TRADERS\nTHYCADU, VENJARAMOODU.\n32ACKPH7670K1ZC','Rupees Seven Thousand One Hundred Thirty Six Only',-0.1999999999998181,0,0,0,0,5575.1,1561.04,'B2B',10,'','NILACKAL TRADERS\nTHYCADU, VENJARAMOODU.\n32ACKPH7670K1ZC',0),(217,1,'74',6197.4,0,6197,'Credit',0,'2020-07-01 00:00:00',1345.18,672.59,672.59,0,0,0,48.04,'2020-07-01 00:00:00','2020-07-01 08:25:56','test	','Rupees Six Thousand One Hundred Ninety Seven Only',-0.3999999999996362,0,0,0,0,4804.16,1345.18,'Normal',74,NULL,NULL,0),(218,1,'75',6017.03,0,6017,'Paid',0,'2020-04-22 00:00:00',1306.02,653.01,653.01,0,0,0,46.64,'2020-07-06 00:00:00','2020-07-09 09:46:28','Missed ','Rupees Six Thousand Seventeen Only',-0.02999999999974534,0,0,0,0,4664.42,1306.02,'Normal',75,NULL,NULL,0),(219,5,'B-11',41400,0,41400,'Paid',0,'2020-07-09 00:00:00',9056.25,4528.12,4528.12,0,0,0,0,'2020-07-09 00:00:00','2020-07-09 12:28:25','BISMI ENTERPRISES\nVENJARAMOODU.\n32ANFPM9770R1Z6','Rupees Forty One Thousand Four Hundred  Only',0,0,0,0,0,32344,9056.25,'B2B',11,NULL,NULL,0),(220,5,'B-12',26787,0,26787,'Paid',0,'2020-07-09 00:00:00',5859.66,2929.83,2929.83,0,0,0,0,'2020-07-09 00:00:00','2020-07-09 13:28:26','BISMI ENTERPRISES\nVENJARAMOODU.\nGSTIN :32ANFPM9770R1Z6','Rupees Twenty Six Thousand Seven Hundred Eighty Seven Only',0,0,0,0,0,20927.5,5859.66,'B2B',12,NULL,NULL,0),(221,3,'B-13',45046.8,0,45047,'Paid',0,'2020-07-09 00:00:00',9853.99,4926.99,4926.99,0,0,0,0,'2020-07-09 00:00:00','2020-07-09 12:29:25','NILACKAL TRADERS\nTHYCADU, VENJARAMOODU.\n32ACKPH7670K1ZC','Rupees Forty Five Thousand Forty Seven Only',0.19999999999708962,0,0,0,0,35192.7,9853.99,'B2B',13,NULL,NULL,0),(222,5,'B-14',20020.8,0,20021,'Paid',0,'2020-07-09 00:00:00',4379.55,2189.78,2189.78,0,0,0,0,'2020-07-09 00:00:00','2020-07-09 13:13:07','BISMI ENTERPRISES, \nVENJARAMOODU.\n32ANFPM9770R1Z6','Rupees Twenty Thousand Twenty One Only',0.2000000000007276,0,0,0,0,15641.199999999999,4379.55,'B2B',14,NULL,NULL,0),(223,10,'B-15',5005.2,0,5005,'Paid',0,'2020-07-09 00:00:00',1094.89,547.45,547.45,0,0,0,0,'2020-07-09 00:00:00','2020-07-12 12:17:19','MANITHALI HOLLOW BRICKS, \nVAMANAPURAM.\n32BPTPJ526F1ZP','Rupees Five Thousand Five Only',-0.1999999999998181,0,0,0,0,3910.2999999999997,1094.89,'B2B',15,'KL-21-F-5505','MANITHALI HOLLOW BRICKS, \nVAMANAPURAM.\n32BPTPJ526F1ZP.\nPH: 9400857877',0),(224,4,'B-16',16800,0,16800,'Paid',0,'2020-07-09 00:00:00',3675,1837.5,1837.5,0,0,0,0,'2020-07-09 00:00:00','2020-07-12 11:30:32','RAKHI TRADERS, \nVAMANAPURAM\n32BDGPD22359P1ZF','Rupees Sixteen Thousand Eight Hundred  Only',0,0,0,0,0,13125,3675,'B2B',16,'KL-21-R-4323','RAKHI TRADERS, \nVAMANAPURAM\n32BDGPD22359P1ZF',0),(225,8,'76',2344.65,111.35,2345,'Paid',0,'2020-07-22 00:00:00',350.54,175.27,175.27,2.38,340.09,2.24,19.3,'2020-07-22 00:00:00','2020-07-24 10:21:24','SATHAR, \nTHALAVILA MUKKU\n9447953332','Rupees Two Thousand Three Hundred Forty Five Only',0.34999999999990905,44.76,19.82,1889.3799999999999,0,20.84,5.83,'Normal',76,'KL-16-E-3357','SATHAR, \nTHALAVILA MUKKU\n9447953332',0),(226,7,'77',3256,867,3256,'Paid',0,'2020-07-23 00:00:00',123.41,61.71,61.71,38.65,74.05,10.71,7.34,'2020-07-23 00:00:00','2020-07-24 17:03:13','SAJEEV, \nKATTUCHANTHA\n9846381919','Rupees Three Thousand Two Hundred Fifty Six Only',0,214.35,322.3,411.37,2177.5,0,0,'Normal',77,'KL-16-D-3421','SAJEEV, \nKATTUCHANTHA\n9846381919',0),(227,4,'78',694.5,65.5,694,'Paid',0,'2020-07-25 00:00:00',131.36,65.68,65.68,0,44.56,0,5.58,'2020-07-25 00:00:00','2020-07-26 15:27:37','RAKHI TRADERS, \nVAMANAPURAM\n32BDGPD22359P1ZF','Rupees Six Hundred Ninety Four Only',0.5,0,0,247.56,0,310,86.8,'Normal',78,'KL-32453','RAKHI TRADERS, \nVAMANAPURAM\n32BDGPD22359P1ZF',0),(228,4,'79',1001.04,0,1001,'Paid',0,'2021-07-06 00:00:00',217.28,108.64,108.64,0,0,0,7.76,'2021-07-06 00:00:00','2021-07-06 21:24:29','RAKHI TRADERS, \nVAMANAPURAM\n32BDGPD22359P1ZF','Rupees One Thousand One Only',-0.03999999999996362,0,0,0,0,776,217.28,'Normal',79,'','RAKHI TRADERS, \nVAMANAPURAM\n32BDGPD22359P1ZF',0),(229,4,'B-17',2070,0,2070,'Paid',0,'2021-07-06 00:00:00',452.81,226.41,226.41,0,0,0,0,'2021-07-06 00:00:00','2021-07-06 21:25:08','RAKHI TRADERS, \nVAMANAPURAM\n32BDGPD22359P1ZF','Rupees Two Thousand Seventy Only',0,0,0,0,0,1617.2,452.81,'B2B',17,'','RAKHI TRADERS, \nVAMANAPURAM\n32BDGPD22359P1ZF',0),(230,1,'80',4200,0,4200,'Paid',0,'2020-01-15 00:00:00',911.63,455.81,455.81,0,0,0,32.56,'2021-08-25 00:00:00','2021-08-25 12:47:29','','Rupees Four Thousand Two Hundred  Only',0,0,0,0,0,3255.7999999999997,911.63,'Normal',80,'','',0),(231,5,'81',2502.6,0,2503,'Paid',0,'2021-08-25 00:00:00',547.44,273.72,273.72,0,0,0,0,'2021-08-25 00:00:00','2021-08-25 12:49:14','BISMI ENTERPRISES, \nVENJARAMOODU.\n32ANFPM9770R1Z6','Rupees Two Thousand Five Hundred Three Only',0.40000000000009095,0,0,0,0,1955.1499999999999,547.44,'Normal',81,'','',0),(232,6,'82',2800,0,2800,'Paid',0,'2021-08-25 00:00:00',612.5,306.25,306.25,0,0,0,0,'2021-08-25 00:00:00','2021-08-25 12:54:43','NOUSHAD, \nKATTUCHANTHA\n7559975735','Rupees Two Thousand Eight Hundred  Only',0,0,0,0,0,2187.5,612.5,'Normal',82,'','',0),(233,1,'83',716.8,0,717,'Paid',0,'2021-12-09 00:00:00',156.8,0,0,0,0,0,0,'2021-12-09 00:00:00','2021-12-09 18:32:44','','Rupees Seven Hundred Seventeen Only',0.20000000000004547,0,0,0,0,560,156.8,'Normal',83,'','',156.8),(234,8,'84',1001.04,0,1001,'Paid',0,'2021-12-09 00:00:00',218.98,109.49,109.49,0,0,0,0,'2021-12-09 00:00:00','2021-12-09 19:03:31','SATHAR, \nTHALAVILA MUKKU\n9447958871','Rupees One Thousand One Only',-0.03999999999996362,0,0,0,0,782.06,218.98,'Normal',84,'','',0),(235,10,'B-18',25026,0,25026,'Credit',0,'2021-12-09 00:00:00',5474.44,0,0,0,0,0,0,'2021-12-09 00:00:00','2021-12-09 19:04:00','MANITHALI HOLLOW BRICKS, \nVAMANAPURAM.\n32BPTPJ526F1ZP','Rupees Twenty Five Thousand Twenty Six Only',0,0,0,0,0,19551.5,5474.44,'B2B',18,'','',5474.44);

/*Table structure for table `sales_details` */

DROP TABLE IF EXISTS `sales_details`;

CREATE TABLE `sales_details` (
  `sales_details_id` bigint(20) NOT NULL AUTO_INCREMENT,
  `sales_id` bigint(20) NOT NULL,
  `hsn_code` varchar(50) DEFAULT NULL,
  `item_name` varchar(200) DEFAULT NULL,
  `unit_price` double DEFAULT NULL,
  `gst_percentage` double DEFAULT NULL,
  `gst_amount` double DEFAULT NULL,
  `quantity` double DEFAULT NULL,
  `gross_amount` double DEFAULT NULL,
  `discount` double DEFAULT NULL,
  `net_amount` double DEFAULT NULL,
  `item_id` bigint(20) DEFAULT NULL,
  `mrp` double DEFAULT NULL,
  PRIMARY KEY (`sales_details_id`),
  KEY `sales detail to item relation` (`hsn_code`),
  KEY `fk_sales` (`sales_id`),
  CONSTRAINT `fk_sales` FOREIGN KEY (`sales_id`) REFERENCES `sales` (`sales_id`) ON DELETE CASCADE ON UPDATE NO ACTION
) ENGINE=InnoDB AUTO_INCREMENT=757 DEFAULT CHARSET=utf8;

/*Data for the table `sales_details` */

insert  into `sales_details`(`sales_details_id`,`sales_id`,`hsn_code`,`item_name`,`unit_price`,`gst_percentage`,`gst_amount`,`quantity`,`gross_amount`,`discount`,`net_amount`,`item_id`,`mrp`) values (599,134,'2523','PPC Cement (Hebbal)',236.43,28,662.02,10,3026.36,0,3026.36,2234,NULL),(600,135,'25232940','CHETTINAD CEMENT SLAG PAPER',275.19,28,770.54,10,3522.48,0,3522.48,2232,NULL),(601,136,'25232930','RAMCO CEMENT PPC 50KG',279.07,28,1953.49,25,8930.23,0,8930.23,2233,NULL),(602,137,'25232940','CHETTINAD CEMENT SLAG PAPER',275.19,28,385.27,5,1761.24,0,1761.24,2232,NULL),(603,138,'2523','PPC Cement (Hebbal)',236.43,28,3310.08,50,15131.78,0,15131.78,2234,NULL),(604,139,'25232930','RAMCO CEMENT PPC 50KG',279.07,28,781.4,10,3572.09,0,3572.09,2233,NULL),(605,140,'2523','PPC Cement (Hebbal)',236.43,28,1324.03,20,6052.71,0,6052.71,2234,NULL),(606,141,'25232940','CHETTINAD CEMENT SLAG PAPER',236.43,28,993.02,15,4539.53,0,4539.53,2232,NULL),(607,142,'2523','PPC Cement (Hebbal)',236.43,28,331.01,5,1513.18,0,1513.18,2234,NULL),(608,143,'2523','PPC Cement (Hebbal)',236.43,28,2317.05,35,10592.25,0,10592.25,2234,NULL),(609,144,'25232930','RAMCO CEMENT PPC 50KG',279.07,28,390.7,5,1786.05,0,1786.05,2233,NULL),(612,147,'2523','PPC Cement (Hebbal)',236.43,28,993.02,15,4539.53,0,4539.53,2234,NULL),(613,148,'2523','PPC Cement (Hebbal)',236.43,28,331.01,5,1513.18,0,1513.18,2234,NULL),(614,149,'2523','PPC Cement (Hebbal)',236.43,28,1655.04,25,7565.89,0,7565.89,2234,NULL),(615,150,'2523','PPC Cement (Hebbal)',236.43,28,993.02,15,4539.53,0,4539.53,2234,NULL),(617,152,'2523','PPC Cement (Hebbal)',236.43,28,198.6,3,907.91,0,907.91,2234,NULL),(619,154,'2523','PPC Cement (Hebbal)',236.43,28,3310.08,50,15131.78,0,15131.78,2234,NULL),(621,156,'2523','PPC Cement (Hebbal)',236.43,28,331.01,5,1513.18,0,1513.18,2234,NULL),(622,157,'2523','PPC Cement (Hebbal)',236.43,28,331.01,5,1513.18,0,1513.18,2234,NULL),(625,160,'2523','PPC Cement (Hebbal)',236.43,28,4303.1,65,19671.32,0,19671.32,2234,NULL),(626,161,'25232940','CHETTINAD CEMENT SLAG PAPER',271.32,28,3798.45,50,17364.34,0,17364.34,2232,NULL),(627,162,'2523','PPC Cement (Hebbal)',242.19,28,3390.62,50,15500,0,15500,2234,NULL),(628,163,'2523','PPC Cement (Hebbal)',242.19,28,3390.62,50,15500,0,15500,2234,NULL),(629,164,'2523','PPC Cement (Hebbal)',242.19,28,1695.31,25,7750,0,7750,2234,NULL),(630,165,'2523','PPC Cement (Hebbal)',238.28,28,3335.94,50,15250,0,15250,2234,NULL),(631,166,'2523','PPC Cement (Hebbal)',238.28,28,3335.94,50,15250,0,15250,2234,NULL),(632,167,'25232930','RAMCO CEMENT PPC 50KG',279.07,28,1953.49,25,8930.23,0,8930.23,2233,NULL),(633,168,'2523','PPC Cement (Hebbal)',236.43,28,3310.08,50,15131.78,0,15131.78,2234,NULL),(634,169,'2523','PPC Cement (Hebbal)',236.43,28,3310.08,50,15131.78,0,15131.78,2234,NULL),(635,170,'2523','PPC Cement (Hebbal)',236.43,28,3310.08,50,15131.78,0,15131.78,2234,NULL),(636,171,'25232940','CHETTINAD CEMENT SLAG PAPER',271.32,28,759.69,10,3472.87,0,3472.87,2232,NULL),(637,172,'2523','PPC Cement (Hebbal)',236.43,28,1986.05,30,9079.07,0,9079.07,2234,NULL),(638,173,'2523','PPC Cement (Hebbal)',240.31,28,1345.74,20,6151.94,0,6151.94,2234,NULL),(639,174,'2523','PPC Cement (Hebbal)',236.43,28,2317.05,35,10592.25,0,10592.25,2234,NULL),(640,175,'2523','PPC Cement (Hebbal)',236.43,28,1324.03,20,6052.71,0,6052.71,2234,NULL),(641,176,'25232930','RAMCO CEMENT PPC 50KG',282.95,28,396.12,5,1810.85,0,1810.85,2233,NULL),(642,177,'2523','PPC Cement (Hebbal)',236.43,28,993.02,15,4539.53,0,4539.53,2234,NULL),(643,178,'2523','PPC Cement (Hebbal)',240.31,28,134.57,2,615.19,0,615.19,2234,NULL),(644,179,'25232930','DALMIA PPC 50KG BAG - BOPP',310.08,28,868.22,10,3968.99,0,3968.99,2235,NULL),(645,180,'25232930','DALMIA PPC 50KG BAG - BOPP',275.19,28,7705.43,100,35224.81,0,35224.81,2235,NULL),(646,181,'25232930','DALMIA PPC 50KG BAG - BOPP',275.19,28,7705.43,100,35224.81,0,35224.81,2235,NULL),(647,182,'25232930','DALMIA PPC 50KG BAG - BOPP',285.16,28,7984.38,100,36500,0,36500,2235,NULL),(648,183,'25232930','DALMIA PPC 50KG BAG - BOPP',285.16,28,3992.19,50,18250,0,18250,2235,NULL),(650,185,'25232930','DALMIA PPC 50KG BAG - BOPP',275.19,28,7705.43,100,35224.81,0,35224.81,2235,NULL),(651,186,'25232930','DALMIA PPC 50KG BAG - BOPP',275.19,28,2311.63,30,10567.44,0,10567.44,2235,NULL),(652,187,'25232930','DALMIA PPC 50KG BAG - BOPP',275.19,28,2311.63,30,10567.44,0,10567.44,2235,NULL),(653,188,'25232930','DALMIA PPC 50KG BAG - BOPP',275.19,28,3852.71,50,17612.4,0,17612.4,2235,NULL),(654,189,'25232930','DALMIA PPC 50KG BAG - BOPP',275.19,28,3852.71,50,17612.4,0,17612.4,2235,NULL),(655,190,'25232930','DALMIA PPC 50KG BAG - BOPP',275.19,28,3852.71,50,17612.4,0,17612.4,2235,NULL),(656,191,'25232930','DALMIA PPC 50KG BAG - BOPP',271.32,28,2279.07,30,10418.6,0,10418.6,2235,NULL),(657,191,'25232930','RAMCO CEMENT PPC 50KG',279.07,28,5469.77,70,25004.65,0,25004.65,2233,NULL),(658,192,'25232930','DALMIA PPC 50KG BAG - BOPP',275.19,28,3852.71,50,17612.4,0,17612.4,2235,NULL),(659,193,'25232930','DALMIA PPC 50KG BAG - BOPP',275.19,28,3852.71,50,17612.4,0,17612.4,2235,NULL),(660,194,'25232930','DALMIA PPC 50KG BAG - BOPP',271.32,28,7596.9,100,34728.68,0,34728.68,2235,NULL),(661,195,'25232930','DALMIA PPC 50KG BAG - BOPP',271.32,28,7596.9,100,34728.68,0,34728.68,2235,NULL),(662,196,'25232930','DALMIA PPC 50KG BAG - BOPP',271.32,28,2279.07,30,10418.6,0,10418.6,2235,NULL),(663,196,'25232910','DALMIA OPC53 50KG - HDPE',275.19,28,7705.43,100,35224.81,0,35224.81,2236,NULL),(664,197,'25232930','RAMCO CEMENT PPC 50KG',282.95,28,3961.24,50,18108.53,0,18108.53,2233,NULL),(665,198,'25232930','DALMIA PPC 50KG BAG - BOPP',277.34,28,5435.94,70,24850,0,24850,2235,NULL),(666,199,'25232930','DALMIA PPC 50KG BAG - BOPP',277.34,28,5047.66,65,23075,0,23075,2235,NULL),(667,200,'25232930','DALMIA PPC 50KG BAG - BOPP',282.95,28,7922.48,100,36217.05,0,36217.05,2235,NULL),(668,201,'25232930','DALMIA PPC 50KG BAG - BOPP',279.07,28,7813.95,100,35720.93,0,35720.93,2235,NULL),(669,202,'25232930','DALMIA PPC 50KG BAG - BOPP',282.95,28,3961.24,50,18108.53,0,18108.53,2235,NULL),(670,203,'25232930','DALMIA PPC 50KG BAG - BOPP',279.07,28,3906.98,50,17860.47,0,17860.47,2235,NULL),(672,205,'25232930','DALMIA PPC 50KG BAG - BOPP',279.07,28,3906.98,50,17860.47,0,17860.47,2235,NULL),(673,206,'25232930','DALMIA PPC 50KG BAG - BOPP',317.83,28,5784.5,65,26443.41,0,26443.41,2235,NULL),(674,207,'25232930','DALMIA PPC 50KG BAG - BOPP',317.83,28,6229.46,70,28477.52,0,28477.52,2235,NULL),(675,208,'25232930','DALMIA PPC 50KG BAG - BOPP',317.83,28,5784.5,65,26443.41,0,26443.41,2235,NULL),(676,209,'25232930','DALMIA PPC 50KG BAG - BOPP',317.83,28,6229.46,70,28477.52,0,28477.52,2235,NULL),(677,210,'25232930','DALMIA PPC 50KG BAG - BOPP',317.83,28,7119.38,80,32545.74,0,32545.74,2235,NULL),(678,211,'25232930','Dalmia DSP Concrete Expert',348.84,28,976.74,10,4465.12,0,4465.12,2237,NULL),(679,212,'25232930','Dalmia DSP Concrete Expert',339.53,28,950.7,10,4346.05,0,4346.05,2237,NULL),(681,213,'25232930','DALMIA PPC 50KG BAG - BOPP',326.05,28,912.95,10,4173.49,0,4173.49,2235,NULL),(682,214,'25232930','Dalmia DSP Concrete Expert',415.3,28,348.85,3,1594.76,0,1594.76,2237,NULL),(683,214,'25232910','OPC 53 grade 50KG HDPE White',387.4,28,216.94,2,991.73,0,991.73,2238,NULL),(684,214,'25232930','DALMIA PPC 50KG BAG - BOPP',326.05,28,91.3,1,417.35,0,417.35,2235,NULL),(686,215,'25232940','CHETTINAD CEMENT SLAG PAPER',320.93,28,898.6,10,4107.91,0,4107.91,2232,NULL),(688,215,'25232930','DALMIA PPC 50KG BAG - BOPP',326.05,28,912.95,10,4173.49,0,4173.49,2235,NULL),(690,216,'25232910','DALMIA OPC53 50KG - HDPE',362.3,28,1014.45,10,4637.5,0,4637.5,2236,NULL),(691,216,'25232910','OPC 53 grade 50KG HDPE White',390.42,28,546.59,5,2498.7,0,2498.7,2238,NULL),(692,217,'25232930','Dalmia DSP Concrete Expert',415.3,28,1162.85,10,5315.87,0,5315.87,2237,NULL),(693,217,'25232930','RAMCO CEMENT PPC 50KG',325.58,28,182.33,2,833.49,0,833.49,2233,NULL),(702,204,'2523','PPC Cement (Hebbal)',260.47,28,364.65,5,1666.98,0,1666.98,2234,NULL),(703,218,'2523','PPC Cement (Hebbal)',260.47,28,729.3,10,3333.95,0,3333.95,2234,NULL),(705,218,'25232930','DALMIA PPC 50KG BAG - BOPP',388,28,217.28,2,993.28,0,993.28,2235,NULL),(706,218,'25232940','CHETTINAD CEMENT SLAG PAPER',320.93,28,359.44,4,1643.16,0,1643.16,2232,NULL),(707,204,'25232930','DALMIA PPC 50KG BAG - BOPP',388,28,1955.52,18,8939.52,0,8939.52,2235,NULL),(708,184,'25232930','DALMIA PPC 50KG BAG - BOPP',293.02,28,2461.4,30,11252.09,0,11252.09,2235,NULL),(709,215,'2523','PPC Cement (Hebbal)',260.47,28,72.93,1,333.4,0,333.4,2234,NULL),(710,219,'25232940','CHETTINAD CEMENT SLAG PAPER',323.44,28,9056.25,100,41400,0,41400,2232,NULL),(711,220,'25232930','Dalmia DSP Concrete Expert',418.55,28,5859.66,50,26787,0,26787,2237,NULL),(712,221,'25232930','DALMIA PPC 50KG BAG - BOPP',391.03,28,9853.99,90,45046.8,0,45046.8,2235,NULL),(713,222,'25232930','DALMIA PPC 50KG BAG - BOPP',391.03,28,4379.55,40,20020.8,0,20020.8,2235,NULL),(714,223,'25232930','DALMIA PPC 50KG BAG - BOPP',391.03,28,1094.89,10,5005.2,0,5005.2,2235,NULL),(715,224,'2523','PPC Cement (Hebbal)',262.5,28,3675,50,16800,0,16800,2234,NULL),(716,225,'4356','7Star Rice 50KG Packet',1787.35,18,321.72,1,2109.08,0,2109.08,2238,2200),(717,225,'4356','AVT Tea Powder_500gm',102.03,18,18.37,1,120.4,0,120.4,2240,120),(718,225,'4356','Match Box_12pc Bundlehghhfg fghfh fghf ghf fghfg hfg',10.42,28,5.83,2,26.67,0,26.67,2241,30),(719,225,'4356','Sugar',44.76,5,2.24,1,47,0,47,2239,52),(720,226,'3402','Surf Excel Ew Powder (90G) ',7.56,18,16.34,12,107.09,0,107.09,2242,10),(721,226,'13019013','NS Kayam Tube (15G)',14.29,5,10.71,15,225,0,225,2243,23),(724,226,'19023010','Maggi (70G)',9.91,12,11.89,10,111.01,0,111.01,2244,12),(727,226,'1010','Chappathi Half Cooked',27.5,0,0,5,137.5,0,137.5,2245,40),(728,226,'0713','Urutt Uzhunnu 11',92,0,0,2,184,0,184,2246,124),(729,226,'0713','Payar 11',107,0,0,5,535,0,535,2247,130),(730,226,'3030','Poondu',106,0,0,1,106,0,106,2251,150),(731,226,'10063010','7Star Jaya (5Kg) Kit',190,0,0,1,190,0,190,2252,230),(733,226,'1006','Fine Silky',27,0,0,10,270,0,270,2256,30),(734,226,'100100','Vella Kadala',65,0,0,3,195,0,195,2254,80),(736,226,'2005','Bingo',3.72,12,26.76,60,249.77,0,249.77,2255,5),(737,226,'3401','LORA Soap 20/-',13.24,18,28.59,12,187.41,0,187.41,2250,20),(738,226,'19053100','Oreo Biscuit',23.11,18,29.12,7,190.88,0,190.88,2248,30),(739,226,'12300','Abhiruchi Velichenna (500ml)',86,0,0,5,430,0,430,2249,120),(740,226,'11023','Ajmi Puttu Podi (500)',26,0,0,5,130,0,130,2253,34),(741,227,'25232940','CHETTINAD CEMENT SLAG PAPER',310,28,86.8,1,396.8,0,396.8,2232,450),(742,227,'3402','Surf Excel Ew Powder (90G) ',7.56,18,1.36,1,8.92,0,8.92,2242,10),(743,227,'19053100','Oreo Biscuit',24,18,43.2,10,283.2,0,283.2,2248,30),(744,228,'25232930','DALMIA PPC 50KG BAG - BOPP',388,28,217.28,2,993.28,0,993.28,2235,NULL),(745,229,'25232940','CHETTINAD CEMENT SLAG PAPER',323.44,28,452.81,5,2070,0,2070,2232,NULL),(746,155,'2523','PPC Cement (Hebbal)',218.75,28,61.25,1,280,0,280,2234,NULL),(747,151,'2523','PPC Cement (Hebbal)',217.05,28,607.75,10,2778.29,0,2778.29,2234,NULL),(748,158,'25232930','DALMIA PPC 50KG BAG - BOPP',388,28,543.2,5,2483.2,0,2483.2,2235,NULL),(749,153,'25232930','RAMCO CEMENT PPC 50KG',325.58,28,455.81,5,2083.72,0,2083.72,2233,NULL),(750,230,'25232930','RAMCO CEMENT PPC 50KG',325.58,28,911.63,10,4167.44,0,4167.44,2233,NULL),(751,231,'25232930','DALMIA PPC 50KG BAG - BOPP',391.03,28,547.44,5,2502.6,0,2502.6,2235,NULL),(752,159,'2523','PPC Cement (Hebbal)',217.05,28,607.75,10,2778.29,0,2778.29,2234,NULL),(753,232,'2523','PPC Cement (Hebbal)',218.75,28,612.5,10,2800,0,2800,2234,NULL),(754,233,'25232940','CHETTINAD_1',280,28,156.8,2,716.8,0,716.8,2260,NULL),(755,234,'25232930','DALMIA PPC 50KG BAG - BOPP',391.03,28,218.98,2,1001.04,0,1001.04,2235,NULL),(756,235,'25232930','DALMIA PPC 50KG BAG - BOPP',391.03,28,5474.44,50,25026,0,25026,2235,NULL);

/*Table structure for table `sales_details_vp` */

DROP TABLE IF EXISTS `sales_details_vp`;

CREATE TABLE `sales_details_vp` (
  `sales_details_id` bigint(20) NOT NULL AUTO_INCREMENT,
  `sales_id` bigint(20) NOT NULL,
  `hsn_code` varchar(50) DEFAULT NULL,
  `item_name` varchar(200) DEFAULT NULL,
  `unit_price` double DEFAULT NULL,
  `gst_percentage` double DEFAULT NULL,
  `gst_amount` double DEFAULT NULL,
  `quantity` double DEFAULT NULL,
  `gross_amount` double DEFAULT NULL,
  `discount` double DEFAULT NULL,
  `net_amount` double DEFAULT NULL,
  `item_id` bigint(20) DEFAULT NULL,
  `mrp` double DEFAULT NULL,
  PRIMARY KEY (`sales_details_id`),
  KEY `sales detail to item relation` (`hsn_code`),
  KEY `fk_sales` (`sales_id`)
) ENGINE=InnoDB AUTO_INCREMENT=4 DEFAULT CHARSET=utf8;

/*Data for the table `sales_details_vp` */

insert  into `sales_details_vp`(`sales_details_id`,`sales_id`,`hsn_code`,`item_name`,`unit_price`,`gst_percentage`,`gst_amount`,`quantity`,`gross_amount`,`discount`,`net_amount`,`item_id`,`mrp`) values (1,1,'25232940','CHETTINAD CEMENT SLAG PAPER',323.44,28,90.56,1,414,0,414,2232,NULL),(2,2,'25232940','CHETTINAD_1',280,28,78.4,1,358.4,0,358.4,2260,NULL),(3,3,'25232940','CHETTINAD CEMENT SLAG PAPER',323.44,28,181.12,2,828,0,828,2232,NULL);

/*Table structure for table `sales_vp` */

DROP TABLE IF EXISTS `sales_vp`;

CREATE TABLE `sales_vp` (
  `sales_id` bigint(20) NOT NULL AUTO_INCREMENT,
  `customer_id` bigint(20) DEFAULT NULL,
  `bill_number` varchar(20) NOT NULL,
  `bill_amount` double DEFAULT NULL,
  `discount` double DEFAULT NULL,
  `payable_amount` double DEFAULT NULL,
  `status` varchar(100) DEFAULT NULL,
  `balance_amount` double DEFAULT NULL,
  `sales_date` datetime DEFAULT NULL,
  `total_gst` double DEFAULT NULL,
  `sgst` double DEFAULT NULL,
  `cgst` double DEFAULT NULL,
  `gst_12` double DEFAULT NULL,
  `gst_18` double DEFAULT NULL,
  `gst_30` double DEFAULT NULL,
  `cess` double DEFAULT NULL,
  `create_ts` datetime DEFAULT NULL,
  `update_ts` datetime DEFAULT NULL,
  `customer_name` varchar(200) DEFAULT NULL,
  `amount_in_words` varchar(200) DEFAULT NULL,
  `round_off` double DEFAULT NULL,
  `taxable_at_5` double DEFAULT NULL,
  `taxable_at_12` double DEFAULT NULL,
  `taxable_at_18` double DEFAULT NULL,
  `taxable_at_0` double DEFAULT NULL,
  `taxable_at_28` double DEFAULT NULL,
  `gst_28` double DEFAULT NULL,
  `bill_type` varchar(10) DEFAULT NULL,
  `bill_seq_number` bigint(20) DEFAULT NULL,
  `vehicle_details` varchar(50) DEFAULT NULL,
  `shipping_address` varchar(200) DEFAULT NULL,
  `igst` double DEFAULT '0',
  PRIMARY KEY (`sales_id`)
) ENGINE=InnoDB AUTO_INCREMENT=4 DEFAULT CHARSET=utf8;

/*Data for the table `sales_vp` */

insert  into `sales_vp`(`sales_id`,`customer_id`,`bill_number`,`bill_amount`,`discount`,`payable_amount`,`status`,`balance_amount`,`sales_date`,`total_gst`,`sgst`,`cgst`,`gst_12`,`gst_18`,`gst_30`,`cess`,`create_ts`,`update_ts`,`customer_name`,`amount_in_words`,`round_off`,`taxable_at_5`,`taxable_at_12`,`taxable_at_18`,`taxable_at_0`,`taxable_at_28`,`gst_28`,`bill_type`,`bill_seq_number`,`vehicle_details`,`shipping_address`,`igst`) values (1,1,'V-1',414,0,414,'Paid',0,'2021-12-09 00:00:00',90.56,45.28,45.28,0,0,0,0,'2021-12-09 00:00:00','2021-12-09 19:00:38','','Rupees Four Hundred Fourteen Only',0,0,0,0,0,323.44,90.56,'Normal',1,'','',0),(2,5,'VB-1',358.4,0,358,'Paid',0,'2021-12-09 00:00:00',78.4,39.2,39.2,0,0,0,0,'2021-12-09 00:00:00','2021-12-09 19:02:12','BISMI ENTERPRISES, \nVENJARAMOODU.\n32ANFPM9770R1Z6','Rupees Three Hundred Fifty Eight Only',-0.39999999999997726,0,0,0,0,280,78.4,'B2B',1,'','',0),(3,6,'VB-2',828,0,828,'Paid',0,'2021-12-10 00:00:00',181.12,90.56,90.56,0,0,0,0,'2021-12-10 00:00:00','2021-12-10 07:57:53','NOUSHAD, \nKATTUCHANTHA\n7559975735','Rupees Eight Hundred Twenty Eight Only',0,0,0,0,0,646.88,181.12,'B2B',2,'','',0);

/*Table structure for table `stock` */

DROP TABLE IF EXISTS `stock`;

CREATE TABLE `stock` (
  `item_id` bigint(20) NOT NULL AUTO_INCREMENT,
  `hsn_code` varchar(50) NOT NULL,
  `item_name` varchar(200) NOT NULL,
  `category` varchar(50) DEFAULT NULL,
  `supplier` varchar(50) DEFAULT NULL,
  `description` varchar(200) DEFAULT NULL,
  `purchase_price` double DEFAULT NULL,
  `gst_percentage` double DEFAULT NULL,
  `gst_amount` double DEFAULT NULL,
  `margin` double DEFAULT NULL,
  `discount` double DEFAULT '0',
  `mrp` double DEFAULT NULL,
  `selling_price` double DEFAULT NULL,
  `quantity` double DEFAULT NULL,
  `reorder_quantity` double DEFAULT NULL,
  `update_ts` datetime DEFAULT NULL,
  `stock_entry_quantity` double DEFAULT '0',
  `wholesale_price` double DEFAULT '0',
  PRIMARY KEY (`item_id`)
) ENGINE=InnoDB AUTO_INCREMENT=2269 DEFAULT CHARSET=utf8;

/*Data for the table `stock` */

insert  into `stock`(`item_id`,`hsn_code`,`item_name`,`category`,`supplier`,`description`,`purchase_price`,`gst_percentage`,`gst_amount`,`margin`,`discount`,`mrp`,`selling_price`,`quantity`,`reorder_quantity`,`update_ts`,`stock_entry_quantity`,`wholesale_price`) values (2232,'25232940','CHETTINAD CEMENT SLAG PAPER','Construction','MUGHAL TRADERS','',269.53,28,7546.839999999999,20,0,NULL,413.99807999999996,65,5,NULL,0,0),(2233,'25232930','RAMCO CEMENT PPC 50KG','Construction','ALIF ENTERPRISES','',273.44,28,7656.32,20,0,NULL,420.00383999999997,195,5,'2021-08-25 12:47:00',0,0),(2234,'2523','PPC Cement (Hebbal)','Agriculture','Default','',218.75,28,6125,0,0,0,336,98,5,'2021-08-25 12:54:25',0,0),(2235,'25232930','DALMIA PPC 50KG BAG - BOPP','Construction','Default','',325.86,28,9124.08,20,0,NULL,500.52096000000006,3576,5,'2020-07-07 14:25:06',0,0),(2236,'25232910','DALMIA OPC53 50KG - HDPE','Construction','Default','',301.92,28,8453.76,20,0,NULL,463.74912,145,5,NULL,0,0),(2237,'25232930','Dalmia DSP Concrete Expert','Construction','Default','',348.79,28,9766.12,20,0,NULL,535.74144,18,5,NULL,0,0),(2238,'4356','7Star Rice 50KG Packet','Grocery','Default','',1750,18,31500,3,0,NULL,2126.95,19,5,NULL,20,0),(2239,'4356','Sugar','Grocery','Default','',7,5,35,5,0,NULL,7.717499999999999,99,5,NULL,100,0),(2240,'4356','AVT Tea Powder_500gm','Grocery','Default','',98,18,1764,5,0,NULL,121.422,99,5,'2020-07-24 16:14:05',100,0),(2241,'4356','Match Box_12pc Bundle','Grocery','Default','',10,28,280,5,0,NULL,13.440000000000001,98,5,NULL,100,0),(2242,'3402','Surf Excel Ew Powder (90G) ','Grocery','Default','',7.63,18,137.34,0,0,10,9.0034,87,5,NULL,100,0),(2243,'13019013','NS Kayam Tube (15G)','Grocery','Default','',14.29,5,71.44999999999999,10,0,23,16.504949999999997,35,5,NULL,50,0),(2244,'19023010','Maggi (70G)','Grocery','Default','',9,12,108,10,0,12,11.088000000000001,40,5,'2020-07-24 09:10:08',50,0),(2245,'1010','Chappathi Half Cooked','Grocery','Default','',27.45,0,0,10,0,40,30.195,15,5,'2020-07-24 16:10:37',20,0),(2246,'0713','Urutt Uzhunnu 11','Grocery','Default','',90,0,0,10,0,124,99,18,5,NULL,20,0),(2247,'0713','Payar 11','Grocery','Default','',102,0,0,10,0,130,112.2,15,5,NULL,20,0),(2248,'19053100','Oreo Biscuit','Grocery','Default','',22,18,396,10,0,30,28.556,13,5,NULL,30,0),(2249,'12300','Abhiruchi Velichenna (500ml)','Grocery','Default','',90,0,2520,10,0,120,126.72,25,5,NULL,30,0),(2250,'3401','LORA Soap 20/-','Agriculture','Default','',12,18,216,10,0,20,15.576,8,5,NULL,20,0),(2251,'3030','Poondu','Grocery','Default','',95,0,2660,10,0,150,133.76,19,5,NULL,20,0),(2252,'10063010','7Star Jaya (5Kg) Kit','Agriculture','Default','',170,0,0,10,0,230,187,49,5,NULL,50,0),(2253,'11023','Ajmi Puttu Podi (500)','Grocery','Default','',22,0,0,10,0,34,24.2,5,5,'2020-07-24 16:56:56',10,0),(2254,'100100','Vella Kadala','Grocery','Default','',60,0,0,10,0,80,66,17,5,NULL,20,0),(2255,'2005','Bingo','Grocery','Default','',4,12,48,10,0,5,4.928000000000001,40,5,'2020-07-24 17:03:14',100,0),(2256,'1006','Fine Silky','Grocery','Default','',22,0,0,0,0,30,24.2,40,5,NULL,50,22),(2257,'4356','Match Box_12pc Bundle_New','Grocery','Default','',12,5,60,0,0,15,14,100,5,NULL,100,13),(2258,'1006','Fine Silky_123','Agriculture','Default','',98,5,490,0,0,120,115,20,5,NULL,20,110),(2259,'4356','Sugar_500G','Agriculture','Default','',14,5,70,0,0,20,18,20,5,NULL,20,16),(2260,'25232940','CHETTINAD_1','Agriculture','Default','',280,28,7840,0,0,400,350,18,5,NULL,20,320),(2261,'4356','Sugar_1KG','Agriculture','Default','',32,0,0,0,0,40,38,10,100,NULL,10,36),(2262,'25232940','CHETTINAD_2','Agriculture','Default','',15,5,75,0,0,25,20,10,5,NULL,10,18),(2263,'12234','CHILLI POWDER NIRAPARA 1 KG','Grocery','ABC TRADERS','',101,5,505,0,0,125,120,20,5,NULL,20,117),(2264,'12234','CHILLI POWDER NIRAPARA 500G','Agriculture','Default','',80,5,400,0,0,85,84,100,5,NULL,100,82),(2265,'12234','CHILLI POWDER NIRAPARA 250G','Agriculture','Default','',40,5,200,0,0,45,43,20,5,NULL,20,41),(2266,'12234','CORIANDER NIRAPARA POWDER 1KG','Agriculture','Default','',110,0,0,0,0,120,115,10,5,NULL,10,112),(2267,'152220','CORIANDER NIRAPARA POWDER 500G','Grocery','EEE AGENCIES','',75,5,375,0,0,95,86,20,5,NULL,20,82),(2268,'12234','CORIANDER NIRAPARA POWDER 100G','Grocery','EEE AGENCIES','',20,5,100,0,0,25,24,10,5,NULL,10,22);

/*Table structure for table `stock_backup` */

DROP TABLE IF EXISTS `stock_backup`;

CREATE TABLE `stock_backup` (
  `item_id` bigint(20) NOT NULL DEFAULT '0',
  `hsn_code` varchar(50) NOT NULL,
  `item_name` varchar(200) NOT NULL,
  `category` varchar(50) DEFAULT NULL,
  `supplier` varchar(50) DEFAULT NULL,
  `description` varchar(200) DEFAULT NULL,
  `purchase_price` double DEFAULT NULL,
  `gst_percentage` double DEFAULT NULL,
  `gst_amount` double DEFAULT NULL,
  `margin` double DEFAULT NULL,
  `discount` double DEFAULT NULL,
  `selling_price` double DEFAULT NULL,
  `quantity` double DEFAULT NULL,
  `reorder_quantity` double DEFAULT NULL
) ENGINE=InnoDB DEFAULT CHARSET=utf8;

/*Data for the table `stock_backup` */

insert  into `stock_backup`(`item_id`,`hsn_code`,`item_name`,`category`,`supplier`,`description`,`purchase_price`,`gst_percentage`,`gst_amount`,`margin`,`discount`,`selling_price`,`quantity`,`reorder_quantity`) values (1,'14323','Elbow_3/4\"','Plumbing','KT & Sons','DSDSD',10,12,1.2,20,NULL,13.44,92,5),(2,'3434343','Elbow_1/2\"','Plumbing','MR Trading','Desc',8.5,12,1.02,20,NULL,11.42,25,5),(3,'345353','Spindle','Plumbing','SP Agencies','Desc',23.5,30,7.05,20,NULL,36.66,18,5),(4,'232878','AfterTabIndexSetting','Plumbing','SP Agencies','Test		',23.5,12,2.82,20,NULL,31.58,29,5),(5,'24346','Test','Plumbing','MR Trading','sdfsewrwesfsd\n',10,18,1.8,20,NULL,14.16,100,10),(6,'534532','Test1','Others','MR Trading','asdsadas ewerw rcs sada \n',11,12,1.32,20,NULL,14.78,100,20),(7,'123','WATERTEC TOWEL RING WHITE','Plumbing',NULL,NULL,59,18,10.62,20,NULL,83.54,2,5),(8,'123','WATERTEC WASTE PIPE COLLAPSIBLE ','Plumbing',NULL,NULL,88,18,15.84,20,NULL,124.61,2,5),(9,'123','STAR WHITE RFTA 32X25','Plumbing',NULL,NULL,6.47,18,2.38,20,0,18.69,96,5),(10,'123','STAR WHITE REDUCING BUSH 32X25','Plumbing',NULL,NULL,3.48,18,1.28,20,0,10.05,100,5),(11,'123','STAR WHITE REDUCING BUSH 40X25','Plumbing',NULL,NULL,4.29,18,1.58,20,0,12.39,100,5),(12,'123','STAR WHITE REDUCING BUSH 40X32','Plumbing',NULL,NULL,5.39,18,1.98,20,0,15.58,100,5),(13,'123','STAR WHITE REDUCING BUSH 50X25','Plumbing',NULL,NULL,9.17,18,3.37,20,0,26.48,100,5),(14,'123','STAR WHITE REDUCING BUSH 50X32','Plumbing',NULL,NULL,10.1,18,3.71,20,0,29.17,100,5),(15,'123','STAR WHITE REDUCING BUSH 50X40','Plumbing',NULL,NULL,10.1,18,3.71,20,0,29.17,100,5),(16,'123','STAR WHITE REDUCING BUSH 63X32','Plumbing',NULL,NULL,11.27,18,4.14,20,0,32.57,100,5),(17,'123','STAR WHITE REDUCING BUSH 63X40','Plumbing',NULL,NULL,8.55,18,3.14,20,0,24.71,100,5),(18,'123','STAR WHITE REDUCING BUSH 63X50','Plumbing',NULL,NULL,12.64,18,4.64,20,0,36.53,100,5),(19,'123','STAR WHITE REDUCING BUSH 75X50','Plumbing',NULL,NULL,19.35,18,7.11,20,0,55.93,100,5),(20,'123','STAR WHITE REDUCING BUSH 75X63','Plumbing',NULL,NULL,18.25,18,6.7,20,0,52.75,100,5),(21,'123','STAR WHITE REDUCING BUSH 90X50','Plumbing',NULL,NULL,30.68,18,11.27,20,0,88.64,100,5),(22,'123','STAR WHITE REDUCING BUSH 90X63','Plumbing',NULL,NULL,29.79,18,10.94,20,0,86.09,100,5),(23,'123','STAR WHITE REDUCING BUSH 90X75','Plumbing',NULL,NULL,28.72,18,10.55,20,0,82.98,100,5),(24,'123','STAR WHITE REDUCING BUSH 110X63','Plumbing',NULL,NULL,48.1,18,17.67,20,0,138.98,100,5),(25,'123','STAR WHITE REDUCING BUSH 110X90','Plumbing',NULL,NULL,56.05,18,20.59,20,0,161.99,100,5),(26,'123','STAR WHITE R.P.TEE 32X25','Plumbing',NULL,NULL,10.37,18,3.81,20,0,29.95,100,5),(27,'123','STAR WHITE R.P.TEE 40X25','Plumbing',NULL,NULL,28.59,18,10.5,20,0,82.62,100,5),(28,'123','STAR WHITE R.P.TEE 40X32','Plumbing',NULL,NULL,27.41,18,10.07,20,0,79.23,100,5),(29,'123','STAR WHITE R.P.TEE 50X25','Plumbing',NULL,NULL,29.75,18,10.93,20,0,85.95,100,5),(30,'123','STAR WHITE R.P.TEE 50X32','Plumbing',NULL,NULL,28.72,18,10.55,20,0,82.98,100,5),(31,'123','STAR WHITE R.P.TEE 50X40','Plumbing',NULL,NULL,28.72,18,10.55,20,0,82.98,100,5),(32,'123','STAR WHITE R.P.ELBOW32X25','Plumbing',NULL,NULL,8.9,18,3.27,20,0,25.7,100,5),(33,'123','STAR WHITE TH.ELBOW25X20','Plumbing',NULL,NULL,5.85,18,2.15,20,0,16.92,100,5),(34,'123','STAR WHITE TH.ELBOW32X25','Plumbing',NULL,NULL,13.8,18,5.07,20,0,39.86,100,5),(35,'123','STAR WHITE TH.ELBOW32X20','Plumbing',NULL,NULL,14.31,18,5.26,20,0,41.35,100,5),(36,'123','BLACK WATTER TANK 500LTR SURYA','Plumbing',NULL,NULL,1355.94,18,244.07,5,NULL,1920.01,100,5),(37,'123','WATERTEC BLOW WHITE 3LAYER TANK 500LTR','Plumbing',NULL,NULL,2118.65,18,381.36,5,NULL,3000.01,100,5),(38,'123','FINOLEX COUPLER 25MM 10KG','Plumbing',NULL,NULL,4.1,18,0.74,20,NULL,5.81,100,5),(39,'123','FINOLEX COUPLER 32 MM 10KG','Plumbing',NULL,NULL,5.8,18,1.04,20,NULL,8.21,100,5),(40,'123','FINOLEX COUPLER 40MM','Plumbing',NULL,NULL,8,18,1.44,20,NULL,11.33,100,5),(41,'123','FINOLEX COUPLER 50MM','Plumbing',NULL,NULL,11.9,18,2.14,20,NULL,16.85,100,5),(42,'123','FINOLEX COUPLER 63MM 6KG','Plumbing',NULL,NULL,18.9,18,3.4,20,NULL,26.76,100,5),(43,'123','FINOLEX COUPLER 75MM','Plumbing',NULL,NULL,24.5,18,4.41,20,NULL,34.69,100,5),(44,'123','FINOLEX COUPLER 90MM','Plumbing',NULL,NULL,40.1,18,7.22,20,NULL,56.78,100,5),(45,'123','FINOLEX COUPLER 110MM 6KG','Plumbing',NULL,NULL,67.8,18,12.2,20,NULL,96,100,5),(46,'123','FINOLEX MTA 25MM 10KG','Plumbing',NULL,NULL,3.9,18,0.7,20,NULL,5.52,100,5),(47,'123','FINOLEX MTA 32MM 10KG','Plumbing',NULL,NULL,5.9,18,1.06,20,NULL,8.35,100,5),(48,'123','FINOLEX MTA 40MM 10KG','Plumbing',NULL,NULL,8.5,18,1.53,20,NULL,12.04,100,5),(49,'123','FINOLEX MTA 50MM 10KG','Plumbing',NULL,NULL,14.1,18,2.54,20,NULL,19.97,100,5),(50,'123','FINOLEX MTA 63MM 6KG','Plumbing',NULL,NULL,21.2,18,3.82,20,NULL,30.02,100,5),(51,'123','FINOLEX FTA 25MM 10KG','Plumbing',NULL,NULL,5.1,18,0.92,20,NULL,7.22,100,5),(52,'123','FINOLEX FTA 32MM 10KG','Plumbing',NULL,NULL,5.8,18,1.04,20,NULL,8.21,100,5),(53,'123','FINOLEX FTA 40MM 10KG','Plumbing',NULL,NULL,11.5,18,2.07,20,NULL,16.28,100,5),(54,'123','FINOLEX FTA 50MM 10KG','Plumbing',NULL,NULL,15,18,2.7,20,NULL,21.24,100,5),(55,'123','FINOLEX FTA 63MM 6KG','Plumbing',NULL,NULL,24.4,18,4.39,20,NULL,34.55,100,5),(56,'123','FINOLEX END CAP 20 MM 10 KG  ','Plumbing',NULL,NULL,2.2,18,0.4,20,NULL,3.12,100,5),(57,'123','FINOLEX END CAP 25 MM 10 KG  ','Plumbing',NULL,NULL,3.2,18,0.58,20,NULL,4.53,100,5),(58,'123','FINOLEX END CAP 32 MM 10 KG  ','Plumbing',NULL,NULL,4.4,18,0.79,20,NULL,6.23,100,5),(59,'123','FINOLEX END CAP 40 MM 10 KG  ','Plumbing',NULL,NULL,8.3,18,1.49,20,NULL,11.75,100,5),(60,'123','FINOLEX END CAP 50 MM 10 KG  ','Plumbing',NULL,NULL,11.6,18,2.09,20,NULL,16.43,100,5),(61,'123','FINOLEX END CAP 63 MM 10 KG  ','Plumbing',NULL,NULL,22.7,18,4.09,20,NULL,32.14,100,5),(62,'123','FINOLEX END CAP 75 MM 6 KG  ','Plumbing',NULL,NULL,30,18,5.4,20,NULL,42.48,100,5),(63,'123','FINOLEX END CAP 90 MM 6 KG  ','Plumbing',NULL,NULL,45,18,8.1,20,NULL,63.72,100,5),(64,'123','FINOLEX END CAP 110 MM 6 KG  ','Plumbing',NULL,NULL,72.3,18,13.01,20,NULL,102.38,100,5),(65,'123','FINOLEX SINGLE Y 63 MM','Plumbing',NULL,NULL,52.3,18,9.41,20,NULL,74.06,100,5),(66,'123','FINOLEX SINGLE Y 75 MM','Plumbing',NULL,NULL,72.5,18,13.05,20,NULL,102.66,100,5),(67,'123','FINOLEX SINGLE Y 90 MM','Plumbing',NULL,NULL,121.8,18,21.92,20,NULL,172.47,100,5),(68,'123','FINOLEX SINGLE Y 110 MM','Plumbing',NULL,NULL,135.1,18,24.32,20,NULL,191.3,100,5),(69,'123','FINOLEX 45X25 MM ','Plumbing',NULL,NULL,6.4,18,1.15,20,NULL,9.06,100,5),(70,'123','FINOLEX 45X32 MM 10 KG','Plumbing',NULL,NULL,11.3,18,2.03,20,NULL,16,100,5),(71,'123','FINOLEX 45X40 MM ','Plumbing',NULL,NULL,9.2,18,1.66,20,NULL,13.03,100,5),(72,'123','FINOLEX 45X50 MM ','Plumbing',NULL,NULL,14,18,2.52,20,NULL,19.82,100,5),(73,'123','FINOLEX 45X63 MM ','Plumbing',NULL,NULL,26.5,18,4.77,20,NULL,37.52,100,5),(74,'123','FINOLEX 45X75 MM ','Plumbing',NULL,NULL,31.9,18,5.74,20,NULL,45.17,100,5),(75,'123','FINOLEX 45X90 MM ','Plumbing',NULL,NULL,55.2,18,9.94,20,NULL,78.16,100,5),(76,'123','FINOLEX P TRAP 110 MM ','Plumbing',NULL,NULL,196.9,18,35.44,20,NULL,278.81,100,5),(77,'123','FINOLEX M.F. TRAP 110X75 MM W/O JALI','Plumbing',NULL,NULL,87.9,18,15.82,20,NULL,124.47,100,5),(78,'123','FINOLEX NAHANI TRAP 110X75','Plumbing',NULL,NULL,71.8,18,12.92,20,NULL,101.67,100,5),(79,'123','FINOLEX PVC BRASS ELBOW 3/4X1/2','Plumbing',NULL,NULL,75,18,13.5,20,NULL,106.2,100,5),(80,'123','FINOLEX PVC BRASS FTA 3/4X1/2','Plumbing',NULL,NULL,71.7,18,12.91,20,NULL,101.53,100,5),(81,'123','FINOLEX PVC BRASS TEE 3/4X 1/2','Plumbing',NULL,NULL,78.2,18,14.08,20,NULL,110.73,100,5),(82,'123','CLAMPS SS 1/2 ','Plumbing',NULL,NULL,0.6,18,0.11,20,NULL,0.85,98,5),(83,'123','CLAMPS SS 3/4 INCH','Plumbing',NULL,NULL,0.7,18,0.13,20,NULL,0.99,100,5),(84,'123','CLAMPS SS 1 INCH ','Plumbing',NULL,NULL,0.8,18,0.14,20,NULL,1.13,100,5),(85,'123','CLAMPS SS 1 1/4 INCH ','Plumbing',NULL,NULL,1,18,0.18,20,NULL,1.42,100,5),(86,'123','CLAMPS SS  1 1/2 ','Plumbing',NULL,NULL,1.1,18,0.2,20,NULL,1.56,100,5),(87,'123','CLAMPS SS 2 INCH ','Plumbing',NULL,NULL,1.5,18,0.27,20,NULL,2.12,100,5),(88,'123','CLAMPS SS 2 1/2 INCH','Plumbing',NULL,NULL,2.3,18,0.41,20,NULL,3.26,100,5),(89,'123','CLAMPS SS 3 INCH','Plumbing',NULL,NULL,2.75,18,0.5,20,NULL,3.89,100,5),(90,'123','CLAMP SS 4 INCH','Plumbing',NULL,NULL,3,18,0.54,20,NULL,4.25,100,5),(91,'123','HOSE COLLAR 1/2 BLUE ','Plumbing',NULL,NULL,3.5,18,0.63,20,NULL,4.96,99,5),(92,'123','HOSE COLLAR 3/4 BLUE ','Plumbing',NULL,NULL,4.5,18,0.81,20,NULL,6.37,100,5),(93,'123','HOSE COLLAR 1 BLUE ','Plumbing',NULL,NULL,5.8,18,1.04,20,NULL,8.21,100,5),(94,'123','HOSE COLLAR 11/4 BLUE ','Plumbing',NULL,NULL,11,18,1.98,20,NULL,15.58,100,5),(95,'123','HOSE COLLAR 11/2 BLUE ','Plumbing',NULL,NULL,13.5,18,2.43,20,NULL,19.12,100,5),(96,'123','C.L HOSE COLLER LONG 1/2 INCH ','Plumbing',NULL,NULL,11,18,1.98,20,NULL,15.58,100,5),(97,'123','C.L HOSE COLLER LONG 3/4 INCH ','Plumbing',NULL,NULL,13.25,18,2.38,20,NULL,18.76,100,5),(98,'123','C.L HOSE COLLER LONG 1 INCH ','Plumbing',NULL,NULL,14.5,18,2.61,20,NULL,20.53,100,5),(99,'123','C.L HOSE COLLER LONG 1 1/4 INCH ','Plumbing',NULL,NULL,25,18,4.5,20,NULL,35.4,100,5),(100,'123','C.L HOSE COLLER LONG 1 1/2 INCH ','Plumbing',NULL,NULL,32,18,5.76,20,NULL,45.31,100,5),(101,'123','HOSE COLLAR 3/4 INCH SS GREEN ','Plumbing',NULL,NULL,48,18,8.64,20,NULL,67.97,100,5),(102,'123','HOSE COLLAR 1 INCH SS GREEN ','Plumbing',NULL,NULL,45,18,8.1,20,NULL,63.72,100,5),(103,'123','HOSE CONNECTOR 1/2 ','Plumbing',NULL,NULL,2,18,0.36,20,NULL,2.83,100,5),(104,'123','HOSE CONNECTOR 3/4 ','Plumbing',NULL,NULL,3,18,0.54,20,NULL,4.25,100,5),(105,'123','HOSE CONNECTOR 1 ','Plumbing',NULL,NULL,5.75,18,1.03,20,NULL,8.14,100,5),(106,'123','HOSE CONNECTOR 1 1/4 ','Plumbing',NULL,NULL,9,18,1.62,20,NULL,12.74,100,5),(107,'123','HOSE CONNECTOR 1 1/2 ','Plumbing',NULL,NULL,11,18,1.98,20,NULL,15.58,100,5),(108,'123','SIFON PEDESTAL WHITE ','Plumbing',NULL,NULL,520,18,93.6,20,NULL,736.32,100,5),(109,'123','SIFON P TRAP ','Plumbing',NULL,NULL,85,18,15.3,20,NULL,120.36,100,5),(110,'123','SIFON ORISSA PAN BLUE','Plumbing',NULL,NULL,580,18,104.4,20,NULL,821.28,100,5),(111,'123','SIFFON ORISA PAN PINK ','Plumbing',NULL,NULL,580,18,104.4,20,NULL,821.28,100,5),(112,'123','SIFON ORISA PAN IVORY ','Plumbing',NULL,NULL,580,18,104.4,20,NULL,821.28,100,5),(113,'123','SIFON WB 18 INCH SHARP WHITE ','Plumbing',NULL,NULL,360,18,64.8,20,NULL,509.76,100,5),(114,'123','SIFON WB 18 INCH SHARP PINK ','Plumbing',NULL,NULL,480,18,86.4,20,NULL,679.68,100,5),(115,'123','SIFON WB 18 INCH SHARP  BLUE ','Plumbing',NULL,NULL,480,18,86.4,20,NULL,679.68,100,5),(116,'123','SIFON WB 18 INCH SHARP IVORY ','Plumbing',NULL,NULL,480,18,86.4,20,NULL,679.68,100,5),(117,'123','WHITE BALL VALUE ABShand pushti 20 mm P','Plumbing',NULL,NULL,43,18,7.74,20,NULL,60.89,100,5),(118,'123','WHITE BALL VALUE ABShand pushti 25 mm P','Plumbing',NULL,NULL,50,18,9,20,NULL,70.8,99,5),(119,'123','WHITE BALL VALUE ABShand pushti 32 mm P','Plumbing',NULL,NULL,64,18,11.52,20,NULL,90.62,100,5),(120,'123','WHITE BALL VALUE ABShand pushti 40 mm P','Plumbing',NULL,NULL,98,18,17.64,20,NULL,138.77,100,5),(121,'123','WHITE BALL VALUE ABShand pushti 50 mm P','Plumbing',NULL,NULL,137,18,24.66,20,NULL,193.99,100,5),(122,'123','WHITE BALL VALUE ABShand pushti 63 mm P','Plumbing',NULL,NULL,210,18,37.8,20,NULL,297.36,100,5),(123,'123','SAINO VALVE 20MM P ','Plumbing',NULL,NULL,24.25,18,4.36,20,NULL,34.34,100,5),(124,'123','SAINO VALVE 20 MM TH:','Plumbing',NULL,NULL,24.25,18,4.36,20,NULL,34.34,100,5),(125,'123','SAINO VALVE 25MM P ','Plumbing',NULL,NULL,34.5,18,6.21,20,NULL,48.85,99,5),(126,'123','SAINO VALVE 25 MM TH:','Plumbing',NULL,NULL,34.5,18,6.21,20,NULL,48.85,100,5),(127,'123','SAINO VALVE 32MM P ','Plumbing',NULL,NULL,49,18,8.82,20,NULL,69.38,100,5),(128,'123','SAINO VALVE 32 MM TH:','Plumbing',NULL,NULL,49,18,8.82,20,NULL,69.38,100,5),(129,'123','SAINO VALVE 40 MM P ','Plumbing',NULL,NULL,59,18,10.62,20,NULL,83.54,100,5),(130,'123','SAINO VALVE 50 MM P ','Plumbing',NULL,NULL,80,18,14.4,20,NULL,113.28,100,5),(131,'123','SAINO VALVE 63 MM P ','Plumbing',NULL,NULL,143,18,25.74,20,NULL,202.49,100,5),(132,'123','FINOLEX ISI PIPE 25 MM 10 KG 5 MTR LENGTH','Plumbing',NULL,NULL,26.7,18,4.81,20,NULL,37.81,100,5),(133,'123','FINOLEX ISI PIPE 25 MM 15 KG 6 MTR LENGTH','Plumbing',NULL,NULL,50.5,18,9.09,20,NULL,71.51,100,5),(134,'123','FINOLEX ISI PIPE 32 MM 8 KG 5 MTR LENGTH','Plumbing',NULL,NULL,37.2,18,6.7,20,NULL,52.68,100,5),(135,'123','FINOLEX ISI PIPE 32 MM 10 KG 5 MTR LENGTH','Plumbing',NULL,NULL,42.6,18,7.67,20,NULL,60.32,100,5),(136,'123','FINOLEX ISI PIPE 40 MM 6 KG 5 MTR LENGTH','Plumbing',NULL,NULL,43.1,18,7.76,20,NULL,61.03,100,5),(137,'123','FINOLEX ISI PIPE 40 MM 10 KG 6 MTR LENGTH','Plumbing',NULL,NULL,63.4,18,11.41,20,NULL,89.77,100,5),(138,'123','FINOLEX ISI PIPE 50 MM 6 KG 5 MTR LENGTH','Plumbing',NULL,NULL,64.9,18,11.68,20,NULL,91.9,100,5),(139,'123','FINOLEX ISI PIPE 50 MM 10 KG 6 MTR LENGTH','Plumbing',NULL,NULL,102.5,18,18.45,20,NULL,145.14,100,5),(140,'123','FINOLEX ISI PIPE 63 MM 4 KG 5 MTR LENGTH','Plumbing',NULL,NULL,71.5,18,12.87,20,NULL,101.24,100,5),(141,'123','FINOLEX ISI PIPE 63 MM 6 KG 6 MTR LENGTH','Plumbing',NULL,NULL,102.8,18,18.5,20,NULL,145.56,100,5),(142,'123','FINOLEX ISI PIPE 75 MM 4 KG 5 MTR LENGTH','Plumbing',NULL,NULL,101.4,18,18.25,20,NULL,143.58,100,5),(143,'123','FINOLEX ISI PIPE 75 MM 6 KG 6 MTR LENGTH','Plumbing',NULL,NULL,143.3,18,25.79,20,NULL,202.91,100,5),(144,'123','FINOLEX ISI PIPE 90 MM 4 KG 5 MTR LENGTH','Plumbing',NULL,NULL,141.7,18,25.51,20,NULL,200.65,100,5),(145,'123','FINOLEX ISI PIPE 110 MM 2.5 KG 6 MTR LENGTH','Plumbing',NULL,NULL,135.1,18,24.32,20,NULL,191.3,100,5),(146,'123','FINOLEX ISI PIPE 110 MM 4 KG 5 MTR LENGTH','Plumbing',NULL,NULL,206.2,18,37.12,20,NULL,291.98,100,5),(147,'123','STAR WHITE PIPE 3/4\" 25 MM 10 KG 5 MTR LENGTH ','Plumbing',NULL,NULL,15.85,18,5.82,20,0,45.81,100,5),(148,'123','STAR WHITE PIPE 1\" 32 MM 10 KG 5 MTR LENGTH ','Plumbing',NULL,NULL,24.04,18,8.83,20,0,69.47,100,5),(149,'123','STAR WHITE PIPE 1 1/4\" 40 MM 6 KG 5 MTR LENGTH ','Plumbing',NULL,NULL,27.36,18,10.05,20,0,79.07,100,5),(150,'123','STAR WHITE PIPE 1 1/2\" 50 MM 6 KG 5 MTR LENGTH ','Plumbing',NULL,NULL,38.59,18,14.18,20,0,111.51,100,5),(151,'123','STAR WHITE PIPE 2\" 63 MM 4 KG 5 MTR LENGTH ','Plumbing',NULL,NULL,44.22,18,16.25,20,0,127.81,100,5),(152,'123','FINOLEX isi CPVC PIPE 3/4\" sdr13.5 3 mtr Length','Plumbing',NULL,NULL,83.3,18,14.99,20,NULL,117.95,100,5),(153,'123','FINOLEX isi CPVC PIPE 3/4\" sdr 11 3 mtr length','Plumbing',NULL,NULL,91,18,16.38,20,NULL,128.86,100,5),(154,'123','STAR ISI HEAVY WHITE ELBOW 20 ','Plumbing',NULL,NULL,6.85,18,1.23,20,NULL,9.7,100,5),(155,'123','STAR ISI HEAVY WHITE ELBOW 25 ','Plumbing',NULL,NULL,8.9,18,1.6,20,NULL,12.6,100,5),(156,'123','STAR ISI HEAVY WHITE ELBOW 32 ','Plumbing',NULL,NULL,13.9,18,2.5,20,NULL,19.68,100,5),(157,'123','STAR ISI HEAVY WHITE ELBOW 40 ','Plumbing',NULL,NULL,23.3,18,4.19,20,NULL,32.99,100,5),(158,'123','STAR ISI HEAVY WHITE ELBOW 50-25 ','Plumbing',NULL,NULL,36.45,18,6.56,20,NULL,51.61,100,5),(159,'123','STAR ISI HEAVY WHITE ELBOW 63 ','Plumbing',NULL,NULL,57.65,18,10.38,20,NULL,81.63,100,5),(160,'123','STAR ISI HEAVY WHITE TEE 25','Plumbing',NULL,NULL,12.6,18,2.27,20,NULL,17.84,100,5),(161,'123','STAR ISI HEAVY WHITE TEE 32','Plumbing',NULL,NULL,19.5,18,3.51,20,NULL,27.61,100,5),(162,'123','STAR ISI HEAVY WHITE TEE 40','Plumbing',NULL,NULL,29.15,18,5.25,20,NULL,41.28,100,5),(163,'123','STAR ISI HEAVY WHITE TEE 50','Plumbing',NULL,NULL,47.4,18,8.53,20,NULL,67.12,100,5),(164,'123','STAR ISI HEAVY WHITE TEE 63','Plumbing',NULL,NULL,88.55,18,15.94,20,NULL,125.39,100,5),(165,'123','STAR WHITE DOOR ELBOW 40','Plumbing',NULL,NULL,13.09,18,4.81,20,0,37.81,100,5),(166,'123','STAR WHITE DOOR ELBOW 50','Plumbing',NULL,NULL,17.99,18,6.61,20,0,51.97,100,5),(167,'123','STAR WHITE DOOR ELBOW 63','Plumbing',NULL,NULL,26.14,18,9.6,20,0,75.54,100,5),(168,'123','STAR WHITE DOOR ELBOW 75','Plumbing',NULL,NULL,41.97,18,15.42,20,0,121.28,100,5),(169,'123','STAR WHITE DOOR ELBOW 90','Plumbing',NULL,NULL,56.4,18,20.72,20,0,162.98,100,5),(170,'123','STAR WHITE DOOR ELBOW 110','Plumbing',NULL,NULL,64.6,18,23.73,20,0,186.7,100,5),(171,'123','STAR WHITE DOOR TEE 40','Plumbing',NULL,NULL,18.87,18,6.93,20,0,54.52,100,5),(172,'123','STAR WHITE DOOR TEE 50-28','Plumbing',NULL,NULL,27.44,18,10.08,20,0,79.3,100,5),(173,'123','STAR WHITE DOOR TEE 63','Plumbing',NULL,NULL,37.73,18,13.86,20,0,109.03,100,5),(174,'123','STAR WHITE DOOR TEE 75','Plumbing',NULL,NULL,41.87,18,15.38,20,0,121,100,5),(175,'123','STAR WHITE DOOR TEE 90','Plumbing',NULL,NULL,56.35,18,20.7,20,0,162.84,100,5),(176,'123','STAR WHITE DOOR TEE 110','Plumbing',NULL,NULL,92.17,18,33.86,20,0,266.35,100,5),(177,'123','STAR WHITE SINGLE Y 50','Plumbing',NULL,NULL,25.36,18,9.32,20,0,73.28,100,5),(178,'123','STAR WHITE SINGLE Y 63','Plumbing',NULL,NULL,43.66,18,16.04,20,0,126.17,100,5),(179,'123','STAR WHITE SINGLE Y 75','Plumbing',NULL,NULL,51.5,18,18.92,20,0,148.82,100,5),(180,'123','STAR WHITE SINGLE Y 90','Plumbing',NULL,NULL,73.75,18,27.09,20,0,213.11,100,5),(181,'123','STAR WHITE SINGLE Y 110','Plumbing',NULL,NULL,105.52,18,38.76,20,0,304.94,100,5),(182,'123','STAR WHITE DOUBLE Y 110','Plumbing',NULL,NULL,137.57,18,50.54,20,0,397.54,100,5),(183,'123','STAR WHITE SINGLE Y WITH DOOR 110','Plumbing',NULL,NULL,164.47,18,60.42,20,0,475.28,100,5),(184,'123','STAR WHITE BEND 45X20','Plumbing',NULL,NULL,2.45,18,0.9,20,0,7.08,100,5),(185,'123','STAR WHITE BEND 45X25','Plumbing',NULL,NULL,5.85,18,2.15,20,0,16.92,100,5),(186,'123','STAR WHITE BEND 45X32','Plumbing',NULL,NULL,8.9,18,3.27,20,0,25.7,100,5),(187,'123','STAR WHITE BEND 45X40','Plumbing',NULL,NULL,11.08,18,4.07,20,0,32,100,5),(188,'123','STAR WHITE BEND 45X50','Plumbing',NULL,NULL,12.86,18,4.72,20,0,37.17,100,5),(189,'123','STAR WHITE BEND 45X63 SOCKET','Plumbing',NULL,NULL,24.5,18,9,20,0,70.8,100,5),(190,'123','STAR WHITE BEND 45X75 SOCKET','Plumbing',NULL,NULL,35.77,18,13.14,20,0,103.37,100,5),(191,'123','STAR WHITE BEND 45X90 SOCKET','Plumbing',NULL,NULL,45.03,18,16.54,20,0,130.13,100,5),(192,'123','STAR WHITE BEND 45X110 SOCKET','Plumbing',NULL,NULL,58.61,18,21.53,20,0,169.35,100,5),(193,'123','STAR WHITE VENT COWEL 40 HEAVY ','Plumbing',NULL,NULL,5.49,18,2.02,20,0,15.86,100,5),(194,'123','STAR WHITE VENT COWEL 50 HEAVY ','Plumbing',NULL,NULL,7.3,18,2.68,20,0,21.1,100,5),(195,'123','STAR WHITE VENT COWEL 75 HEAVY ','Plumbing',NULL,NULL,13.82,18,5.08,20,0,39.93,100,5),(196,'123','STAR WHITE VENT COWEL 90 HEAVY ','Plumbing',NULL,NULL,16.69,18,6.13,20,0,48.21,100,5),(197,'123','STAR WHITE VENT COWEL 110 HEAVY ','Plumbing',NULL,NULL,21.17,18,7.78,20,0,61.17,100,5),(198,'123','STAR WHITE REDUCER 25X20','Plumbing',NULL,NULL,2.37,18,0.87,20,0,6.87,100,5),(199,'123','STAR WHITE REDUCER 32X25','Plumbing',NULL,NULL,3.67,18,1.35,20,0,10.62,100,5),(200,'123','STAR WHITE REDUCER 40X25','Plumbing',NULL,NULL,7.49,18,2.75,20,0,21.66,100,5),(201,'123','STAR WHITE REDUCER 40X32','Plumbing',NULL,NULL,7.08,18,2.6,20,0,20.46,100,5),(202,'123','STAR WHITE REDUCER 50X32','Plumbing',NULL,NULL,9.41,18,3.46,20,0,27.19,100,5),(203,'123','STAR WHITE REDUCER 50X40','Plumbing',NULL,NULL,8.9,18,3.27,20,0,25.7,100,5),(204,'123','STAR WHITE REDUCER 63X32','Plumbing',NULL,NULL,15.11,18,5.55,20,0,43.68,100,5),(205,'123','STAR WHITE REDUCER 63X40','Plumbing',NULL,NULL,17.07,18,6.27,20,0,49.35,100,5),(206,'123','STAR WHITE REDUCER 63X50','Plumbing',NULL,NULL,18.35,18,6.74,20,0,53.03,100,5),(207,'123','STAR WHITE REDUCER 75X50','Plumbing',NULL,NULL,17.59,18,6.46,20,0,50.83,100,5),(208,'123','STAR WHITE REDUCER 75X63','Plumbing',NULL,NULL,19.3,18,7.09,20,0,55.79,100,5),(209,'123','STAR WHITE REDUCER 90X50','Plumbing',NULL,NULL,34.13,18,12.54,20,0,98.62,100,5),(210,'123','STAR WHITE REDUCER 90X63','Plumbing',NULL,NULL,31.04,18,11.4,20,0,89.7,100,5),(211,'123','STAR WHITE REDUCER 90X75','Plumbing',NULL,NULL,29.65,18,10.89,20,0,85.67,100,5),(212,'123','STAR WHITE REDUCER 110X50','Plumbing',NULL,NULL,37.24,18,13.68,20,0,107.62,100,5),(213,'123','STAR WHITE REDUCER 110X63','Plumbing',NULL,NULL,37.24,18,13.68,20,0,107.62,100,5),(214,'123','STAR WHITE REDUCER 110X75','Plumbing',NULL,NULL,37.24,18,13.68,20,0,107.62,100,5),(215,'123','STAR WHITE REDUCER 110X90','Plumbing',NULL,NULL,43.44,18,15.96,20,0,125.53,100,5),(216,'123','STAR BRASS WHITE ELBOW PVC 3/4X1/2 HEAVY','Plumbing',NULL,NULL,55.2,18,9.94,20,NULL,78.16,100,5),(217,'123','STAR BRASS WHITE FTA PVC 3/4X1/2 HEAVY','Plumbing',NULL,NULL,56.25,18,10.12,20,NULL,79.65,100,5),(218,'123','STAR BRASS WHITE TEE PVC 3/4X1/2 HEAVY','Plumbing',NULL,NULL,64.15,18,11.55,20,NULL,90.84,100,5),(219,'123','STAR BRASS P-TRAP 110','Plumbing',NULL,NULL,276.5,18,49.77,20,NULL,391.52,100,5),(220,'123','STAR BRASS M.F TRAP 110X63X4\" W/O JALY','Plumbing',NULL,NULL,180.1,18,32.42,20,NULL,255.02,100,5),(221,'123','STAR WHITE M.F. TRAP 110X63X3\" W/O JALY','Plumbing',NULL,NULL,68.35,18,25.11,20,0,197.53,100,5),(222,'123','FINOLEX ELBOW 25MM 10 KG','Plumbing',NULL,NULL,6.4,18,1.15,20,NULL,9.06,100,5),(223,'123','FINOLEX ELBOW 32MM 10 KG','Plumbing',NULL,NULL,9.1,18,1.64,20,NULL,12.89,100,5),(224,'123','FINOLEX ELBOW40MM 10 KG','Plumbing',NULL,NULL,14.5,18,2.61,20,NULL,20.53,100,5),(225,'123','FINOLEX ELBOW 50MM 10 KG','Plumbing',NULL,NULL,26.1,18,4.7,20,NULL,36.96,100,5),(226,'123','FINOLEX ELBOW 63MM 6 KG','Plumbing',NULL,NULL,35.5,18,6.39,20,NULL,50.27,100,5),(227,'123','FINOLEX ELBOW 75 MM  4 KG DBL SOCKET','Plumbing',NULL,NULL,42.9,18,7.72,20,NULL,60.75,100,5),(228,'123','FINOLEX ELBOW 90 MM 4 KG DBL SOCKET ','Plumbing',NULL,NULL,56,18,10.08,20,NULL,79.3,100,5),(229,'123','FINOLEX ELBOW 110 MM 4 KG DBL SOCKET','Plumbing',NULL,NULL,81.7,18,14.71,20,NULL,115.69,100,5),(230,'123','FINOLEX TEE 25MM 10 KG ','Plumbing',NULL,NULL,8.5,18,1.53,20,NULL,12.04,100,5),(231,'123','FINOLEX TEE 32 MM 10 KG ','Plumbing',NULL,NULL,11.6,18,2.09,20,NULL,16.43,100,5),(232,'123','FINOLEX TEE 40 MM 10 KG ','Plumbing',NULL,NULL,18.5,18,3.33,20,NULL,26.2,100,5),(233,'123','FINOLEX TEE 50 MM 10 KG ','Plumbing',NULL,NULL,33.8,18,6.08,20,NULL,47.86,100,5),(234,'123','FINOLEX TEE 63 MM 6 KG ','Plumbing',NULL,NULL,40.9,18,7.36,20,NULL,57.91,100,5),(235,'123','FINOLEX TEE 75MM DBL SOCKET','Plumbing',NULL,NULL,50.4,18,9.07,20,NULL,71.37,100,5),(236,'123','FINOLEX TEE 90 MM 6 KG ','Plumbing',NULL,NULL,98.6,18,17.75,20,NULL,139.62,100,5),(237,'123','FINOLEX TEE 110 MM DBL SOCKET','Plumbing',NULL,NULL,106.8,18,19.22,20,NULL,151.23,100,5),(238,'123','FINOLEX DR. TEE 63 MM','Plumbing',NULL,NULL,73.3,18,13.19,20,NULL,103.79,100,5),(239,'123','FINOLEX DR. TEE 75 MM','Plumbing',NULL,NULL,70.3,18,12.65,20,NULL,99.54,100,5),(240,'123','FINOLEX DR. TEE 90 MM','Plumbing',NULL,NULL,118.8,18,21.38,20,NULL,168.22,100,5),(241,'123','FINOLEX DR. TEE 110 MM','Plumbing',NULL,NULL,140.5,18,25.29,20,NULL,198.95,100,5),(242,'123','FINOLEX DR. BEND(ELBOW) 63MM','Plumbing',NULL,NULL,57.4,18,10.33,20,NULL,81.28,100,5),(243,'123','FINOLEX DR. BEND(ELBOW) 75MM','Plumbing',NULL,NULL,62.6,18,11.27,20,NULL,88.64,100,5),(244,'123','FINOLEX DR. BEND(ELBOW) 90 MM','Plumbing',NULL,NULL,94.8,18,17.06,20,NULL,134.24,100,5),(245,'123','FINOLEX DR. BEND(ELBOW) 11O MM','Plumbing',NULL,NULL,105.1,18,18.92,20,NULL,148.82,100,5),(246,'123','STAR WHITE ELBOW 25 LW','Plumbing',NULL,NULL,3.97,18,1.46,20,0,11.47,100,5),(247,'123','STAR WHITE ELBOW 32 LW','Plumbing',NULL,NULL,6.47,18,2.38,20,0,18.69,100,5),(248,'123','STAR WHITE ELBOW 40 LW','Plumbing',NULL,NULL,11.76,18,4.32,20,0,33.98,100,5),(249,'123','STAR WHITE ELBOW 50 LW','Plumbing',NULL,NULL,12.3,18,4.52,20,0,35.54,100,5),(250,'123','STAR WHITE ELBOW 63  SOCKET','Plumbing',NULL,NULL,21.02,18,7.72,20,0,60.75,100,5),(251,'123','STAR WHITE ELBOW 75  SOCKET','Plumbing',NULL,NULL,25.73,18,9.45,20,0,74.34,100,5),(252,'123','STAR WHITE ELBOW 90  SOCKET','Plumbing',NULL,NULL,39.03,18,14.34,20,0,112.78,100,5),(253,'123','STAR WHITE ELBOW 110  SOCKET','Plumbing',NULL,NULL,56.59,18,20.79,20,0,163.55,100,5),(254,'123','STAR WHITE TEE 25 LW','Plumbing',NULL,NULL,4.65,18,1.71,20,0,13.45,100,5),(255,'123','STAR WHITE TEE 32 LW','Plumbing',NULL,NULL,7.35,18,2.7,20,0,21.24,100,5),(256,'123','STAR WHITE TEE 40 LW','Plumbing',NULL,NULL,12.49,18,4.59,20,0,36.11,100,5),(257,'123','STAR WHITE TEE 50 LW','Plumbing',NULL,NULL,19.5,18,7.16,20,0,56.36,100,5),(258,'123','STAR WHITE TEE 63 LW','Plumbing',NULL,NULL,27.49,18,10.1,20,0,79.44,100,5),(259,'123','STAR WHITE TEE 75 SOCKET','Plumbing',NULL,NULL,36.21,18,13.3,20,0,104.64,100,5),(260,'123','STAR WHITE TEE 90 SOCKET','Plumbing',NULL,NULL,50.69,18,18.62,20,0,146.49,100,5),(261,'123','STAR WHITE TEE 110 SOCKET','Plumbing',NULL,NULL,73.99,18,27.18,20,0,213.82,100,5),(262,'123','STAR WHITE MTA 25','Plumbing',NULL,NULL,2.89,18,1.06,20,0,8.35,100,5),(263,'123','STAR WHITE MTA 32','Plumbing',NULL,NULL,3.89,18,1.43,20,0,11.26,100,5),(264,'123','STAR WHITE MTA 40','Plumbing',NULL,NULL,6.23,18,2.29,20,0,17.98,100,5),(265,'123','STAR WHITE MTA 50','Plumbing',NULL,NULL,9.34,18,3.43,20,0,26.97,100,5),(266,'123','STAR WHITE MTA 63','Plumbing',NULL,NULL,15.54,18,5.71,20,0,44.89,100,5),(267,'123','STAR WHITE FTA 25','Plumbing',NULL,NULL,3.33,18,1.22,20,0,9.63,100,5),(268,'123','STAR WHITE FTA 32','Plumbing',NULL,NULL,4.24,18,1.56,20,0,12.25,100,5),(269,'123','STAR WHITE FTA 40','Plumbing',NULL,NULL,8.01,18,2.94,20,0,23.15,100,5),(270,'123','STAR WHITE FTA 50','Plumbing',NULL,NULL,11.9,18,4.37,20,0,34.41,100,5),(271,'123','STAR WHITE FTA 63','Plumbing',NULL,NULL,21.44,18,7.88,20,0,61.95,100,5),(272,'123','STAR WHITE COUPLER 25','Plumbing',NULL,NULL,2.57,18,0.94,20,0,7.43,100,5),(273,'123','STAR WHITE COUPLER 32','Plumbing',NULL,NULL,3.87,18,1.42,20,0,11.19,100,5),(274,'123','STAR WHITE COUPLER 40','Plumbing',NULL,NULL,5.63,18,2.07,20,0,16.28,100,5),(275,'123','STAR WHITE COUPLER 50','Plumbing',NULL,NULL,8.58,18,3.15,20,0,24.78,100,5),(276,'123','STAR WHITE COUPLER 63','Plumbing',NULL,NULL,13.84,18,5.08,20,0,40,100,5),(277,'123','STAR WHITE COUPLER 75','Plumbing',NULL,NULL,21.68,18,7.96,20,0,62.66,100,5),(278,'123','STAR WHITE COUPLER 90','Plumbing',NULL,NULL,32.8,18,12.05,20,0,94.8,100,5),(279,'123','STAR WHITE COUPLER 110','Plumbing',NULL,NULL,49.95,18,18.35,20,0,144.36,100,5),(280,'123','STAR WHITE END CAP 25','Plumbing',NULL,NULL,1.66,18,0.61,20,0,4.81,100,5),(281,'123','STAR WHITE END CUP25','Plumbing',NULL,NULL,1.96,18,0.72,20,0,5.66,100,5),(282,'123','STAR WHITE END CUP32','Plumbing',NULL,NULL,2.84,18,1.04,20,0,8.21,100,5),(283,'123','STAR WHITE END CUP40','Plumbing',NULL,NULL,5.88,18,2.16,20,0,16.99,100,5),(284,'123','STAR WHITE END CUP50','Plumbing',NULL,NULL,6.37,18,2.34,20,0,18.41,100,5),(285,'123','STAR WHITE END CUP63','Plumbing',NULL,NULL,11.51,18,4.23,20,0,33.28,100,5),(286,'123','STAR WHITE END CUP75','Plumbing',NULL,NULL,16.56,18,6.08,20,0,47.86,100,5),(287,'123','STAR WHITE END CUP90','Plumbing',NULL,NULL,22.42,18,8.24,20,0,64.78,100,5),(288,'123','STAR WHITE END CAP 110 L W','Plumbing',NULL,NULL,20.26,18,7.44,20,0,58.55,100,5),(289,'123','STAR WHITE TH: ENDCAP 20','Plumbing',NULL,NULL,2.01,18,0.74,20,0,5.81,100,5),(290,'123','FINOLEX REDUCER 32X25MM 10 KG ','Plumbing',NULL,NULL,6.2,18,1.12,20,NULL,8.78,100,5),(291,'123','FINOLEX REDUCER 40X32MM 10 KG ','Plumbing',NULL,NULL,9.7,18,1.75,20,NULL,13.74,100,5),(292,'123','FINOLEX REDUCER 50X40MM 10 KG ','Plumbing',NULL,NULL,17.8,18,3.2,20,NULL,25.2,100,5),(293,'123','FINOLEX REDUCER 63X40MM 6 KG ','Plumbing',NULL,NULL,16.4,18,2.95,20,NULL,23.22,100,5),(294,'123','FINOLEX REDUCER 75X63MM 6 KG ','Plumbing',NULL,NULL,28.1,18,5.06,20,NULL,39.79,100,5),(295,'123','FINOLEX REDUCER 90X63MM 6 KG ','Plumbing',NULL,NULL,37.6,18,6.77,20,NULL,53.24,100,5),(296,'123','FINOLEX REDUCER 110X63MM 6 KG ','Plumbing',NULL,NULL,54.8,18,9.86,20,NULL,77.6,100,5),(297,'123','FINOLEX R.BUSH 32X25 MM 10 KG','Plumbing',NULL,NULL,22.7,18,4.09,20,NULL,32.14,100,5),(298,'123','FINOLEX R.BUSH 40X32 MM 10 KG','Plumbing',NULL,NULL,3.8,18,0.68,20,NULL,5.38,100,5),(299,'123','FINOLEX R.BUSH 50X40 MM 10 KG','Plumbing',NULL,NULL,4.9,18,0.88,20,NULL,6.94,100,5),(300,'123','FINOLEX R.BUSH 75X63 MM 6 KG','Plumbing',NULL,NULL,9.1,18,1.64,20,NULL,12.89,100,5),(301,'123','FINOLEX R.BUSH 63X50 MM 6 KG','Plumbing',NULL,NULL,22.9,18,4.12,20,NULL,32.43,100,5),(302,'123','FINOLEX R.BUSH 110X63 MM 6 KG','Plumbing',NULL,NULL,17.1,18,3.08,20,NULL,24.21,100,5),(303,'123','SINK COUPLING 3\" PVC FRESHCO','Plumbing',NULL,NULL,45.2,18,8.14,20,NULL,64,100,5),(304,'123','SINK COUPLING 3\" SS IMI &ROYAL','Plumbing',NULL,NULL,50,18,9,20,NULL,70.8,100,5),(305,'123','SINK COUPLING 4\" PVC FRESHCO','Plumbing',NULL,NULL,142,18,25.56,20,NULL,201.07,100,5),(306,'123','BEND 3/4\" 10 KG 25MM','Plumbing',NULL,NULL,58,18,10.44,20,NULL,82.13,100,5),(307,'123','BEND 1\" 10KG 32 MM','Plumbing',NULL,NULL,4.6,18,0.83,20,NULL,6.51,100,5),(308,'123','BEND 1 1/4 6 KG 50MM','Plumbing',NULL,NULL,6.25,18,1.12,20,NULL,8.85,100,5),(309,'123','BEND 1 1/2 6 KG 50 MM','Plumbing',NULL,NULL,8.2,18,1.48,20,NULL,11.61,100,5),(310,'123','BEND 2\" 4 KG 63MM','Plumbing',NULL,NULL,12.2,18,2.2,20,NULL,17.28,100,5),(311,'123','BEND 2 1/2 4 KG 75 MM','Plumbing',NULL,NULL,16,18,2.88,20,NULL,22.66,100,5),(312,'123','BEND 3\" 4 KG 90  MM','Plumbing',NULL,NULL,25.5,18,4.59,20,NULL,36.11,100,5),(313,'123','BEND 4\" 4 KG 110 MM','Plumbing',NULL,NULL,41,18,7.38,20,NULL,58.06,100,5),(314,'123','TH:PIPE SOCKET LONG 1\"','Plumbing',NULL,NULL,63,18,11.34,20,NULL,89.21,100,5),(315,'123','TH:PIPE SOCKET LONG 11/4','Plumbing',NULL,NULL,7.7,18,1.39,20,NULL,10.9,99,5),(316,'123','WHITE TH: PIPE SOCKET LONG 1 1/2','Plumbing',NULL,NULL,15,18,2.7,20,NULL,21.24,100,5),(317,'123','WHITE JET ADAPTER 1X9','Plumbing',NULL,NULL,16,18,2.88,20,NULL,22.66,100,5),(318,'123','JET ADAPTER 1X12','Plumbing',NULL,NULL,17,18,3.06,20,NULL,24.07,100,5),(319,'123','WHTE JET ADAPTER 1 1/4X12','Plumbing',NULL,NULL,18.2,18,3.28,20,NULL,25.77,100,5),(320,'123','JET ADAKPTER 11/4X9','Plumbing',NULL,NULL,28,18,5.04,20,NULL,39.65,100,5),(321,'123','JET ADAPTER  11/2X9','Plumbing',NULL,NULL,19,18,3.42,20,NULL,26.9,100,5),(322,'123','WHTIE JET ADAPTER 1 1/2X12','Plumbing',NULL,NULL,22.6,18,4.07,20,NULL,32,100,5),(323,'123','NAILS 1 1/2\" KING COBRA 38MM -1KG','Plumbing',NULL,NULL,33,18,5.94,20,NULL,46.73,100,5),(324,'123','NAILS 2\" KING COBRA 50MM -1KG','Plumbing',NULL,NULL,97.5,18,17.55,20,NULL,138.06,100,5),(325,'123','NAILS 2 1/2\" KING COBRA 63 -1KG','Plumbing',NULL,NULL,97.5,18,17.55,20,NULL,138.06,100,5),(326,'123','NAILS 3\" KING COBRA 75MM -1KG','Plumbing',NULL,NULL,97.5,18,17.55,20,NULL,138.06,100,5),(327,'123','NAILS 4\" KING COBRA 100MM -1KG','Plumbing',NULL,NULL,97.5,18,17.55,20,NULL,138.06,100,5),(328,'123','HOSE CLIP 1/2\"','Plumbing',NULL,NULL,4.7,18,0.85,20,NULL,6.66,100,5),(329,'123','HOSE CLIP 3/4\"','Plumbing',NULL,NULL,5.7,18,1.03,20,NULL,8.07,100,5),(330,'123','HOSE CLIP 1\"','Plumbing',NULL,NULL,6.3,18,1.13,20,NULL,8.92,100,5),(331,'123','HOSE CLIP 1 1/4\"','Plumbing',NULL,NULL,6.5,18,1.17,20,NULL,9.2,100,5),(332,'123','HOSE CLIP 1 1/2\"','Plumbing',NULL,NULL,6.7,18,1.21,20,NULL,9.49,100,5),(333,'123','FINOLEX ISI PIPE 63 MM 4 KG 5 MTR LENGTH (MTR)','Plumbing',NULL,NULL,71.5,18,12.87,20,NULL,101.24,100,5),(334,'123','FINOLEX ISI PIPE 50 MM 6 KG 5 MTR LENGTH (MTR)','Plumbing',NULL,NULL,64.9,18,11.68,20,NULL,91.9,100,5),(335,'123','FINOLEX ISI PIPE 25 MM 10 KG 5 MTR LENGTH (MTR)','Plumbing',NULL,NULL,26.7,18,4.81,20,NULL,37.81,100,5),(336,'123','FINOLEX ISI PIPE 40 MM 10 KG 6 MTR LENGTH (MTR)','Plumbing',NULL,NULL,63.4,18,11.41,20,NULL,89.77,100,5),(337,'123','FINOLEX ISI PIPE 110 MM 4 KG 5 MTR LENGTH (MTR)','Plumbing',NULL,NULL,206.2,18,37.12,20,NULL,291.98,100,5),(338,'123','FINOLEX ISI PIPE 32 MM 10 KG 5 MTR LENGTH (MTR)','Plumbing',NULL,NULL,42.6,18,7.67,20,NULL,60.32,100,5),(339,'123','OCEAN WHITE PIPE 2 1/2\" 75 MM 4 KG 5 MTR LENGTH (MTR)','Plumbing',NULL,NULL,59.3,18,10.67,20,NULL,83.97,100,5),(340,'123','OCEAN WHITE PIPE 3\" 90 MM 4 KG 5 MTR LENGTH (MTR)','Plumbing',NULL,NULL,79.45,18,14.3,20,NULL,112.5,100,5),(341,'123','OCEAN WHITE PIPE 4\" 110 MM 4 KG 5 MTR LENGTH (MTR)','Plumbing',NULL,NULL,107.25,18,19.3,20,NULL,151.87,100,5),(342,'123','OCEAN WHITE PIPE 1 1/2\" 50 MM 6 KG 5 MTR LENGTH (MTR)','Plumbing',NULL,NULL,37.85,18,6.81,20,NULL,53.6,100,5),(343,'123','OCEAN WHITE PIPE 1\" 32 MM 10 KG 5 MTR LENGTH (MTR)','Plumbing',NULL,NULL,24.1,18,4.34,20,NULL,34.13,100,5),(344,'123','OCEAN WHITE PIPE 3/4\" 25 MM 10 KG 5 MTR LENGTH (MTR)','Plumbing',NULL,NULL,15.6,18,2.81,20,NULL,22.09,100,5),(345,'123','STAR WHITE ELBOW 25 LW','Plumbing',NULL,NULL,3.97,18,1.46,20,0,11.47,100,5),(346,'123','STAR WHITE TEE 25 LW','Plumbing',NULL,NULL,4.65,18,1.71,20,0,13.45,100,5),(347,'123','STAR WHITE MTA 25','Plumbing',NULL,NULL,2.89,18,1.06,20,0,8.35,100,5),(348,'123','STAR BRASS WHITE ELBOW PVC 3/4X1/2 HEAVY','Plumbing',NULL,NULL,55.2,18,9.94,20,NULL,78.16,100,5),(349,'123','STAR WHITE COUPLER 25','Plumbing',NULL,NULL,2.57,18,0.94,20,0,7.43,100,5),(350,'123','FINOLEX BEND 45*63','Plumbing',NULL,NULL,26.5,18,4.77,20,NULL,37.52,100,5),(351,'123','FINOLEX TEE 63 MM 6 KG ','Plumbing',NULL,NULL,40.9,18,7.36,20,NULL,57.91,100,5),(352,'123','STAR WHITE REDUCING BUSH 63X50','Plumbing',NULL,NULL,12.64,18,4.64,20,0,36.53,100,5),(353,'123','STAR WHITE ELBOW 50 LW','Plumbing',NULL,NULL,12.3,18,4.52,20,0,35.54,100,5),(354,'123','STAR WHITE BEND 45*50','Plumbing',NULL,NULL,12.86,18,4.72,20,0,37.17,100,5),(355,'123','STAR WHITE LEE TEE 50 LW','Plumbing',NULL,NULL,19.5,18,7.16,20,0,56.36,100,5),(356,'123','SURYA OPEN STEOP COCK PVC ','Plumbing',NULL,NULL,58,18,10.44,20,NULL,82.13,100,5),(357,'123','WATER TEC SHOWER SET DELUXE WHITE ','Plumbing',NULL,NULL,360,18,64.8,20,NULL,509.76,100,5),(358,'123','STAR WHITE ELBOW 110  SOCKET','Plumbing',NULL,NULL,56.59,18,20.79,20,0,163.55,100,5),(359,'123','STAR WHTIE BEND 45*110 SOCKET','Plumbing',NULL,NULL,119.6,18,21.53,20,NULL,169.35,100,5),(360,'123','FINOLEX BEND 4.4 KG HEAVY ','Plumbing',NULL,NULL,87,18,15.66,20,NULL,123.19,100,5),(361,'123','STAR WHITEL ELBOW 75 SOCKET ','Plumbing',NULL,NULL,52.5,18,9.45,20,NULL,74.34,100,5),(362,'123','STAR WHITE BEND 45*75 SOCKET','Plumbing',NULL,NULL,35.77,18,13.14,20,0,103.37,100,5),(363,'123','STAR WHITE TEE 75 SOCKET','Plumbing',NULL,NULL,36.21,18,13.3,20,0,104.64,100,5),(364,'123','BENAD 2 1/2 4KG 75MM','Plumbing',NULL,NULL,25.5,18,4.59,20,NULL,36.11,100,5),(365,'123','BEND 1\" 10 KG 32MM','Plumbing',NULL,NULL,6.25,18,1.12,20,NULL,8.85,100,5),(366,'123','FINOLEX ELBOW 32 MM 10 KG','Plumbing',NULL,NULL,9.1,18,1.64,20,NULL,12.89,100,5),(367,'123','FINOLEX BEND 45*32 MM KG ','Plumbing',NULL,NULL,11.3,18,2.03,20,NULL,16,100,5),(368,'123','FINOLEX TEE 32 MM 10 KG ','Plumbing',NULL,NULL,11.6,18,2.09,20,NULL,16.43,100,5),(369,'123','STAR WHITE REDUCER 32X25','Plumbing',NULL,NULL,3.67,18,1.35,20,0,10.62,100,5),(370,'123','STAR WHITE REDUCING BUSH 32X25','Plumbing',NULL,NULL,3.48,18,1.28,20,0,10.05,99,5),(371,'123','FINOLEX BEND 1 1/4 \" 10 KG HEAVY','Plumbing',NULL,NULL,20,18,3.6,20,NULL,28.32,100,5),(372,'123','CORSA JAZZ CON STOP COCK JZ 605A','Plumbing',NULL,NULL,1055,18,189.9,5,NULL,1493.88,100,5),(373,'123','CLAMP SS PATTA HEAVY 1/2 \"','Plumbing',NULL,NULL,2.75,18,0.5,20,NULL,3.89,100,5),(374,'123','CLAMP SS PATTA HEAVY 3/4 \"','Plumbing',NULL,NULL,2.8,18,0.5,20,NULL,3.96,100,5),(375,'123','CLAMP SS PATTA HEAVY 1 \"','Plumbing',NULL,NULL,3.2,18,0.58,20,NULL,4.53,100,5),(376,'123','CLAMP SS PATTA HEAVY 1 1/4 \"','Plumbing',NULL,NULL,4.25,18,0.76,20,NULL,6.02,100,5),(377,'123','CLAMP SS PATTA HEAVY 1 1/2 \"','Plumbing',NULL,NULL,4.9,18,0.88,20,NULL,6.94,100,5),(378,'123','CLAMP SS PATTA HEAVY 2 \"','Plumbing',NULL,NULL,5.85,18,1.05,20,NULL,8.28,100,5),(379,'123','CLAMP SS PATTA HEAVY 2 1/2 \"','Plumbing',NULL,NULL,7.7,18,1.39,20,NULL,10.9,100,5),(380,'123','CLAMP SS PATTA HEAVY 3 \"','Plumbing',NULL,NULL,9,18,1.62,20,NULL,12.74,100,5),(381,'123','CLAMP SS PATTA HEAVY 4 \"','Plumbing',NULL,NULL,10.2,18,1.84,20,NULL,14.44,100,5),(382,'123','FINOLEX CPVC ELBOW 3/4 \"','Plumbing',NULL,NULL,13.8,18,2.48,20,NULL,19.54,100,5),(383,'123','FINOLEX CPVC TEE 3/4\"','Plumbing',NULL,NULL,23.3,18,4.19,20,NULL,32.99,100,5),(384,'123','FINOLEX CPVC COUPLER 3/4 \"','Plumbing',NULL,NULL,11.7,18,2.11,20,NULL,16.57,100,5),(385,'123','FINOLEX CPVC MTA 3/4 \"','Plumbing',NULL,NULL,16.9,18,3.04,20,NULL,23.93,100,5),(386,'123','FINOLEX CPVC FTA 3/4\"','Plumbing',NULL,NULL,21.7,18,3.91,20,NULL,30.73,100,5),(387,'123','FINOLEX CPVC END CAP 3/4 \"','Plumbing',NULL,NULL,10.1,18,1.82,20,NULL,14.3,100,5),(388,'123','FINOLEX CPVC BALL VALUE 3/4 \"','Plumbing',NULL,NULL,121,18,21.78,20,NULL,171.34,100,5),(389,'123','FINOLEX CPVC BRASS MTA 3/4 \"','Plumbing',NULL,NULL,155,18,27.9,20,NULL,219.48,100,5),(390,'123','FINOLEX CPVC BRASS MTA 3/4 X1/2\"','Plumbing',NULL,NULL,94.1,18,16.94,20,NULL,133.25,100,5),(391,'123','FINOLEX CPVC BEND 3/4\"X45*','Plumbing',NULL,NULL,20.6,18,3.71,20,NULL,29.17,100,5),(392,'123','FINOLEX CPVC BRASS ELBOW 3/4X1/2','Plumbing',NULL,NULL,53.4,18,9.61,20,NULL,75.61,100,5),(393,'123','FINOLEX CPVC BRASS FTA 3/4X1/2','Plumbing',NULL,NULL,67.6,18,12.17,20,NULL,95.72,100,5),(394,'123','FINOLEX CPVC BRASS TEE 3/4X1/2','Plumbing',NULL,NULL,66.6,18,11.99,20,NULL,94.31,100,5),(395,'123','FINOLEX ASTM TANK CONNECTOR 3/4\"','Plumbing',NULL,NULL,20.5,18,3.69,20,NULL,29.03,100,5),(396,'123','FINOLEX ASTM TANK CONNECTOR 1\"','Plumbing',NULL,NULL,28.3,18,5.09,20,NULL,40.07,100,5),(397,'123','FINOLEX ASTM TANK CONNECTOR 1 1/4\"','Plumbing',NULL,NULL,40.2,18,7.24,20,NULL,56.92,100,5),(398,'123','FINOLEX ASTM TANK CONNECTOR 1 1/2\"','Plumbing',NULL,NULL,45.5,18,8.19,20,NULL,64.43,100,5),(399,'123','FINOLEX ASTM TANK CONNECTOR 2 \"','Plumbing',NULL,NULL,52.9,18,9.52,20,NULL,74.91,100,5),(400,'123','SAINO TAP 1/2 PVC','Plumbing',NULL,NULL,21,18,3.78,20,NULL,29.74,100,5),(401,'123','SAINO TAP 3/4 PVC','Plumbing',NULL,NULL,22,18,3.96,20,NULL,31.15,100,5),(402,'123','SAINO JPSE TA[ 3/4 PVC ','Plumbing',NULL,NULL,24,18,4.32,20,NULL,33.98,100,5),(403,'123','SURYA HEAVY TAP 1/2 PVC','Plumbing',NULL,NULL,28,18,5.04,20,NULL,39.65,10,5),(404,'123','SURYA HEAVY TAP 3/4 PVC','Plumbing',NULL,NULL,29,18,5.22,20,NULL,41.06,10,5),(405,'123','SURYA HEAVY HOSE TAP 1/2 PVC','Plumbing',NULL,NULL,30,18,5.4,20,NULL,42.48,10,5),(406,'123','SURYA HEAVY HOSE TAP 3/4 PVC','Plumbing',NULL,NULL,31,18,5.58,20,NULL,43.9,10,5),(407,'123','SURYA HEAVY LONG BODY 1/2 PVC','Plumbing',NULL,NULL,33,18,5.94,20,NULL,46.73,8,5),(408,'123','SURYA HEAVY LONG BODY 3/4 PVC','Plumbing',NULL,NULL,34,18,6.12,20,NULL,48.14,10,5),(409,'123','WASTE HOSE 1 1/4','Plumbing',NULL,NULL,13,18,2.34,20,NULL,18.41,100,5),(410,'123','WASTE HOSE 1 1/2','Plumbing',NULL,NULL,18,18,3.24,20,NULL,25.49,100,5),(411,'123','WASTE HOSE 1 1/4 STARFLEX HEAVY CHINA COLOUR','Plumbing',NULL,NULL,24,18,4.32,20,NULL,33.98,100,5),(412,'123','WASTE HOSE 1 1/4 EMSON HEAVY','Plumbing',NULL,NULL,30,18,5.4,20,NULL,42.48,100,5),(413,'123','TH: PLUG LONG WHITE 1/2\"','Plumbing',NULL,NULL,1.5,18,0.27,20,NULL,2.12,100,5),(414,'123','CLOSE BUSH HEAVY','Plumbing',NULL,NULL,10,18,1.8,20,NULL,14.16,100,5),(415,'123','TAP WASHER 1/2','Plumbing',NULL,NULL,0.45,18,0.08,20,NULL,0.64,100,5),(416,'123','TAP WASHER 3/4\"','Plumbing',NULL,NULL,0.5,18,0.09,20,NULL,0.71,99,5),(417,'123','BLACK WASHER 1/2','Plumbing',NULL,NULL,0.65,18,0.12,20,NULL,0.92,100,5),(418,'123','CONNECTON WASHER ','Plumbing',NULL,NULL,0.5,18,0.09,20,NULL,0.71,100,5),(419,'123','TAFLON TAPE COOPER 10 MTR','Plumbing',NULL,NULL,8.7,18,1.57,20,NULL,12.32,100,5),(420,'123','TAFLON TAPE YELLOW FRESHCO','Plumbing',NULL,NULL,6,18,1.08,20,NULL,8.5,100,5),(421,'123','TANK COVER BLACK 400,500,750&1000 LTR','Plumbing',NULL,NULL,55,18,9.9,20,NULL,77.88,100,5),(422,'123','FLUSH TANK WASHER','Plumbing',NULL,NULL,10,18,1.8,20,NULL,14.16,100,5),(423,'123','STAR WHITE M.F. TRAP 110X63X3\" W/O JALI','Plumbing',NULL,NULL,69.7,18,25.6,20,0,201.43,100,5),(424,'123','STAR WHITE F.F. TRAP 11OX63X3\" W/O JALI','Plumbing',NULL,NULL,65,18,23.88,20,0,187.83,100,5),(425,'123','WATER TEC ANGLE VALVE WHITE','Plumbing',NULL,NULL,241,18,43.38,20,NULL,341.26,100,5),(426,'123','WATERTEC ANGLE VALVE 2 WAY WHTIE ','Plumbing',NULL,NULL,406,18,73.08,20,NULL,574.9,100,5),(427,'123','WATERTEC BALL VALVE LONG HANDLE 25 MM','Plumbing',NULL,NULL,91,18,16.38,20,NULL,128.86,100,5),(428,'123','WATERTEC BALL VALVE LONG HANDLE 25 MM TH:','Plumbing',NULL,NULL,99,18,17.82,20,NULL,140.18,100,5),(429,'123','WATER TEC BALL VALVE LONG HANDLE 32MM','Plumbing',NULL,NULL,120,18,21.6,20,NULL,169.92,100,5),(430,'123','WATERTEC BALL VALVE LONG HANDLE 40 MM','Plumbing',NULL,NULL,172,18,30.96,20,NULL,243.55,100,5),(431,'123','WATERTEC BALL VALVE LONG HANDLE 5O MM','Plumbing',NULL,NULL,253,18,45.54,20,NULL,358.25,100,5),(432,'123','WATERTEC BALL VALVE LONG HANDLE 63 MM','Plumbing',NULL,NULL,315,18,56.7,20,NULL,446.04,100,5),(433,'123','WATERTEC BIB COCK MAGIX','Plumbing',NULL,NULL,58,18,10.44,20,NULL,82.13,100,5),(434,'123','WATERTEC BIB TAP WHITE T HANDLE','Plumbing',NULL,NULL,165,18,29.7,20,NULL,233.64,100,5),(435,'123','WATERTEC BIB TAP WHITE','Plumbing',NULL,NULL,224,18,40.32,20,NULL,317.18,100,5),(436,'123','WATERTEC BIB TAP WITH FLANGE WHITE','Plumbing',NULL,NULL,293,18,52.74,20,NULL,414.89,100,5),(437,'123','WATERTEC CONNECTION TUBE 1.5  MTR WHITE','Plumbing',NULL,NULL,212,18,38.16,20,NULL,300.19,100,5),(438,'123','WATERTEC CONNECTION TUBE 1 MTR WHITE','Plumbing',NULL,NULL,155,18,27.9,20,NULL,219.48,100,5),(439,'123','WATERTEC CONNCTION TUBE 18\" WHITE','Plumbing',NULL,NULL,85,18,15.3,20,NULL,120.36,100,5),(440,'123','WATERTEC CONNCTION TUBE 24\" WHITE','Plumbing',NULL,NULL,95,18,17.1,20,NULL,134.52,100,5),(441,'123','WATERTEC FLOAT VALVE1/2\" WITH ROD & BALL','Plumbing',NULL,NULL,245,18,44.1,20,NULL,346.92,100,5),(442,'123','WATERTEC FLOAT VALVE 3/4\" WITH ROD&BALL','Plumbing',NULL,NULL,367,18,66.06,20,NULL,519.67,100,5),(443,'123','WATERTEC FLOAT VALVE 1\" WITH ROD & BALL','Plumbing',NULL,NULL,731,18,131.58,20,NULL,1035.1,100,5),(444,'123','WATERTEC FLOOR TRAP-WHITE','Plumbing',NULL,NULL,108,18,19.44,20,NULL,152.93,100,5),(445,'123','WATERTEC GARDEN TAP M HANDLE WHITE ','Plumbing',NULL,NULL,322,18,57.96,20,NULL,455.95,100,5),(446,'123','WATERTEC GARDEN TAP T HANDLE -WH','Plumbing',NULL,NULL,214,18,38.52,20,NULL,303.02,100,5),(447,'123','WATERTEC H/F HEAD ONLY WHITE','Plumbing',NULL,NULL,262,18,47.16,20,NULL,370.99,100,5),(448,'123','WATERTEC H/F ICON 1 MTR WHITE','Plumbing',NULL,NULL,453,18,81.54,20,NULL,641.45,100,5),(449,'123','WATERTEC H/F MAGIX 1 MTR WHITE','Plumbing',NULL,NULL,397,18,71.46,20,NULL,562.15,100,5),(450,'123','WATERTEC H/F WATERLINE 1 MTR WHITE','Plumbing',NULL,NULL,434,18,78.12,20,NULL,614.54,100,5),(451,'123','WATERTEC HEALTH FAUCET SLEEK ','Plumbing',NULL,NULL,555,18,99.9,20,NULL,785.88,100,5),(452,'123','WATERTEC BALL VALVE SHORT HANDLE 20 MM','Plumbing',NULL,NULL,59,18,10.62,20,NULL,83.54,100,5),(453,'123','WATERTEC BALL VALVE SHORT HANDLE 25 MM','Plumbing',NULL,NULL,81,18,14.58,20,NULL,114.7,100,5),(454,'123','WATERTEC BALL VALVE SHORT HANDLE  32 MM','Plumbing',NULL,NULL,116,18,20.88,20,NULL,164.26,100,5),(455,'123','WATERTEC BALL VALVE SHORT HANDLE 40 MM ','Plumbing',NULL,NULL,154,18,27.72,20,NULL,218.06,100,5),(456,'123','WATERTEC BALL VALVE SHORT HANDLE 50 MM ','Plumbing',NULL,NULL,226,18,40.68,20,NULL,320.02,100,5),(457,'123','WATERTEC BALL VALVE SHORT HANDLE 63 MM','Plumbing',NULL,NULL,305,18,54.9,20,NULL,431.88,100,5),(458,'123','WATERTEC GARDEN HOSE 1 inch GREEN 30 MTR ','Plumbing',NULL,NULL,1557,18,280.26,5,NULL,2204.71,100,5),(459,'123','WATERTEC GARDEN HOSE 3/4 inch GREEN 30 MTR','Plumbing',NULL,NULL,1259,18,226.62,5,NULL,1782.74,100,5),(460,'123','WATERTEC GARDEN HOSE 1/2 inch GREEN 30 MTR','Plumbing',NULL,NULL,744,18,133.92,20,NULL,1053.5,100,5),(461,'123','WATERTEC GARDEN HOSE 3/4 inch GREEN 10 MTR','Plumbing',NULL,NULL,433,18,77.94,20,NULL,613.13,100,5),(462,'123','WATERTEC GARDEN HOSE 1/2 inch GREEN 10 MTR','Plumbing',NULL,NULL,253,18,45.54,20,NULL,358.25,100,5),(463,'123','WATERTEC LIQUID SOAP DISPENSE ACRYLIC','Plumbing',NULL,NULL,649,18,116.82,20,NULL,918.98,100,5),(464,'123','WATERTEC LONG BODY TAP T HANDLE WHITE','Plumbing',NULL,NULL,248,18,44.64,20,NULL,351.17,100,5),(465,'123','WATERTEC PILLAR COCK WHITE','Plumbing',NULL,NULL,362,18,65.16,20,NULL,512.59,100,5),(466,'123','WATERTEC SINK TAP ANGULAR WHITE','Plumbing',NULL,NULL,206,18,37.08,20,NULL,291.7,100,5),(467,'123','WATERTEC SINK TAP SLEEK ','Plumbing',NULL,NULL,654,18,117.72,20,NULL,926.06,100,5),(468,'123','WATERTEC SMART TAP WHITE ','Plumbing',NULL,NULL,578,18,104.04,20,NULL,818.45,100,5),(469,'123','WATERTEC SOAP TRAY2 SOAP & BRUSH ACRYLIC ','Plumbing',NULL,NULL,65,18,11.7,20,NULL,92.04,100,5),(470,'123','WATERTEC WASHING MACHINE INLET 1.5 MTR','Plumbing',NULL,NULL,226,18,40.68,20,NULL,320.02,100,5),(471,'123','WATERTEC WASHING MACHINE INLET 2 MTR','Plumbing',NULL,NULL,301,18,54.18,20,NULL,426.22,100,5),(472,'123','WATERTEC WASHING MACHINE OUTLET 1.3 MTR','Plumbing',NULL,NULL,347,18,62.46,20,NULL,491.35,100,5),(473,'123','WATERTEC WASHING MACHINE OUTLET 1.5 MTR','Plumbing',NULL,NULL,130,18,23.4,20,NULL,184.08,100,5),(474,'123','WATERTEC  WASHING MACHINE OUTLET 3 MTR','Plumbing',NULL,NULL,156,18,28.08,20,NULL,220.9,100,5),(475,'123','WATERTEC WASHING MACHINE TAP WHITE','Plumbing',NULL,NULL,295,18,53.1,20,NULL,417.72,100,5),(476,'123','WATERTEC WASTE COUPLING H/TH- WHITE','Plumbing',NULL,NULL,357,18,64.26,20,NULL,505.51,100,5),(1423,'20001','CERA EWC S\" WT CAJOL SETCVR WHT 1053101','Plumbing',NULL,NULL,1978.81,18,356.19,5,NULL,2801.99,5,5),(1424,'20001','CERA CISTN CIENA wHT 1010102','Plumbing',NULL,NULL,1279.66,18,230.34,5,NULL,1812,5,5),(1425,'20001','CERA EWC S\" SRT BLUE-2008(1050101)','Plumbing',NULL,NULL,1906.78,18,343.22,5,NULL,2700,1,5),(1426,'20001','CERA CISTN CIENA SORT BLUE 2602(1010102)','Plumbing',NULL,NULL,1347.45,18,242.54,5,NULL,1907.99,1,5),(1427,'20001','CERA SET COVR CARINA SRT BLUE(1510101)','Plumbing',NULL,NULL,58474,18,10525.32,5,NULL,82799.18,1,5),(1428,'20001','CERA EWC S PINK-2008(1050101)','Plumbing',NULL,NULL,1906.76,18,343.22,5,NULL,2699.97,1,5),(1429,'20001','CERA CISTN CIENA PINK 1010102','Plumbing',NULL,NULL,1347.45,18,242.54,5,NULL,1907.99,1,5),(1430,'20001','CERA SET COVR CARINA PINK (1510101)','Plumbing',NULL,NULL,584.74,18,105.25,20,NULL,827.99,1,5),(1431,'20001','CERA W/8 CALVIN WHT-2815(2040106)','Plumbing',NULL,NULL,1207.62,18,217.37,5,NULL,1709.99,2,5),(1432,'20001','CERA W/B CANON WHT 101212040102)','Plumbing',NULL,NULL,1086.98,18,195.66,5,NULL,1539.16,2,5),(1433,'20001','CERA W/B COLINSL WHT 1003-2040101','Plumbing',NULL,NULL,1093.22,18,196.78,5,NULL,1548,2,5),(1434,'20001','CERA HIPED CLEA WHT.1102(2090102)','Plumbing',NULL,NULL,1283.89,18,231.1,5,NULL,1817.99,3,5),(1435,'20001','CERA WIBCALIBR 1014 WHT(2040109)','Plumbing',NULL,NULL,1588.98,18,286.02,5,NULL,2250,1,5),(1436,'20001','CERA CISTN COMPASS WHT-1020106','Plumbing',NULL,NULL,122181,18,21992.58,5,NULL,173008.3,1,5),(1437,'20001','CERA W43 JINGLE WHT 2040110','Plumbing',NULL,NULL,720.33,18,129.66,20,NULL,1019.99,1,5),(1438,'20001','CERA WM JASPER WHT 2340111','Plumbing',NULL,NULL,593.22,18,106.78,20,NULL,840,1,5),(1439,'20001','CERA W/B JOCKY WHT 2040112','Plumbing',NULL,NULL,635.59,18,114.41,20,NULL,900,1,5),(1440,'20001','CERA W18 JEAN WHT 2040113','Plumbing',NULL,NULL,677.96,18,122.03,20,NULL,959.99,1,5),(1441,'20001','CERA W/B JOVITA WHT 2040107','Plumbing',NULL,NULL,889.83,18,160.17,20,NULL,1260,1,5),(1442,'20001','ERA COR W/B JINNI WHT 2040108','Plumbing',NULL,NULL,677.96,18,122.03,20,NULL,959.99,1,5),(1443,'20001','VIK NG SQUARE DRAIN 39635)66)','Plumbing',NULL,NULL,39406,18,7093.08,5,NULL,55798.9,10,5),(1444,'20001','VIKNG WAST CURLING FiT 5284','Plumbing',NULL,NULL,296.61,18,53.39,20,NULL,420,10,5),(1445,'20001','VIKNG BRASS SCREW 9951(1PAIR)','Plumbing',NULL,NULL,37.28,18,6.71,20,NULL,52.79,24,5),(1446,'20001','VIKNG WAST CUPLNG POPUP 5224','Plumbing',NULL,NULL,584.74,18,105.25,20,NULL,827.99,5,5),(1447,'20001','VIKNG TAFLON YELVi 12512','Plumbing',NULL,NULL,25.42,18,4.58,20,NULL,35.99,50,5),(1448,'20001','VIKNG RAK BOLT SCRW PAIR 9609 ZNC','Plumbing',NULL,NULL,96.61,18,17.39,20,NULL,136.8,25,5),(1449,'20001','EX NIPPLE 1/2-1112 22012A','Plumbing',NULL,NULL,76.27,18,13.73,20,NULL,108,30,5),(1450,'20001','EX NIPPLE 22013','Plumbing',NULL,NULL,96.61,18,17.39,20,NULL,136.8,25,5),(1451,'20001','VIKNG DRAIN SO MAT 39594','Plumbing',NULL,NULL,161.01,18,28.98,20,NULL,227.99,10,5),(1500,'20001','CERA CISTN CLARISA WHT 1010108','Plumbing',NULL,NULL,868.64,18,156.36,20,NULL,1229.99,2,5),(1564,'2027','GM 3 PIN PLUG 6 A','Electrical',NULL,NULL,35.17,18,6.33,20,NULL,49.8,20,5),(1565,'2027','GM 3 PIN TOP 16 A','Electrical',NULL,NULL,44.07,18,7.93,20,NULL,62.4,10,5),(1566,'2027','GM PLAY ANGLE BATTEN ','Electrical',NULL,NULL,25.33,18,4.56,20,NULL,35.87,60,5),(1567,'2027','GM PENDANT HOLDER ','Electrical',NULL,NULL,19.49,18,3.51,20,NULL,27.6,20,5),(1568,'2027','WIDROIT PENDENT HOLDER ','Electrical',NULL,NULL,12.71,18,2.29,20,NULL,18,20,5),(1569,'2028','IA 6A SP B CARETRON MCB ','Electrical',NULL,NULL,83.16,18,14.97,20,NULL,117.75,11,5),(1570,'2028','IA 10A SP B CARETRON MCB ','Electrical',NULL,NULL,83.16,18,14.97,20,NULL,117.75,24,5),(1571,'2028','IA 16 A SP B CARETRON MCB','Electrical',NULL,NULL,83.16,18,14.97,20,NULL,117.75,24,5),(1572,'2028','IA 20A SP B CARETRON MCB ','Electrical',NULL,NULL,83.16,18,14.97,20,NULL,117.75,24,5),(1573,'2028','IA 25A SP B CARETRON MCB','Electrical',NULL,NULL,83.16,18,14.97,20,NULL,117.75,12,5),(1574,'2028','IA 40 A DP CERATRON ISOLATER ','Electrical',NULL,NULL,240.84,18,43.35,20,NULL,341.03,6,5),(1575,'2028','IA RCCB 40A DP 30MA','Electrical',NULL,NULL,1177.97,18,212.03,5,NULL,1668.01,6,5),(1576,'2028','IA REWIRABLE 32A 240V DP','Electrical',NULL,NULL,943.22,18,169.78,20,NULL,1335.6,2,5),(1577,'2028','IA METAL FLUSH BOX 1&2 MODULE ','Electrical',NULL,NULL,18.4,18,3.31,20,NULL,26.05,40,5),(1578,'2028','IA METAL FLUSH BOX 3 MODULE ','Electrical',NULL,NULL,25.76,18,4.64,20,NULL,36.48,40,5),(1579,'2028','IA METAL FLUSH BOX 4 MODULE ','Electrical',NULL,NULL,30.36,18,5.46,20,NULL,42.99,40,5),(1580,'2028','IA METAL FLUSH BOX 6 MODULE ','Electrical',NULL,NULL,47.84,18,8.61,20,NULL,67.74,40,5),(1581,'2028','IA METAL FLUSH BOX 8 MODULE ','Electrical',NULL,NULL,62.56,18,11.26,20,NULL,88.58,40,5),(1582,'2028','IA METAL FLUSH BOX 12 MODULE','Electrical',NULL,NULL,82.8,18,14.9,20,NULL,117.24,10,5),(1583,'2028','IA METAL FLUSH BOX 16 MODULE','Electrical',NULL,NULL,95.68,18,17.22,20,NULL,135.48,10,5),(1584,'2028','IA METAL FLUSH BOX 18 MODULE ','Electrical',NULL,NULL,103.04,18,18.55,20,NULL,145.9,10,5),(1585,'2028','IA PLASTIC SURFACE BOX 1&2 MODULE','Electrical',NULL,NULL,23,18,4.14,20,NULL,32.57,49,5),(1586,'2028','IA PLASTIC SURFACE BOX 3 MODULE','Electrical',NULL,NULL,27.6,18,4.97,20,NULL,39.08,34,5),(1587,'2028','IA PLASTIC SURFACE BOX 4 MODULE ','Electrical',NULL,NULL,32.2,18,5.8,20,NULL,45.6,24,5),(1588,'2028','IA PLASTIC SURFACE BOX 6 MODULE ','Electrical',NULL,NULL,47.84,18,8.61,20,NULL,67.74,10,5),(1589,'2028','IA PLASTIC SURFACE BOX 8 MODULE ','Electrical',NULL,NULL,68.08,18,12.25,20,NULL,96.4,10,5),(1590,'2028','IA PLASTIC SURFACE BOX 12 MODULE','Electrical',NULL,NULL,82.8,18,14.9,20,NULL,117.24,10,5),(1591,'2028','IA GLINT 6A 1 WAY SWITH 1  MODULE','Electrical',NULL,NULL,11.96,18,2.15,20,NULL,16.94,100,5),(1592,'2028','IA GLINT  2 WAY SWITCH 1 MODULE','Electrical',NULL,NULL,22.08,18,3.97,20,NULL,31.27,50,5),(1593,'2028','IA GLINT 6A 1 WAY SWITCH WITH INDICATER','Electrical',NULL,NULL,34.96,18,6.29,20,NULL,49.5,30,5),(1594,'2028','IA GLINT 32A DP SWITH','Electrical',NULL,NULL,65.32,18,11.76,20,NULL,92.49,10,5),(1595,'2028','IA GLINT IM BELL PUSH WITH INDICATER','Electrical',NULL,NULL,24.84,18,4.47,20,NULL,35.17,10,5),(1596,'2028','IA GLINT 2M 6A BELL PUSH WITH INDICATER','Electrical',NULL,NULL,38.64,18,6.96,20,NULL,54.71,10,5),(1597,'2028','IA GLINT 6A 3 PIN UNIVERSAL SOCKET ','Electrical',NULL,NULL,22.08,18,3.97,20,NULL,31.27,50,5),(1598,'2028','IA GLINT MULTISTANDARD SOCKET 6/1','Electrical',NULL,NULL,40.48,18,7.29,20,NULL,57.32,30,5),(1599,'2028','IA GLINT 10A EURO US SOCKET 1 MODULE ','Electrical',NULL,NULL,22.08,18,3.97,20,NULL,31.27,20,5),(1600,'2028','IA GLINT 6/16A 3 PIN SOCKET 2 MODULE ','Electrical',NULL,NULL,42.32,18,7.62,20,NULL,59.93,30,5),(1601,'2028','IA GLINT 1M FAN STEP REGULATOR 10','Electrical',NULL,NULL,107.64,18,19.38,20,NULL,152.42,10,5),(1602,'2028','IA GLINT 2M FAN STEP REGULATOR 1','Electrical',NULL,NULL,121.44,18,21.86,20,NULL,171.96,30,5),(1603,'2028','IA GLINT 1 MODULE BLANK PLATE  (DUMMY)','Electrical',NULL,NULL,8.28,18,1.49,20,NULL,11.72,100,5),(1604,'2028','IA GLINT 1 MODULE PLATE','Electrical',NULL,NULL,14.72,18,2.65,20,NULL,20.84,20,5),(1605,'2028','IA GLINT 2 MODULE PLATE ','Electrical',NULL,NULL,14.72,18,2.65,20,NULL,20.84,30,5),(1606,'2028','IA GLINT 3 MODULE PLATE ','Electrical',NULL,NULL,19.32,18,3.48,20,NULL,27.36,30,5),(1607,'2028','IA GLINT 4 MODULE PLATE','Electrical',NULL,NULL,24.84,18,4.47,20,NULL,35.17,19,5),(1608,'2028','IA GLINT 6 MODULE PLATE 2028','Electrical',NULL,NULL,30.36,18,5.46,20,NULL,42.99,25,5),(1609,'2028','IA GLINT 8 MODULE PLATE ','Electrical',NULL,NULL,39.56,18,7.12,20,NULL,56.02,25,5),(1610,'2028','IA GLINT 12 MODULE PLATE ','Electrical',NULL,NULL,54.28,18,9.77,20,NULL,76.86,10,5),(1611,'2028','IA GLINT 16 MODULE PLATE ','Electrical',NULL,NULL,57.04,18,10.27,20,NULL,80.77,5,5),(1612,'2028','IA GLINT 18 MODULE PLATE ','Electrical',NULL,NULL,68.08,18,12.25,20,NULL,96.4,5,5),(1613,'2029','BIOCN CARIO LED 3W','Electrical',NULL,NULL,74.44,18,13.4,20,NULL,105.41,60,5),(1919,'3917','BALCO 20 MM MEDIUM PVC PIPE ISI','Electrical',NULL,NULL,38.98,18,NULL,20,NULL,55.2,100,5),(1920,'3917','BALCO  20 MM MEDIUM IVERY ISI','Electrical',NULL,NULL,38.98,18,NULL,20,NULL,55.2,100,5),(1921,'3917','25MM MEDIUM BALCO ISI','Electrical',NULL,NULL,55.93,18,NULL,20,NULL,79.2,50,5),(1922,'3917','BALCO 25MM. MEDIUM IVORY','Electrical',NULL,NULL,55.93,18,NULL,20,NULL,79.2,50,5),(1923,'3917','SPINTECH 20MM COPLING IVORY','Electrical',NULL,NULL,1.95,18,NULL,20,NULL,2.76,250,5),(1924,'3917','SPINTECH 20MM COPLING','Electrical',NULL,NULL,1.95,18,NULL,20,NULL,2.76,250,5),(1925,'3917','SPINTECH25MM COUPLING','Electrical',NULL,NULL,3.07,18,NULL,20,NULL,4.35,250,5),(1926,'3917','SPINTECH25MM COPLING IVORY','Electrical',NULL,NULL,3.07,18,NULL,20,NULL,4.35,250,5),(1927,'3917','SPINTECH 20MM 4WAY','Electrical',NULL,NULL,9.32,18,NULL,20,NULL,13.2,50,5),(1928,'3917','SPINTECH 20MM 3 WAY ','Electrical',NULL,NULL,9.32,18,NULL,20,NULL,13.2,50,5),(1929,'3917','SPINTECH 20MM 2WAY','Electrical',NULL,NULL,9.32,18,NULL,20,NULL,13.2,50,5),(1930,'3917','SPINTECH20MM1WAY','Electrical',NULL,NULL,9.32,18,NULL,20,NULL,13.2,50,5),(1931,'3917','SPINTECH 1 WAY IVERY 20MM','Electrical',NULL,NULL,11.58,18,NULL,20,NULL,16.4,50,5),(1932,'3917','SPINTECH 2WAY IVERY 20MM ','Electrical',NULL,NULL,12.1,18,NULL,20,NULL,17.13,50,5),(1933,'3917','SPINTECH 3WAYIVORY 20MM','Electrical',NULL,NULL,12.55,18,NULL,20,NULL,17.77,50,5),(1934,'3917','SPINTECH 4WAY IVERY 20MM ','Electrical',NULL,NULL,13.14,18,NULL,20,NULL,18.61,50,5),(1935,'3917','PLASTIC CIRCUIAR BOX ','Electrical',NULL,NULL,45.76,18,NULL,20,NULL,64.8,50,5),(1936,'3917','HDP 20MM 45 MEETER','Electrical',NULL,NULL,360.17,18,NULL,20,NULL,510,5,5),(1937,'3917','HDP 20MM 90M','Electrical',NULL,NULL,720.34,18,NULL,20,NULL,1020,5,5),(1938,'3917','SPINTECH 20MM .U','Electrical',NULL,NULL,9.32,18,NULL,20,NULL,13.2,50,5),(1939,'3917','SP 20MM . L WAY','Electrical',NULL,NULL,9.32,18,NULL,20,NULL,13.2,50,5),(1940,'3917','SPINTECH 20MM Y','Electrical',NULL,NULL,9.32,18,NULL,20,NULL,13.2,50,5),(1941,'3917','SPINTECH 20MM U IVORY','Electrical',NULL,NULL,10.63,18,NULL,20,NULL,15.05,50,5),(1942,'3917','SPINTECH L WAY IVORY 20MM ','Electrical',NULL,NULL,10.9,18,NULL,20,NULL,15.43,50,5),(1943,'3917','SPINTECH 20MM Y IVORY','Electrical',NULL,NULL,10.63,18,NULL,20,NULL,15.05,50,5),(1944,'3917','20MM POLYTHEEN PIPE HD','Electrical',NULL,NULL,745.75,18,NULL,20,NULL,1055.98,5,5),(1945,'3917','20MMPOLYTHEEN PIPE HD 1/2','Electrical',NULL,NULL,373,18,NULL,20,NULL,528.17,2,5),(1946,'3917','HPL 9WLED BULB B22 ','Electrical',NULL,NULL,70,18,NULL,20,NULL,99.12,96,5),(1947,'3917','HPL 5 W LED BULB B 22','Electrical',NULL,NULL,68,18,NULL,20,NULL,96.29,24,5),(1948,'3917','HPL 7 LED BULB B 22','Electrical',NULL,NULL,69,12,NULL,20,NULL,92.74,24,5),(1949,'3917','HPL 3W LED BULB  22','Electrical',NULL,NULL,67,12,NULL,20,NULL,90.05,12,5),(1950,'3917','HPL 15W LED BULB 22','Electrical',NULL,NULL,152,12,NULL,20,NULL,204.29,10,5),(1951,'3917','HPL 12W LED BULB 22','Electrical',NULL,NULL,129.47,12,NULL,20,NULL,174.01,25,5),(1952,'3917','24W LED STREET LIGHT VOLTA ','Electrical',NULL,NULL,759,12,NULL,20,NULL,1020.1,2,5),(1953,'3917','30W LED STREET LIGHT VOLTA','Electrical',NULL,NULL,982.12,12,NULL,20,NULL,1319.97,6,5),(1954,'3917','EARTH COMPOUND ECO 8KG','Electrical',NULL,NULL,110.16,18,NULL,20,NULL,155.99,6,5),(1955,'3917','2 FEET EARTH ROD SMARTECH','Electrical',NULL,NULL,118,18,NULL,20,NULL,167.09,3,5),(1956,'3917','3 FEET EARTH ROD SMARTECH ','Electrical',NULL,NULL,139,18,NULL,20,NULL,196.82,5,5),(1957,'3917','4 FEET EARTH ROD SMARTECH ','Electrical',NULL,NULL,195,18,NULL,20,NULL,276.12,3,5),(1958,'3917','INSULATION TAPE WELLWIN','Electrical',NULL,NULL,7.14,18,NULL,20,NULL,10.11,150,5),(1959,'3917','METER  BOX SPN FUSE TYPE ','Electrical',NULL,NULL,805,18,NULL,20,NULL,1139.88,1,5),(1960,'3917','32A 415V FUSE UNIT STANDARD','Electrical',NULL,NULL,63.55,18,NULL,20,NULL,89.99,12,5),(1961,'3917','20MM POLYTHEEN PIPE HD 1/2','Electrical',NULL,NULL,373,18,NULL,20,NULL,528.17,3,5),(1962,'3917','HPL .05W LED BULB B22 BLUE','Electrical',NULL,NULL,25.9,12,NULL,20,NULL,34.81,12,5),(1963,'3917','HPL .05W LED BULB B22 GREEN','Electrical',NULL,NULL,25.9,12,NULL,20,NULL,34.81,12,5),(1964,'3917','HPL .5W LED BULB B 22 RED ','Electrical',NULL,NULL,25.9,12,NULL,20,NULL,34.81,12,5),(1965,'3917','HPL .5W LED BULB B 22 YELLOW','Electrical',NULL,NULL,25.9,12,NULL,20,NULL,34.81,12,5),(1966,'3917','HPL .5W LED BULB BULB WHITE','Electrical',NULL,NULL,25.9,12,NULL,20,NULL,34.81,12,5),(1967,'3917','HPL  36 W FTL 65K','Electrical',NULL,NULL,27.35,18,NULL,20,NULL,38.73,30,5),(1968,'3917','HPL 20W LED TUBE LIGHT','Electrical',NULL,NULL,183.04,12,NULL,20,NULL,246.01,20,5),(1969,'3917','3W STRIKER LED LIGHT','Electrical',NULL,NULL,67,12,NULL,20,NULL,90.05,50,5),(1970,'3917','HPL 20W LED TUBE LIGHT','Electrical',NULL,NULL,0.01,12,NULL,20,NULL,0.01,2,5),(1971,'3917','RR KABEL 1 SQM SUPREX','Electrical',NULL,NULL,594.92,18,NULL,4.5,NULL,842.41,20,5),(1972,'3917','RR KABEL 1.5 SUPREX','Electrical',NULL,NULL,888.14,18,NULL,5.7,NULL,1257.61,12,5),(1973,'3917','RR KABEL 2.5 SQ MM SUPREX KABLE','Electrical',NULL,NULL,1433.05,18,NULL,5.7,NULL,2029.2,12,5),(1974,'3917','RR KABEL 1SQMM  UNILAY','Electrical',NULL,NULL,617.8,18,NULL,4,NULL,874.8,20,5),(1975,'3917','RR KABEL 1.5 SQMM  UNILAY','Electrical',NULL,NULL,905.8,18,NULL,5.7,NULL,1282.61,12,5),(1976,'3917','RR KABEL 2.5 SQMM  UNILAY','Electrical',NULL,NULL,1462.71,18,NULL,7.2,NULL,2071.2,12,5),(1977,'3917','RR KABEL 4 SQMM  UNILAY','Electrical',NULL,NULL,2266.95,18,NULL,5,NULL,3210,8,5),(1978,'3917','RR KABEL 1.5X 3 CORE RATNALEX','Electrical',NULL,NULL,31.28,18,NULL,20,NULL,44,99,5),(1979,'3917','RR KABEL 2.5X 3 CORE RATNALEX','Electrical',NULL,NULL,49.76,18,NULL,22,NULL,70.46,99,5),(1980,'3917','6MM GRIP PLUG','Electrical',NULL,NULL,816.95,18,NULL,20,NULL,1156.8,50,5),(1981,'3917','8MM GRIP PLUG','Electrical',NULL,NULL,33.9,18,NULL,20,NULL,48,15,5),(1982,'3917','10MM GRIP PLUG','Electrical',NULL,NULL,50.85,18,NULL,20,NULL,72,10,5),(1983,'3917','CABLE TIE A ONE 100M','Electrical',NULL,NULL,16.95,18,NULL,20,NULL,24,10,5),(1984,'3917','CABLE TIE  A ONE 150M  ','Electrical',NULL,NULL,55.08,18,NULL,20,NULL,77.99,10,5),(1985,'3917','CABLE TIE A ONE 200M* 3.6MM','Electrical',NULL,NULL,76.27,18,NULL,20,NULL,108,10,5),(1986,'3917','CABLE TIE A ONE 250M','Electrical',NULL,NULL,110.17,18,NULL,20,NULL,156,5,5),(1987,'3917','CABLE TIE A ONE 300*3.3MM','Electrical',NULL,NULL,122.88,18,NULL,20,NULL,174,5,5),(1988,'3917','CABLE TIE VA ONE 364*4.8MM','Electrical',NULL,NULL,203.39,18,NULL,20,NULL,288,5,5),(1989,'3917','CABLE TIE A ONE 400M','Electrical',NULL,NULL,220.34,18,NULL,20,NULL,312,5,5),(1990,'3917','KALKI 32A DP','Electrical',NULL,NULL,864.41,18,NULL,20,NULL,1224,2,5),(1991,'3917','KALKI 16A 240V DP','Electrical',NULL,NULL,466.1,18,NULL,20,NULL,660,2,5),(1992,'3917','GM ORBIT 2 PIN FLEX BOX 5 MTR','Electrical',NULL,NULL,169.49,18,NULL,20,NULL,240,5,5),(1993,'3917','GM E BOOK 4+1 POWER STRIP','Electrical',NULL,NULL,262.71,18,NULL,20,NULL,372,5,5),(1994,'3917','GOLDMEDAL SPICE 3 PIN UNI TRAVEL ADP','Electrical',NULL,NULL,59.32,18,NULL,20,NULL,84,10,5),(1995,'3917','GM PRIME DING DONG','Electrical',NULL,NULL,84.75,18,NULL,20,NULL,120.01,10,5),(1996,'3917','GM GAYATHRI MANDRA BELL','Electrical',NULL,NULL,173.73,18,NULL,20,NULL,246,5,5),(1997,'3917','GM SPARKLE BELL','Electrical',NULL,NULL,198.31,18,NULL,20,NULL,280.81,5,5),(1998,'3917','GM HELIX ANGLE BATTEN','Electrical',NULL,NULL,35.59,18,NULL,20,NULL,50.4,20,5),(1999,'3917','GM HELIX BATTEN HOLDER','Electrical',NULL,NULL,35.59,18,NULL,20,NULL,50.4,20,5),(2000,'3917','GM PLAY ANGEL BATTEN','Electrical',NULL,NULL,25.33,18,NULL,20,NULL,35.87,20,5),(2001,'3917','GM PLAY BATTEN HOLDER','Electrical',NULL,NULL,25.33,18,NULL,20,NULL,35.87,20,5),(2002,'3917','GM APEX CEILING ROSE','Electrical',NULL,NULL,30.51,18,NULL,20,NULL,43.2,20,5),(2003,'3917','GOLDMEDALOVAL BATTEN HOLDER','Electrical',NULL,NULL,19.13,18,NULL,20,NULL,27.09,20,5);

/*Table structure for table `stock_vp` */

DROP TABLE IF EXISTS `stock_vp`;

CREATE TABLE `stock_vp` (
  `item_id` bigint(20) NOT NULL AUTO_INCREMENT,
  `hsn_code` varchar(50) NOT NULL,
  `item_name` varchar(200) NOT NULL,
  `category` varchar(50) DEFAULT NULL,
  `supplier` varchar(50) DEFAULT NULL,
  `description` varchar(200) DEFAULT NULL,
  `purchase_price` double DEFAULT NULL,
  `gst_percentage` double DEFAULT NULL,
  `gst_amount` double DEFAULT NULL,
  `margin` double DEFAULT NULL,
  `discount` double DEFAULT '0',
  `mrp` double DEFAULT NULL,
  `selling_price` double DEFAULT NULL,
  `quantity` double DEFAULT NULL,
  `reorder_quantity` double DEFAULT NULL,
  `update_ts` datetime DEFAULT NULL,
  `stock_entry_quantity` double DEFAULT '0',
  `wholesale_price` double DEFAULT '0',
  PRIMARY KEY (`item_id`)
) ENGINE=InnoDB AUTO_INCREMENT=2263 DEFAULT CHARSET=utf8;

/*Data for the table `stock_vp` */

insert  into `stock_vp`(`item_id`,`hsn_code`,`item_name`,`category`,`supplier`,`description`,`purchase_price`,`gst_percentage`,`gst_amount`,`margin`,`discount`,`mrp`,`selling_price`,`quantity`,`reorder_quantity`,`update_ts`,`stock_entry_quantity`,`wholesale_price`) values (2232,'25232940','CHETTINAD CEMENT SLAG PAPER','Construction','MUGHAL TRADERS','',269.53,28,7546.839999999999,20,0,NULL,413.99807999999996,62,5,NULL,0,0),(2260,'25232940','CHETTINAD_1','Agriculture','Default','',280,28,7840,0,0,400,350,17,5,NULL,20,320),(2262,'25232940','CHETTINAD_2','Agriculture','Default','',15,5,75,0,0,25,20,10,5,NULL,10,18);

/*Table structure for table `supplier` */

DROP TABLE IF EXISTS `supplier`;

CREATE TABLE `supplier` (
  `supplier_id` bigint(20) NOT NULL AUTO_INCREMENT,
  `supplier_code` varchar(50) NOT NULL,
  `supplier_name` varchar(200) NOT NULL,
  `supplier_contact_number` varchar(10) DEFAULT NULL,
  `supplier_address` varchar(500) DEFAULT NULL,
  `supplier_rating` varchar(1) DEFAULT NULL,
  `date_of_first_deal` varchar(20) DEFAULT NULL,
  `date_of_last_deal` varchar(20) DEFAULT NULL,
  PRIMARY KEY (`supplier_id`)
) ENGINE=InnoDB AUTO_INCREMENT=6 DEFAULT CHARSET=utf8;

/*Data for the table `supplier` */

insert  into `supplier`(`supplier_id`,`supplier_code`,`supplier_name`,`supplier_contact_number`,`supplier_address`,`supplier_rating`,`date_of_first_deal`,`date_of_last_deal`) values (1,'N01','Default','9447819377','Kollam','4',NULL,NULL),(2,'N02','ABC TRADERS','9995556677','Near St.Johns Hospital','4',NULL,NULL),(4,'S03','XYZ ENTERPRISES','8921264051','ALPHA TOWER, HOSPITAL Jn.','3',NULL,NULL),(5,'SUP001','EEE AGENCIES','9961535304','Near DARUL HASANTH Complex,\nStep Road,\nKANNADIPARAMBA','2',NULL,NULL);

/*!40101 SET SQL_MODE=@OLD_SQL_MODE */;
/*!40014 SET FOREIGN_KEY_CHECKS=@OLD_FOREIGN_KEY_CHECKS */;
/*!40014 SET UNIQUE_CHECKS=@OLD_UNIQUE_CHECKS */;
/*!40111 SET SQL_NOTES=@OLD_SQL_NOTES */;
