/*
SQLyog Community v11.51 (64 bit)
MySQL - 5.6.21-log : Database - tienda_fcb_jun21
*********************************************************************
*/

/*!40101 SET NAMES utf8 */;

/*!40101 SET SQL_MODE=''*/;

/*!40014 SET @OLD_UNIQUE_CHECKS=@@UNIQUE_CHECKS, UNIQUE_CHECKS=0 */;
/*!40014 SET @OLD_FOREIGN_KEY_CHECKS=@@FOREIGN_KEY_CHECKS, FOREIGN_KEY_CHECKS=0 */;
/*!40101 SET @OLD_SQL_MODE=@@SQL_MODE, SQL_MODE='NO_AUTO_VALUE_ON_ZERO' */;
/*!40111 SET @OLD_SQL_NOTES=@@SQL_NOTES, SQL_NOTES=0 */;
CREATE DATABASE /*!32312 IF NOT EXISTS*/`tienda_fcb_jun21` /*!40100 DEFAULT CHARACTER SET utf8 */;

USE `tienda_fcb_jun21`;

/*Table structure for table `activity_log` */

DROP TABLE IF EXISTS `activity_log`;

CREATE TABLE `activity_log` (
  `activity_id` bigint(20) NOT NULL AUTO_INCREMENT,
  `description` varchar(500) DEFAULT NULL,
  `created_by` varchar(50) DEFAULT NULL,
  `create_ts` datetime DEFAULT CURRENT_TIMESTAMP,
  PRIMARY KEY (`activity_id`)
) ENGINE=InnoDB AUTO_INCREMENT=684 DEFAULT CHARSET=utf8;

/*Data for the table `activity_log` */

insert  into `activity_log`(`activity_id`,`description`,`created_by`,`create_ts`) values (559,'Purchased 500.0 unit of PPC Cement (Hebbal)',NULL,'2020-06-21 11:05:06'),(560,'Purchased 80.0 unit of RAMCO CEMENT PPC 50KG',NULL,'2020-06-21 11:10:09'),(561,'Purchased 75.0 unit of CHETTINAD CEMENT SLAG PAPER',NULL,'2020-06-21 11:22:13'),(562,'Purchased 80.0 unit of RAMCO CEMENT PPC 50KG',NULL,'2020-06-21 11:23:08'),(563,'Purchased 500.0 unit of PPC Cement (Hebbal)',NULL,'2020-06-21 11:23:40'),(564,'Purchased 500.0 unit of PPC Cement (Hebbal)',NULL,'2020-06-21 11:27:42'),(565,'Purchased 75.0 unit of DALMIA PPC 50KG BAG - BOPP',NULL,'2020-06-21 12:24:16'),(566,'Purchased 150.0 unit of DALMIA OPC53 50KG - HDPE',NULL,'2020-06-21 12:25:27'),(567,'Purchased 65.0 unit of DALMIA PPC 50KG BAG - BOPP',NULL,'2020-06-21 12:26:58'),(568,'Purchased 65.0 unit of DALMIA PPC 50KG BAG - BOPP',NULL,'2020-06-21 12:29:43'),(569,'Purchased 51.0 unit of DALMIA PPC 50KG BAG - BOPP',NULL,'2020-06-21 12:30:47'),(570,'Purchased 14.0 unit of DALMIA PPC 50KG BAG - BOPP',NULL,'2020-06-21 12:31:28'),(571,'Purchased 65.0 unit of DALMIA PPC 50KG BAG - BOPP',NULL,'2020-06-21 12:32:38'),(572,'Purchased 60.0 unit of DALMIA PPC 50KG BAG - BOPP',NULL,'2020-06-21 12:33:17'),(573,'Purchased 30.0 unit of DALMIA PPC 50KG BAG - BOPP',NULL,'2020-06-21 12:34:00'),(574,'Purchased 50.0 unit of RAMCO CEMENT PPC 50KG',NULL,'2020-06-21 12:35:30'),(575,'Purchased 65.0 unit of DALMIA PPC 50KG BAG - BOPP',NULL,'2020-06-21 12:38:19'),(576,'Purchased 65.0 unit of DALMIA PPC 50KG BAG - BOPP',NULL,'2020-06-21 12:40:06'),(577,'Purchased 65.0 unit of DALMIA PPC 50KG BAG - BOPP',NULL,'2020-06-21 12:41:08'),(578,'Purchased 30.0 unit of DALMIA PPC 50KG BAG - BOPP',NULL,'2020-06-21 12:42:23'),(579,'Purchased 70.0 unit of DALMIA PPC 50KG BAG - BOPP',NULL,'2020-06-21 12:43:12'),(580,'Purchased 70.0 unit of DALMIA PPC 50KG BAG - BOPP',NULL,'2020-06-21 12:48:38'),(581,'Purchased 30.0 unit of DALMIA PPC 50KG BAG - BOPP',NULL,'2020-06-21 12:49:26'),(582,'Purchased 70.0 unit of DALMIA PPC 50KG BAG - BOPP',NULL,'2020-06-21 12:50:01'),(583,'Purchased 70.0 unit of DALMIA PPC 50KG BAG - BOPP',NULL,'2020-06-21 12:50:27'),(584,'Purchased 70.0 unit of DALMIA PPC 50KG BAG - BOPP',NULL,'2020-06-21 12:51:09'),(585,'Purchased 100.0 unit of DALMIA PPC 50KG BAG - BOPP',NULL,'2020-06-21 12:51:49'),(586,'Purchased 40.0 unit of DALMIA PPC 50KG BAG - BOPP',NULL,'2020-06-21 12:52:25'),(587,'Purchased 50.0 unit of DALMIA PPC 50KG BAG - BOPP',NULL,'2020-06-21 12:52:52'),(588,'Purchased 70.0 unit of RAMCO CEMENT PPC 50KG',NULL,'2020-06-21 12:54:03'),(589,'Purchased 70.0 unit of DALMIA PPC 50KG BAG - BOPP',NULL,'2020-06-21 12:54:39'),(590,'Purchased 70.0 unit of DALMIA PPC 50KG BAG - BOPP',NULL,'2020-06-21 12:55:30'),(591,'Purchased 70.0 unit of DALMIA PPC 50KG BAG - BOPP',NULL,'2020-06-21 12:55:56'),(592,'Purchased 70.0 unit of DALMIA PPC 50KG BAG - BOPP',NULL,'2020-06-21 12:56:20'),(593,'Purchased 70.0 unit of DALMIA PPC 50KG BAG - BOPP',NULL,'2020-06-21 12:56:54'),(594,'Purchased 65.0 unit of DALMIA PPC 50KG BAG - BOPP',NULL,'2020-06-21 12:57:28'),(595,'Purchased 65.0 unit of DALMIA PPC 50KG BAG - BOPP',NULL,'2020-06-21 14:17:55'),(596,'Purchased 70.0 unit of DALMIA PPC 50KG BAG - BOPP',NULL,'2020-06-21 14:18:37'),(597,'Purchased 2.0 unit of DALMIA PPC 50KG BAG - BOPP',NULL,'2020-06-21 14:19:57'),(598,'Purchased 63.0 unit of DALMIA PPC 50KG BAG - BOPP',NULL,'2020-06-21 14:20:47'),(599,'Purchased 70.0 unit of DALMIA PPC 50KG BAG - BOPP',NULL,'2020-06-21 14:21:29'),(600,'Purchased 70.0 unit of DALMIA PPC 50KG BAG - BOPP',NULL,'2020-06-21 14:21:58'),(601,'Purchased 70.0 unit of DALMIA PPC 50KG BAG - BOPP',NULL,'2020-06-21 14:22:27'),(602,'Purchased 70.0 unit of DALMIA PPC 50KG BAG - BOPP',NULL,'2020-06-21 14:27:19'),(603,'Purchased 70.0 unit of DALMIA PPC 50KG BAG - BOPP',NULL,'2020-06-21 14:28:11'),(604,'Purchased 100.0 unit of DALMIA PPC 50KG BAG - BOPP',NULL,'2020-06-21 14:28:40'),(605,'Purchased 65.0 unit of DALMIA PPC 50KG BAG - BOPP',NULL,'2020-06-21 14:29:06'),(606,'Purchased 44.0 unit of DALMIA PPC 50KG BAG - BOPP',NULL,'2020-06-21 14:29:25'),(607,'Purchased 21.0 unit of DALMIA PPC 50KG BAG - BOPP',NULL,'2020-06-21 14:30:15'),(608,'Purchased 70.0 unit of DALMIA PPC 50KG BAG - BOPP',NULL,'2020-06-21 14:31:26'),(609,'Purchased 65.0 unit of DALMIA PPC 50KG BAG - BOPP',NULL,'2020-06-21 14:31:58'),(610,'Purchased 58.0 unit of Dalmia DSP Concrete Expert',NULL,'2020-06-21 14:38:26'),(611,'Purchased 65.0 unit of DALMIA PPC 50KG BAG - BOPP',NULL,'2020-06-21 14:39:43'),(612,'Purchased 65.0 unit of DALMIA PPC 50KG BAG - BOPP',NULL,'2020-06-21 14:40:41'),(613,'Purchased 65.0 unit of DALMIA PPC 50KG BAG - BOPP',NULL,'2020-06-21 14:41:12'),(614,'Purchased 100.0 unit of OPC 53 grade 50KG HDPE White',NULL,'2020-06-21 14:42:23'),(615,'Purchased 65.0 unit of DALMIA PPC 50KG BAG - BOPP',NULL,'2020-06-21 14:42:54'),(616,'Purchased 50.0 unit of OPC 53 grade 50KG HDPE White',NULL,'2020-06-21 14:43:44'),(617,'Purchased 65.0 unit of DALMIA PPC 50KG BAG - BOPP',NULL,'2020-06-21 14:44:38'),(618,'Purchased 65.0 unit of DALMIA PPC 50KG BAG - BOPP',NULL,'2020-06-21 14:45:10'),(619,'Purchased 65.0 unit of DALMIA PPC 50KG BAG - BOPP',NULL,'2020-06-21 14:45:47'),(620,'Purchased 65.0 unit of DALMIA PPC 50KG BAG - BOPP',NULL,'2020-06-21 14:46:25'),(621,'Purchased 65.0 unit of DALMIA PPC 50KG BAG - BOPP',NULL,'2020-06-21 14:47:29'),(622,'Purchased 65.0 unit of DALMIA PPC 50KG BAG - BOPP',NULL,'2020-06-21 14:48:14'),(623,'Purchased 65.0 unit of DALMIA PPC 50KG BAG - BOPP',NULL,'2020-06-21 14:53:25'),(624,'Purchased 100.0 unit of OPC 53 grade 50KG HDPE White',NULL,'2020-06-21 14:54:35'),(625,'Purchased 65.0 unit of DALMIA PPC 50KG BAG - BOPP',NULL,'2020-06-21 14:57:35'),(626,'Purchased 23.0 unit of OPC 53 grade 50KG HDPE White',NULL,'2020-06-21 14:58:23'),(627,'Purchased 65.0 unit of DALMIA PPC 50KG BAG - BOPP',NULL,'2020-06-21 14:59:45'),(628,'Purchased 40.0 unit of OPC 53 grade 50KG HDPE White',NULL,'2020-06-21 15:01:22'),(629,'Purchased 37.0 unit of OPC 53 grade 50KG HDPE White',NULL,'2020-06-21 15:02:19'),(630,'Purchased 65.0 unit of DALMIA PPC 50KG BAG - BOPP',NULL,'2020-06-21 15:03:27'),(631,'Purchased 16.0 unit of DALMIA PPC 50KG BAG - BOPP',NULL,'2020-06-21 15:04:14'),(632,'Purchased 34.0 unit of DALMIA PPC 50KG BAG - BOPP',NULL,'2020-06-21 15:04:54'),(633,'Purchased 65.0 unit of DALMIA PPC 50KG BAG - BOPP',NULL,'2020-06-21 15:06:01'),(634,'Purchased 65.0 unit of DALMIA PPC 50KG BAG - BOPP',NULL,'2020-06-21 15:07:17'),(635,'Sold 10.0 unit of DALMIA PPC 50KG BAG - BOPP on 31/07/2021 Bill Number-1','Sales','2021-07-31 21:26:21'),(636,'Sold 5.0 unit of DALMIA OPC53 50KG - HDPE on 31/07/2021 Bill Number-B-1','Sales','2021-07-31 21:26:40'),(637,'Sold 2.0 unit of DALMIA OPC53 50KG - HDPE on 31/07/2021 Bill Number-2','Sales','2021-07-31 21:26:51'),(638,'Sold 5.0 unit of DALMIA PPC 50KG BAG - BOPP on 31/07/2021 Bill Number-3','Sales','2021-07-31 21:27:30'),(639,'Sold 2.0 unit of DALMIA OPC53 50KG - HDPE on 31/07/2021 Bill Number-B-2','Sales','2021-07-31 21:29:39'),(640,'Sold 5.0 unit of DALMIA PPC 50KG BAG - BOPP on 31/07/2021 Bill Number-4','Sales','2021-07-31 21:39:26'),(641,'Sold 2.0 unit of RAMCO CEMENT PPC 50KG on 08/07/2021 Bill Number-5','Sales','2021-07-31 22:53:17'),(642,'Sold 4.0 unit of Dalmia DSP Concrete Expert on 01/08/2021 Bill Number-6','Sales','2021-08-01 00:23:00'),(643,'Sold 1.0 unit of DALMIA OPC53 50KG - HDPE on 01/08/2021 Bill Number-7','Sales','2021-08-01 12:45:54'),(644,'Sold 20.0 unit of DALMIA PPC 50KG BAG - BOPP on 01/08/2021 Bill Number-8','Sales','2021-08-01 12:52:57'),(645,'Sold 2.0 unit of CHETTINAD CEMENT SLAG PAPER on 01/08/2021 Bill Number-9','Sales','2021-08-01 12:53:21'),(646,'Purchase Returned 65.0 unit of DALMIA PPC 50KG BAG - BOPP with Bill Number-8272333481 and Purchase Date-21/02/2020','Purchase Return','2021-08-01 12:53:58'),(647,'Sold 2.0 unit of DALMIA PPC 50KG BAG - BOPP on 25/09/2021 Bill Number-10','Sales','2021-09-25 12:26:17'),(648,'Sold 1.0 unit of DALMIA OPC53 50KG - HDPE on 25/09/2021 Bill Number-10','Sales','2021-09-25 12:26:18'),(649,'Sold 3.0 unit of PPC Cement (Hebbal) on 25/09/2021 Bill Number-11','Sales','2021-09-25 12:27:37'),(650,'Sold 1.0 unit of RAMCO CEMENT PPC 50KG on 25/09/2021 Bill Number-11','Sales','2021-09-25 12:27:37'),(651,'Sold 1.0 unit of test on 21/11/2021 Bill Number-V-12','Sales','2021-11-21 00:01:09'),(652,'Sold 1.0 unit of test on 21/11/2021 Bill Number-V-12','Sales','2021-11-21 00:02:22'),(653,'Sold 1.0 unit of test on 27/11/2021 Bill Number-V-12','Sales','2021-11-27 13:42:06'),(654,'Sold 1.0 unit of test on 27/11/2021 Bill Number-V-12','Sales','2021-11-27 13:50:51'),(655,'Sold 1.0 unit of test on 27/11/2021 Bill Number-V-12','Sales','2021-11-27 13:55:53'),(656,'Sold 1.0 unit of CHETTINAD CEMENT SLAG PAPER on 27/11/2021 Bill Number-V-12','Sales','2021-11-28 19:47:36'),(657,'Purchased 10.0 unit of test on 28/11/2021 Invoice Number-rerer','Purchase','2021-11-28 21:56:44'),(658,'Purchased 1.0 unit of CHETTINAD CEMENT SLAG PAPER on 28/11/2021 Invoice Number-6666','Purchase','2021-11-28 22:02:56'),(659,'Purchased 10.0 unit of test on 28/11/2021 Invoice Number-6666','Purchase','2021-11-28 22:02:56'),(660,'Purchased 1.0 unit of test on 28/11/2021 Invoice Number-665656','Purchase','2021-11-28 22:05:35'),(661,'Purchased 5.0 unit of CHETTINAD CEMENT SLAG PAPER on 28/11/2021 Invoice Number-V-3232','Purchase','2021-11-28 22:18:19'),(662,'Purchased 5.0 unit of Dalmia DSP Concrete Expert on 02/03/2021 Invoice Number-IN-5999','Purchase','2021-11-28 22:18:58'),(663,'Sold 1.0 unit of DALMIA PPC 50KG BAG - BOPP on 04/12/2021 Bill Number-13','Sales','2021-12-04 12:10:06'),(664,'Sold 1.0 unit of DALMIA PPC 50KG BAG - BOPP on 04/12/2021 Bill Number-14','Sales','2021-12-04 12:13:54'),(665,'Sold 2.0 unit of DALMIA PPC 50KG BAG - BOPP on 04/12/2021 Bill Number-15','Sales','2021-12-04 13:08:28'),(666,'Sold 12.0 unit of DALMIA PPC 50KG BAG - BOPP on 04/12/2021 Bill Number-16','Sales','2021-12-04 13:10:53'),(667,'Sold 1.0 unit of DALMIA PPC 50KG BAG - BOPP on 04/12/2021 Bill Number-17','Sales','2021-12-04 13:11:42'),(668,'Sold 1.0 unit of CHETTINAD CEMENT SLAG PAPER on 04/12/2021 Bill Number-18','Sales','2021-12-04 13:20:31'),(669,'Sold 1.0 unit of Dalmia DSP Concrete Expert on 04/12/2021 Bill Number-19','Sales','2021-12-04 13:24:25'),(670,'Sold 1.0 unit of CHETTINAD CEMENT SLAG PAPER on 04/12/2021 Bill Number-20','Sales','2021-12-04 13:29:57'),(671,'Sold 2.0 unit of CHETTINAD CEMENT SLAG PAPER on 08/12/2021 Bill Number-21','Sales','2021-12-08 07:49:38'),(672,'Sold 1.0 unit of CHETTINAD CEMENT SLAG PAPER on 08/12/2021 Bill Number-22','Sales','2021-12-08 07:49:53'),(673,'Sold 7.0 unit of RAMCO CEMENT PPC 50KG on 08/12/2021 Bill Number-23','Sales','2021-12-08 08:11:56'),(674,'Sold 20.0 unit of DALMIA PPC 50KG BAG - BOPP on 08/12/2021 Bill Number-24','Sales','2021-12-08 09:23:59'),(675,'Sold 1.0 unit of CHETTINAD CEMENT SLAG PAPER on 08/12/2021 Bill Number-V-1','Sales','2021-12-08 17:50:17'),(676,'Sold 2.0 unit of DALMIA PPC 50KG BAG - BOPP on 08/12/2021 Bill Number-E-2','Sales','2021-12-08 18:39:31'),(677,'Sold 2.0 unit of CHETTINAD CEMENT SLAG PAPER on 15/05/2021 Bill Number-25','Sales','2022-02-01 22:27:16'),(678,'Sold 8.0 unit of RAMCO CEMENT PPC 50KG on 01/02/2022 Bill Number-26','Sales','2022-02-01 23:36:55'),(679,'Sold 1.0 unit of CHETTINAD CEMENT SLAG PAPER on 08/02/2022 Bill Number-27','Sales','2022-02-08 08:13:10'),(680,'Sold 1.0 unit of CHETTINAD CEMENT SLAG PAPER on 08/02/2022 Bill Number-28','Sales','2022-02-08 08:21:30'),(681,'Sold 20.0 unit of DALMIA PPC 50KG BAG - BOPP on 15/02/2022 Bill Number-28','Sales','2022-02-15 13:30:17'),(682,'Sold 2.0 unit of RAMCO CEMENT PPC 50KG on 15/02/2022 Bill Number-29','Sales','2022-02-15 13:30:45'),(683,'Sold 10.0 unit of DALMIA PPC 50KG BAG - BOPP on 15/02/2022 Bill Number-30','Sales','2022-02-15 13:44:44');

/*Table structure for table `audit_log` */

DROP TABLE IF EXISTS `audit_log`;

CREATE TABLE `audit_log` (
  `audit_id` bigint(20) NOT NULL AUTO_INCREMENT,
  `description` varchar(500) DEFAULT NULL,
  `create_ts` datetime DEFAULT CURRENT_TIMESTAMP,
  PRIMARY KEY (`audit_id`)
) ENGINE=InnoDB DEFAULT CHARSET=utf8;

/*Data for the table `audit_log` */

/*Table structure for table `customer` */

DROP TABLE IF EXISTS `customer`;

CREATE TABLE `customer` (
  `customer_id` bigint(20) NOT NULL AUTO_INCREMENT,
  `customer_name` varchar(200) DEFAULT NULL,
  `customer_phone` varchar(15) DEFAULT NULL,
  `address` varchar(500) DEFAULT NULL,
  PRIMARY KEY (`customer_id`)
) ENGINE=InnoDB AUTO_INCREMENT=4 DEFAULT CHARSET=utf8;

/*Data for the table `customer` */

insert  into `customer`(`customer_id`,`customer_name`,`customer_phone`,`address`) values (1,'New','9447819557','Kallambalam'),(2,'Biju','9946979019','Channarukonam'),(3,'Jayaraj Associates','9400213563','Peroor,\nKilimanoor');

/*Table structure for table `day_book` */

DROP TABLE IF EXISTS `day_book`;

CREATE TABLE `day_book` (
  `day_book_id` bigint(20) NOT NULL AUTO_INCREMENT,
  `income_expense_id` bigint(20) DEFAULT NULL,
  `event_date` datetime DEFAULT NULL,
  `particular_name` varchar(100) DEFAULT NULL,
  `type` varchar(10) DEFAULT NULL,
  `credit_amount` double DEFAULT NULL,
  `debit_amount` double DEFAULT NULL,
  `remarks` varchar(200) DEFAULT NULL,
  `create_ts` datetime DEFAULT NULL,
  `update_ts` datetime DEFAULT NULL,
  PRIMARY KEY (`day_book_id`)
) ENGINE=InnoDB DEFAULT CHARSET=utf8;

/*Data for the table `day_book` */

/*Table structure for table `dsales` */

DROP TABLE IF EXISTS `dsales`;

CREATE TABLE `dsales` (
  `sales_id` bigint(20) NOT NULL AUTO_INCREMENT,
  `customer_id` bigint(20) DEFAULT NULL,
  `bill_number` varchar(20) DEFAULT NULL,
  `bill_amount` double DEFAULT NULL,
  `discount` double DEFAULT NULL,
  `payable_amount` double DEFAULT NULL,
  `status` varchar(100) DEFAULT NULL,
  `balance_amount` double DEFAULT NULL,
  `sales_date` datetime DEFAULT NULL,
  `total_gst` double DEFAULT NULL,
  `sgst` double DEFAULT NULL,
  `cgst` double DEFAULT NULL,
  `gst_12` double DEFAULT NULL,
  `gst_18` double DEFAULT NULL,
  `gst_30` double DEFAULT NULL,
  `cess` double DEFAULT NULL,
  `create_ts` datetime DEFAULT NULL,
  `update_ts` datetime DEFAULT NULL,
  `customer_name` varchar(200) DEFAULT NULL,
  `amount_in_words` varchar(200) DEFAULT NULL,
  `round_off` double DEFAULT NULL,
  `taxable_at_5` double DEFAULT NULL,
  `taxable_at_12` double DEFAULT NULL,
  `taxable_at_18` double DEFAULT NULL,
  `taxable_at_0` double DEFAULT NULL,
  `taxable_at_28` double DEFAULT NULL,
  `gst_28` double DEFAULT NULL,
  `bill_type` varchar(10) DEFAULT NULL,
  `bill_seq_number` bigint(20) DEFAULT NULL,
  `vehicle_details` varchar(100) DEFAULT NULL,
  `shipping_address` varchar(200) DEFAULT NULL,
  PRIMARY KEY (`sales_id`)
) ENGINE=InnoDB AUTO_INCREMENT=3 DEFAULT CHARSET=utf8;

/*Data for the table `dsales` */

insert  into `dsales`(`sales_id`,`customer_id`,`bill_number`,`bill_amount`,`discount`,`payable_amount`,`status`,`balance_amount`,`sales_date`,`total_gst`,`sgst`,`cgst`,`gst_12`,`gst_18`,`gst_30`,`cess`,`create_ts`,`update_ts`,`customer_name`,`amount_in_words`,`round_off`,`taxable_at_5`,`taxable_at_12`,`taxable_at_18`,`taxable_at_0`,`taxable_at_28`,`gst_28`,`bill_type`,`bill_seq_number`,`vehicle_details`,`shipping_address`) values (1,1,'V-1',414,0,414,'Paid',0,'2021-12-08 00:00:00',90.56,45.28,45.28,0,0,0,0,'2021-12-08 00:00:00','2021-12-08 17:50:16','','Rupees Four Hundred Fourteen Only',0,0,0,0,0,323.44,90.56,'Normal',1,'',''),(2,2,'E-2',800.84,0,801,'Credit',0,'2021-12-08 00:00:00',175.18,87.59,87.59,0,0,0,0,'2021-12-08 00:00:00','2021-12-08 18:39:31','Biju, \nChannarukonam','Rupees Eight Hundred One Only',0.15999999999996817,0,0,0,0,625.66,175.18,'Contractor',2,'','');

/*Table structure for table `dsales_details` */

DROP TABLE IF EXISTS `dsales_details`;

CREATE TABLE `dsales_details` (
  `sales_details_id` bigint(20) NOT NULL AUTO_INCREMENT,
  `sales_id` bigint(20) NOT NULL,
  `hsn_code` varchar(50) DEFAULT NULL,
  `item_name` varchar(200) DEFAULT NULL,
  `unit_price` double DEFAULT NULL,
  `gst_percentage` double DEFAULT NULL,
  `gst_amount` double DEFAULT NULL,
  `quantity` double DEFAULT NULL,
  `gross_amount` double DEFAULT NULL,
  `discount` double DEFAULT NULL,
  `net_amount` double DEFAULT NULL,
  `item_id` bigint(20) DEFAULT NULL,
  PRIMARY KEY (`sales_details_id`)
) ENGINE=InnoDB AUTO_INCREMENT=3 DEFAULT CHARSET=utf8;

/*Data for the table `dsales_details` */

insert  into `dsales_details`(`sales_details_id`,`sales_id`,`hsn_code`,`item_name`,`unit_price`,`gst_percentage`,`gst_amount`,`quantity`,`gross_amount`,`discount`,`net_amount`,`item_id`) values (1,1,'25232940','CHETTINAD CEMENT SLAG PAPER',323.44,28,90.56,1,414,0,414,2232),(2,2,'25232930','DALMIA PPC 50KG BAG - BOPP',312.83,28,175.18,2,800.84,0,800.84,2235);

/*Table structure for table `gst` */

DROP TABLE IF EXISTS `gst`;

CREATE TABLE `gst` (
  `gst_id` int(11) NOT NULL AUTO_INCREMENT,
  `gst_value` double DEFAULT NULL,
  `sgst` double DEFAULT NULL,
  `cgst` double DEFAULT NULL,
  `description` varchar(200) DEFAULT NULL,
  PRIMARY KEY (`gst_id`)
) ENGINE=InnoDB AUTO_INCREMENT=5 DEFAULT CHARSET=utf8;

/*Data for the table `gst` */

insert  into `gst`(`gst_id`,`gst_value`,`sgst`,`cgst`,`description`) values (1,28,14,14,'GST@28%'),(2,18,9,9,'GST@18%'),(3,5,2.5,2.5,'GST@5%'),(4,0,0,0,'0%GST');

/*Table structure for table `income_expense_line` */

DROP TABLE IF EXISTS `income_expense_line`;

CREATE TABLE `income_expense_line` (
  `income_expense_id` bigint(20) NOT NULL AUTO_INCREMENT,
  `income_expense_name` varchar(200) DEFAULT NULL,
  `type` varchar(15) DEFAULT NULL,
  `remarks` varchar(500) DEFAULT NULL,
  PRIMARY KEY (`income_expense_id`)
) ENGINE=InnoDB AUTO_INCREMENT=24 DEFAULT CHARSET=utf8;

/*Data for the table `income_expense_line` */

insert  into `income_expense_line`(`income_expense_id`,`income_expense_name`,`type`,`remarks`) values (1,'Electricity Charge','Debit',''),(2,'Provisions for bad of doubtful clients','Debit',''),(3,'Sales','Credit',''),(4,'Shop Rent','Debit',''),(5,'Purchase','Debit',''),(6,'Closing Stock','Credit',''),(7,'Salaries','Debit',''),(8,'Miscellaneous Expenses','Debit',''),(9,'Transportation Expense','Debit',''),(14,'Other Income','Credit',''),(23,'Other Expense','Debit','');

/*Table structure for table `pricing_tier` */

DROP TABLE IF EXISTS `pricing_tier`;

CREATE TABLE `pricing_tier` (
  `id` bigint(20) NOT NULL AUTO_INCREMENT,
  `customer_type_name` varchar(200) DEFAULT NULL,
  `pricing_percentage` float DEFAULT NULL,
  `description` varchar(500) DEFAULT NULL,
  PRIMARY KEY (`id`)
) ENGINE=InnoDB AUTO_INCREMENT=4 DEFAULT CHARSET=utf8;

/*Data for the table `pricing_tier` */

insert  into `pricing_tier`(`id`,`customer_type_name`,`pricing_percentage`,`description`) values (1,'Normal',100,'Normal Customers'),(2,'Contractor',80,'Consumer type of Contractors'),(3,'B2B',100,'B2B Billing');

/*Table structure for table `product_category` */

DROP TABLE IF EXISTS `product_category`;

CREATE TABLE `product_category` (
  `product_category_id` bigint(20) NOT NULL AUTO_INCREMENT,
  `product_category_code` varchar(50) DEFAULT NULL,
  `product_category_name` varchar(200) DEFAULT NULL,
  PRIMARY KEY (`product_category_id`)
) ENGINE=InnoDB AUTO_INCREMENT=14 DEFAULT CHARSET=utf8;

/*Data for the table `product_category` */

insert  into `product_category`(`product_category_id`,`product_category_code`,`product_category_name`) values (10,'CON','Construction'),(11,'AGR','Agriculture'),(12,'PL','Plumbing'),(13,'EL','Electrical');

/*Table structure for table `purchase` */

DROP TABLE IF EXISTS `purchase`;

CREATE TABLE `purchase` (
  `purchase_id` bigint(20) NOT NULL AUTO_INCREMENT,
  `supplier_id` bigint(20) DEFAULT NULL,
  `bill_number` varchar(20) NOT NULL,
  `bill_amount` double DEFAULT NULL,
  `discount` double DEFAULT NULL,
  `payable_amount` double DEFAULT NULL,
  `status` varchar(100) DEFAULT NULL,
  `balance_amount` double DEFAULT NULL,
  `purchase_date` datetime DEFAULT NULL,
  `total_gst` double DEFAULT NULL,
  `sgst` double DEFAULT NULL,
  `cgst` double DEFAULT NULL,
  `gst_12` double DEFAULT NULL,
  `gst_18` double DEFAULT NULL,
  `gst_30` double DEFAULT NULL,
  `cess` double DEFAULT NULL,
  `create_ts` datetime DEFAULT NULL,
  `update_ts` datetime DEFAULT NULL,
  PRIMARY KEY (`purchase_id`)
) ENGINE=InnoDB AUTO_INCREMENT=91 DEFAULT CHARSET=utf8;

/*Data for the table `purchase` */

insert  into `purchase`(`purchase_id`,`supplier_id`,`bill_number`,`bill_amount`,`discount`,`payable_amount`,`status`,`balance_amount`,`purchase_date`,`total_gst`,`sgst`,`cgst`,`gst_12`,`gst_18`,`gst_30`,`cess`,`create_ts`,`update_ts`) values (17,2,'AR-1',25875,0,25875,'Credit',0,'2019-12-15 00:00:00',5660.16,2830.08,2830.08,0,0,0,0,'2020-06-21 00:00:00','2021-08-01 11:45:15'),(18,1,'BB-116',28000,0,28000,'Paid',0,'2019-12-29 00:00:00',6125,3062.5,3062.5,0,0,0,0,'2020-06-21 00:00:00','2020-06-21 11:23:08'),(19,1,'155',140000,0,140000,'Paid',0,'2019-12-31 00:00:00',30625,15312.5,15312.5,0,0,0,0,'2020-06-21 00:00:00','2020-06-21 11:23:40'),(20,5,'173',140000,0,140000,'Paid',0,'2020-01-19 00:00:00',30625,15312.5,15312.5,0,0,0,0,'2020-06-21 00:00:00','2020-06-21 11:27:42'),(21,1,'8272332697',28984.5,0,28984.5,'Paid',0,'2020-02-19 00:00:00',6340.36,3170.18,3170.18,0,0,0,0,'2020-06-21 00:00:00','2020-06-21 12:24:16'),(22,1,'8272332703',57969,0,57969,'Paid',0,'2020-02-19 00:00:00',12680.72,6340.36,6340.36,0,0,0,0,'2020-06-21 00:00:00','2020-06-21 12:25:27'),(24,1,'8272334212',25119.9,0,25119.9,'Paid',0,'2020-02-24 00:00:00',5494.98,2747.49,2747.49,0,0,0,0,'2020-06-21 00:00:00','2020-06-21 12:29:43'),(25,1,'8272334441',19709.46,0,19709.46,'Paid',0,'2020-02-24 00:00:00',4311.44,2155.72,2155.72,0,0,0,0,'2020-06-21 00:00:00','2020-06-21 12:30:47'),(26,1,'8272334456',5410.44,0,5410.44,'Paid',0,'2020-02-24 00:00:00',1183.53,591.76,591.76,0,0,0,0,'2020-06-21 00:00:00','2020-06-21 12:31:28'),(27,1,'8272335640',25119.9,0,25119.9,'Paid',0,'2020-02-27 00:00:00',5494.98,2747.49,2747.49,0,0,0,0,'2020-06-21 00:00:00','2020-06-21 12:32:38'),(28,1,'8272335918',23187.6,0,23187.6,'Paid',0,'2020-02-28 00:00:00',5072.29,2536.14,2536.14,0,0,0,0,'2020-06-21 00:00:00','2020-06-21 12:33:17'),(29,1,'8272336571',11593.8,0,11593.8,'Paid',0,'2020-02-29 00:00:00',2536.14,1268.07,1268.07,0,0,0,0,'2020-06-21 00:00:00','2020-06-21 12:34:00'),(30,2,'BB-2220',18250,0,18250,'Paid',0,'2020-02-25 00:00:00',3992.19,1996.1,1996.1,0,0,0,0,'2020-06-21 00:00:00','2021-08-01 12:41:40'),(31,1,'8272344738',26419.25,0,26419.25,'Paid',0,'2020-03-23 00:00:00',5779.21,2889.61,2889.61,0,0,0,0,'2020-06-21 00:00:00','2020-06-21 12:38:19'),(32,1,'8272344707',26419.25,0,26419.25,'Paid',0,'2020-03-23 00:00:00',5779.21,2889.61,2889.61,0,0,0,0,'2020-06-21 00:00:00','2020-06-21 12:40:05'),(33,1,'8272344617',26419.25,0,26419.25,'Paid',0,'2020-03-23 00:00:00',5779.21,2889.61,2889.61,0,0,0,0,'2020-06-21 00:00:00','2020-06-21 12:41:08'),(34,1,'8272343508',12193.5,0,12193.5,'Paid',0,'2020-03-20 00:00:00',2667.33,1333.66,1333.66,0,0,0,0,'2020-06-21 00:00:00','2020-06-21 12:42:23'),(35,1,'8272342985',28451.5,0,28451.5,'Paid',0,'2020-03-19 00:00:00',6223.77,3111.89,3111.89,0,0,0,0,'2020-06-21 00:00:00','2020-06-21 12:43:12'),(36,1,'8272342363',28451.5,0,28451.5,'Paid',0,'2020-03-18 00:00:00',6223.77,3111.89,3111.89,0,0,0,0,'2020-06-21 00:00:00','2020-06-21 12:48:38'),(37,1,'8272342259',12193.5,0,12193.5,'Paid',0,'2020-03-17 00:00:00',2667.33,1333.66,1333.66,0,0,0,0,'2020-06-21 00:00:00','2020-06-21 12:49:26'),(38,1,'8272341981',28451.5,0,28451.5,'Paid',0,'2020-03-17 00:00:00',6223.77,3111.89,3111.89,0,0,0,0,'2020-06-21 00:00:00','2020-06-21 12:50:00'),(39,1,'8272341922',28451.5,0,28451.5,'Paid',0,'2020-03-17 00:00:00',6223.77,3111.89,3111.89,0,0,0,0,'2020-06-21 00:00:00','2020-06-21 12:50:27'),(40,1,'8272341226',28451.5,0,28451.5,'Paid',0,'2020-03-14 00:00:00',6223.77,3111.89,3111.89,0,0,0,0,'2020-06-21 00:00:00','2020-06-21 12:51:08'),(41,1,'8272341131',40645,0,40645,'Paid',0,'2020-03-14 00:00:00',8891.09,4445.55,4445.55,0,0,0,0,'2020-06-21 00:00:00','2020-06-21 12:51:49'),(42,1,'8272341043',16258,0,16258,'Paid',0,'2020-03-14 00:00:00',3556.44,1778.22,1778.22,0,0,0,0,'2020-06-21 00:00:00','2020-06-21 12:52:24'),(43,1,'8272340751',20322.5,0,20323,'Paid',0,'2020-03-02 00:00:00',4445.55,2222.78,2222.78,0,0,0,0,'2020-06-21 00:00:00','2021-08-01 11:44:22'),(44,4,'BB-277',25200,0,25200,'Paid',0,'2020-03-12 00:00:00',5512.5,2756.25,2756.25,0,0,0,0,'2020-06-21 00:00:00','2020-06-21 12:54:02'),(45,1,'8272340387',28451.5,0,28451.5,'Paid',0,'2020-03-12 00:00:00',6223.77,3111.89,3111.89,0,0,0,0,'2020-06-21 00:00:00','2020-06-21 12:54:39'),(46,5,'8272339002',28451.5,0,28452,'Paid',0,'2020-03-15 00:00:00',6223.77,3111.89,3111.89,0,0,0,0,'2020-06-21 00:00:00','2021-08-01 12:40:55'),(47,1,'8272339001',28451.5,0,28452,'Paid',0,'2020-03-21 00:00:00',6223.77,3111.89,3111.89,0,0,0,0,'2020-06-21 00:00:00','2021-08-01 12:37:57'),(48,1,'8272339079',28451.5,0,28451.5,'Paid',0,'2020-03-09 00:00:00',6223.77,3111.89,3111.89,0,0,0,0,'2020-06-21 00:00:00','2020-06-21 12:56:20'),(49,1,'8272339219',28451.5,0,28451.5,'Paid',0,'2020-03-09 00:00:00',6223.77,3111.89,3111.89,0,0,0,0,'2020-06-21 00:00:00','2020-06-21 12:56:53'),(50,1,'8272337557',26419.25,0,26419.25,'Paid',0,'2020-03-03 00:00:00',5779.21,2889.61,2889.61,0,0,0,0,'2020-06-21 00:00:00','2020-06-21 12:57:28'),(51,1,'8272345274',26419.25,0,26419.25,'Paid',0,'2020-04-24 00:00:00',5779.21,2889.61,2889.61,0,0,0,0,'2020-06-21 00:00:00','2020-06-21 14:17:55'),(52,1,'8272345611',28451.5,0,28451.5,'Paid',0,'2020-04-28 00:00:00',6223.77,3111.89,3111.89,0,0,0,0,'2020-06-21 00:00:00','2020-06-21 14:18:37'),(53,1,'8272345684',812.9,0,812.9,'Paid',0,'2020-04-28 00:00:00',177.82,88.91,88.91,0,0,0,0,'2020-06-21 00:00:00','2020-06-21 14:19:57'),(54,1,'8272345690',25606.35,0,25606.35,'Paid',0,'2020-04-28 00:00:00',5601.39,2800.7,2800.7,0,0,0,0,'2020-06-21 00:00:00','2020-06-21 14:20:47'),(55,1,'8272345959',28451.5,0,28451.5,'Paid',0,'2020-04-30 00:00:00',6223.77,3111.89,3111.89,0,0,0,0,'2020-06-21 00:00:00','2020-06-21 14:21:29'),(56,1,'8272346083',28451.5,0,28451.5,'Paid',0,'2020-04-30 00:00:00',6223.77,3111.89,3111.89,0,0,0,0,'2020-06-21 00:00:00','2020-06-21 14:21:58'),(57,1,'8272346098',28451.5,0,28451.5,'Paid',0,'2020-04-30 00:00:00',6223.77,3111.89,3111.89,0,0,0,0,'2020-06-21 00:00:00','2020-06-21 14:22:26'),(58,1,'8272346522',29151.5,0,29151.5,'Paid',0,'2020-05-04 00:00:00',6376.89,3188.45,3188.45,0,0,0,0,'2020-06-21 00:00:00','2020-06-21 14:27:19'),(59,1,'8272346639',29151.5,0,29151.5,'Paid',0,'2020-05-04 00:00:00',6376.89,3188.45,3188.45,0,0,0,0,'2020-06-21 00:00:00','2020-06-21 14:28:11'),(60,1,'8272346659',41645,0,41645,'Paid',0,'2020-05-04 00:00:00',9109.84,4554.92,4554.92,0,0,0,0,'2020-06-21 00:00:00','2020-06-21 14:28:39'),(61,1,'8272346768',27069.25,0,27069.25,'Paid',0,'2020-05-04 00:00:00',5921.4,2960.7,2960.7,0,0,0,0,'2020-06-21 00:00:00','2020-06-21 14:29:06'),(62,1,'8272346969',18323.8,0,18323.8,'Paid',0,'2020-05-05 00:00:00',4008.33,2004.16,2004.16,0,0,0,0,'2020-06-21 00:00:00','2020-06-21 14:29:25'),(63,1,'8272346975',8745.45,0,8745.45,'Paid',0,'2020-05-05 00:00:00',1913.07,956.53,956.53,0,0,0,0,'2020-06-21 00:00:00','2020-06-21 14:30:14'),(64,1,'8272347084',29151.5,0,29151.5,'Paid',0,'2020-05-05 00:00:00',6376.89,3188.45,3188.45,0,0,0,0,'2020-06-21 00:00:00','2020-06-21 14:31:26'),(65,1,'8272347191',27069.25,0,27069.25,'Paid',0,'2020-05-05 00:00:00',5921.4,2960.7,2960.7,0,0,0,0,'2020-06-21 00:00:00','2020-06-21 14:31:58'),(66,1,'8272347718',25894.1,0,25894.1,'Paid',0,'2020-05-07 00:00:00',5664.33,2832.16,2832.16,0,0,0,0,'2020-06-21 00:00:00','2020-06-21 14:38:26'),(67,1,'8272348296',27069.25,0,27069.25,'Paid',0,'2020-05-08 00:00:00',5921.4,2960.7,2960.7,0,0,0,0,'2020-06-21 00:00:00','2020-06-21 14:39:43'),(68,1,'8272349362',27069.25,0,27069.25,'Paid',0,'2020-05-11 00:00:00',5921.4,2960.7,2960.7,0,0,0,0,'2020-06-21 00:00:00','2020-06-21 14:40:41'),(69,1,'8272350712',27069.25,0,27069.25,'Paid',0,'2020-05-14 00:00:00',5921.4,2960.7,2960.7,0,0,0,0,'2020-06-21 00:00:00','2020-06-21 14:41:11'),(70,1,'8272350721',41645,0,41645,'Paid',0,'2020-05-14 00:00:00',9109.84,4554.92,4554.92,0,0,0,0,'2020-06-21 00:00:00','2020-06-21 14:42:23'),(71,1,'8272350908',27069.25,0,27069.25,'Paid',0,'2020-05-14 00:00:00',5921.4,2960.7,2960.7,0,0,0,0,'2020-06-21 00:00:00','2020-06-21 14:42:54'),(72,1,'8272351014',20822.5,0,20822.5,'Paid',0,'2020-05-14 00:00:00',4554.92,2277.46,2277.46,0,0,0,0,'2020-06-21 00:00:00','2020-06-21 14:43:43'),(73,1,'8272352320',27069.25,0,27069.25,'Paid',0,'2020-05-18 00:00:00',5921.4,2960.7,2960.7,0,0,0,0,'2020-06-21 00:00:00','2020-06-21 14:44:38'),(74,1,'8272353395',27069.25,0,27069.25,'Paid',0,'2020-05-21 00:00:00',5921.4,2960.7,2960.7,0,0,0,0,'2020-06-21 00:00:00','2020-06-21 14:45:10'),(75,1,'8272354330',27069.25,0,27069.25,'Paid',0,'2020-05-23 00:00:00',5921.4,2960.7,2960.7,0,0,0,0,'2020-06-21 00:00:00','2020-06-21 14:45:46'),(76,1,'8272355319',27069.25,0,27069.25,'Paid',0,'2020-05-26 00:00:00',5921.4,2960.7,2960.7,0,0,0,0,'2020-06-21 00:00:00','2020-06-21 14:46:25'),(77,1,'8272356178',27069.25,0,27069.25,'Paid',0,'2020-05-28 00:00:00',5921.4,2960.7,2960.7,0,0,0,0,'2020-06-21 00:00:00','2020-06-21 14:47:29'),(78,1,'8272356036',27069.25,0,27069.25,'Paid',0,'2020-05-28 00:00:00',5921.4,2960.7,2960.7,0,0,0,0,'2020-06-21 00:00:00','2020-06-21 14:48:14'),(79,1,'8272359378',27111.5,0,27111.5,'Paid',0,'2020-06-06 00:00:00',5930.64,2965.32,2965.32,0,0,0,0,'2020-06-21 00:00:00','2020-06-21 14:53:25'),(80,1,'8272359759',41645,0,41645,'Paid',0,'2020-06-08 00:00:00',9109.84,4554.92,4554.92,0,0,0,0,'2020-06-21 00:00:00','2020-06-21 14:54:35'),(81,1,'8272359772',27069.25,0,27069.25,'Paid',0,'2020-06-08 00:00:00',5921.4,2960.7,2960.7,0,0,0,0,'2020-06-21 00:00:00','2020-06-21 14:57:35'),(82,1,'8272360151',9578.35,0,9578.35,'Paid',0,'2020-06-09 00:00:00',2095.26,1047.63,1047.63,0,0,0,0,'2020-06-21 00:00:00','2020-06-21 14:58:22'),(83,1,'8272360301',27069.25,0,27069.25,'Paid',0,'2020-06-09 00:00:00',5921.4,2960.7,2960.7,0,0,0,0,'2020-06-21 00:00:00','2020-06-21 14:59:45'),(84,1,'8272360397',16684,0,16684,'Paid',0,'2020-06-09 00:00:00',3649.62,1824.81,1824.81,0,0,0,0,'2020-06-21 00:00:00','2020-06-21 15:01:22'),(85,1,'8272360408',15432.7,0,15432.7,'Paid',0,'2020-06-09 00:00:00',3375.9,1687.95,1687.95,0,0,0,0,'2020-06-21 00:00:00','2020-06-21 15:02:19'),(86,1,'8272360464',27069.25,0,27069.25,'Paid',0,'2020-06-09 00:00:00',5921.4,2960.7,2960.7,0,0,0,0,'2020-06-21 00:00:00','2020-06-21 15:03:27'),(87,1,'8272361692',6663.2,0,6663.2,'Paid',0,'2020-06-13 00:00:00',1457.58,728.79,728.79,0,0,0,0,'2020-06-21 00:00:00','2020-06-21 15:04:14'),(88,1,'8272361689',14159.3,0,14159.3,'Paid',0,'2020-06-13 00:00:00',3097.35,1548.67,1548.67,0,0,0,0,'2020-06-21 00:00:00','2020-06-21 15:04:54'),(89,1,'8272362408',27069.25,0,27069.25,'Paid',0,'2020-06-16 00:00:00',5921.4,2960.7,2960.7,0,0,0,0,'2020-06-21 00:00:00','2020-06-21 15:06:01'),(90,1,'8272363284',27069.25,0,27069.25,'Paid',0,'2020-06-18 00:00:00',5921.4,2960.7,2960.7,0,0,0,0,'2020-06-21 00:00:00','2020-06-21 15:07:17');

/*Table structure for table `purchase_details` */

DROP TABLE IF EXISTS `purchase_details`;

CREATE TABLE `purchase_details` (
  `purchase_details_id` bigint(20) NOT NULL AUTO_INCREMENT,
  `purchase_id` bigint(20) NOT NULL,
  `hsn_code` varchar(50) DEFAULT NULL,
  `item_name` varchar(200) DEFAULT NULL,
  `unit_price` double DEFAULT NULL,
  `gst_percentage` double DEFAULT NULL,
  `gst_amount` double DEFAULT NULL,
  `quantity` double DEFAULT NULL,
  `gross_amount` double DEFAULT NULL,
  `discount` double DEFAULT NULL,
  `net_amount` double DEFAULT NULL,
  `item_id` bigint(20) DEFAULT NULL,
  PRIMARY KEY (`purchase_details_id`),
  KEY `fk_purchase` (`purchase_id`),
  CONSTRAINT `fk_purchase` FOREIGN KEY (`purchase_id`) REFERENCES `purchase` (`purchase_id`) ON DELETE NO ACTION ON UPDATE NO ACTION
) ENGINE=InnoDB AUTO_INCREMENT=140 DEFAULT CHARSET=utf8;

/*Data for the table `purchase_details` */

insert  into `purchase_details`(`purchase_details_id`,`purchase_id`,`hsn_code`,`item_name`,`unit_price`,`gst_percentage`,`gst_amount`,`quantity`,`gross_amount`,`discount`,`net_amount`,`item_id`) values (66,17,'25232940','CHETTINAD CEMENT SLAG PAPER',269.53,28,5660.16,75,25875,0,25875,2232),(67,18,'25232930','RAMCO CEMENT PPC 50KG',273.44,28,6125,80,28000,0,28000,2233),(68,19,'2523','PPC Cement (Hebbal)',218.75,28,30625,500,140000,0,140000,2234),(69,20,'2523','PPC Cement (Hebbal)',218.75,28,30625,500,140000,0,140000,2234),(70,21,'25232930','DALMIA PPC 50KG BAG - BOPP',301.92,28,6340.36,75,28984.5,0,28984.5,2233),(71,22,'25232910','DALMIA OPC53 50KG - HDPE',301.92,28,12680.72,150,57969,0,57969,2236),(73,24,'25232930','DALMIA PPC 50KG BAG - BOPP',301.92,28,5494.98,65,25119.9,0,25119.9,2233),(74,25,'25232930','DALMIA PPC 50KG BAG - BOPP',301.92,28,4311.44,51,19709.46,0,19709.46,2233),(75,26,'25232930','DALMIA PPC 50KG BAG - BOPP',301.92,28,1183.53,14,5410.44,0,5410.44,2233),(76,27,'25232930','DALMIA PPC 50KG BAG - BOPP',301.92,28,5494.98,65,25119.9,0,25119.9,2233),(77,28,'25232930','DALMIA PPC 50KG BAG - BOPP',301.92,28,5072.29,60,23187.6,0,23187.6,2233),(78,29,'25232930','DALMIA PPC 50KG BAG - BOPP',301.92,28,2536.14,30,11593.8,0,11593.8,2233),(79,30,'25232930','RAMCO CEMENT PPC 50KG',285.16,28,3992.19,50,18250,0,18250,2233),(80,31,'25232930','DALMIA PPC 50KG BAG - BOPP',317.54,28,5779.21,65,26419.25,0,26419.25,2233),(81,32,'25232930','DALMIA PPC 50KG BAG - BOPP',317.54,28,5779.21,65,26419.25,0,26419.25,2233),(82,33,'25232930','DALMIA PPC 50KG BAG - BOPP',317.54,28,5779.21,65,26419.25,0,26419.25,2233),(83,34,'25232930','DALMIA PPC 50KG BAG - BOPP',317.54,28,2667.33,30,12193.5,0,12193.5,2233),(84,35,'25232930','DALMIA PPC 50KG BAG - BOPP',317.54,28,6223.77,70,28451.5,0,28451.5,2233),(85,36,'25232930','DALMIA PPC 50KG BAG - BOPP',317.54,28,6223.77,70,28451.5,0,28451.5,2233),(86,37,'25232930','DALMIA PPC 50KG BAG - BOPP',317.54,28,2667.33,30,12193.5,0,12193.5,2233),(87,38,'25232930','DALMIA PPC 50KG BAG - BOPP',317.54,28,6223.77,70,28451.5,0,28451.5,2233),(88,39,'25232930','DALMIA PPC 50KG BAG - BOPP',317.54,28,6223.77,70,28451.5,0,28451.5,2233),(89,40,'25232930','DALMIA PPC 50KG BAG - BOPP',317.54,28,6223.77,70,28451.5,0,28451.5,2233),(90,41,'25232930','DALMIA PPC 50KG BAG - BOPP',317.54,28,8891.09,100,40645,0,40645,2233),(91,42,'25232930','DALMIA PPC 50KG BAG - BOPP',317.54,28,3556.44,40,16258,0,16258,2233),(92,43,'25232930','DALMIA PPC 50KG BAG - BOPP',317.54,28,4445.55,50,20322.5,0,20322.5,2233),(93,44,'25232930','RAMCO CEMENT PPC 50KG',281.25,28,5512.5,70,25200,0,25200,2233),(94,45,'25232930','DALMIA PPC 50KG BAG - BOPP',317.54,28,6223.77,70,28451.5,0,28451.5,2233),(95,46,'25232930','DALMIA PPC 50KG BAG - BOPP',317.54,28,6223.77,70,28451.5,0,28451.5,2233),(96,47,'25232930','DALMIA PPC 50KG BAG - BOPP',317.54,28,6223.77,70,28451.5,0,28451.5,2233),(97,48,'25232930','DALMIA PPC 50KG BAG - BOPP',317.54,28,6223.77,70,28451.5,0,28451.5,2233),(98,49,'25232930','DALMIA PPC 50KG BAG - BOPP',317.54,28,6223.77,70,28451.5,0,28451.5,2233),(99,50,'25232930','DALMIA PPC 50KG BAG - BOPP',317.54,28,5779.21,65,26419.25,0,26419.25,2233),(100,51,'25232930','DALMIA PPC 50KG BAG - BOPP',317.54,28,5779.21,65,26419.25,0,26419.25,2233),(101,52,'25232930','DALMIA PPC 50KG BAG - BOPP',317.54,28,6223.77,70,28451.5,0,28451.5,2233),(102,53,'25232930','DALMIA PPC 50KG BAG - BOPP',317.54,28,177.82,2,812.9,0,812.9,2233),(103,54,'25232930','DALMIA PPC 50KG BAG - BOPP',317.54,28,5601.39,63,25606.35,0,25606.35,2233),(104,55,'25232930','DALMIA PPC 50KG BAG - BOPP',317.54,28,6223.77,70,28451.5,0,28451.5,2233),(105,56,'25232930','DALMIA PPC 50KG BAG - BOPP',317.54,28,6223.77,70,28451.5,0,28451.5,2233),(106,57,'25232930','DALMIA PPC 50KG BAG - BOPP',317.54,28,6223.77,70,28451.5,0,28451.5,2233),(107,58,'25232930','DALMIA PPC 50KG BAG - BOPP',325.35,28,6376.89,70,29151.5,0,29151.5,2233),(108,59,'25232930','DALMIA PPC 50KG BAG - BOPP',325.35,28,6376.89,70,29151.5,0,29151.5,2233),(109,60,'25232930','DALMIA PPC 50KG BAG - BOPP',325.35,28,9109.84,100,41645,0,41645,2233),(110,61,'25232930','DALMIA PPC 50KG BAG - BOPP',325.35,28,5921.4,65,27069.25,0,27069.25,2233),(111,62,'25232930','DALMIA PPC 50KG BAG - BOPP',325.35,28,4008.33,44,18323.8,0,18323.8,2233),(112,63,'25232930','DALMIA PPC 50KG BAG - BOPP',325.35,28,1913.07,21,8745.45,0,8745.45,2233),(113,64,'25232930','DALMIA PPC 50KG BAG - BOPP',325.35,28,6376.89,70,29151.5,0,29151.5,2233),(114,65,'25232930','DALMIA PPC 50KG BAG - BOPP',325.35,28,5921.4,65,27069.25,0,27069.25,2233),(115,66,'25232930','Dalmia DSP Concrete Expert',348.79,28,5664.33,58,25894.1,0,25894.1,2233),(116,67,'25232930','DALMIA PPC 50KG BAG - BOPP',325.35,28,5921.4,65,27069.25,0,27069.25,2233),(117,68,'25232930','DALMIA PPC 50KG BAG - BOPP',325.35,28,5921.4,65,27069.25,0,27069.25,2233),(118,69,'25232930','DALMIA PPC 50KG BAG - BOPP',325.35,28,5921.4,65,27069.25,0,27069.25,2233),(119,70,'25232910','OPC 53 grade 50KG HDPE White',325.35,28,9109.84,100,41645,0,41645,2236),(120,71,'25232930','DALMIA PPC 50KG BAG - BOPP',325.35,28,5921.4,65,27069.25,0,27069.25,2233),(121,72,'25232910','OPC 53 grade 50KG HDPE White',325.35,28,4554.92,50,20822.5,0,20822.5,2236),(122,73,'25232930','DALMIA PPC 50KG BAG - BOPP',325.35,28,5921.4,65,27069.25,0,27069.25,2233),(123,74,'25232930','DALMIA PPC 50KG BAG - BOPP',325.35,28,5921.4,65,27069.25,0,27069.25,2233),(124,75,'25232930','DALMIA PPC 50KG BAG - BOPP',325.35,28,5921.4,65,27069.25,0,27069.25,2233),(125,76,'25232930','DALMIA PPC 50KG BAG - BOPP',325.35,28,5921.4,65,27069.25,0,27069.25,2233),(126,77,'25232930','DALMIA PPC 50KG BAG - BOPP',325.35,28,5921.4,65,27069.25,0,27069.25,2233),(127,78,'25232930','DALMIA PPC 50KG BAG - BOPP',325.35,28,5921.4,65,27069.25,0,27069.25,2233),(128,79,'25232930','DALMIA PPC 50KG BAG - BOPP',325.86,28,5930.64,65,27111.5,0,27111.5,2233),(129,80,'25232910','OPC 53 grade 50KG HDPE White',325.35,28,9109.84,100,41645,0,41645,2236),(130,81,'25232930','DALMIA PPC 50KG BAG - BOPP',325.35,28,5921.4,65,27069.25,0,27069.25,2233),(131,82,'25232910','OPC 53 grade 50KG HDPE White',325.35,28,2095.26,23,9578.35,0,9578.35,2236),(132,83,'25232930','DALMIA PPC 50KG BAG - BOPP',325.35,28,5921.4,65,27069.25,0,27069.25,2233),(133,84,'25232910','OPC 53 grade 50KG HDPE White',325.86,28,3649.62,40,16684,0,16684,2236),(134,85,'25232910','OPC 53 grade 50KG HDPE White',325.86,28,3375.9,37,15432.7,0,15432.7,2236),(135,86,'25232930','DALMIA PPC 50KG BAG - BOPP',325.35,28,5921.4,65,27069.25,0,27069.25,2233),(136,87,'25232930','DALMIA PPC 50KG BAG - BOPP',325.35,28,1457.58,16,6663.2,0,6663.2,2233),(137,88,'25232930','DALMIA PPC 50KG BAG - BOPP',325.35,28,3097.35,34,14159.3,0,14159.3,2233),(138,89,'25232930','DALMIA PPC 50KG BAG - BOPP',325.35,28,5921.4,65,27069.25,0,27069.25,2233),(139,90,'25232930','DALMIA PPC 50KG BAG - BOPP',325.35,28,5921.4,65,27069.25,0,27069.25,2233);

/*Table structure for table `purchase_details_vp` */

DROP TABLE IF EXISTS `purchase_details_vp`;

CREATE TABLE `purchase_details_vp` (
  `purchase_details_id` bigint(20) NOT NULL AUTO_INCREMENT,
  `purchase_id` bigint(20) NOT NULL,
  `hsn_code` varchar(50) DEFAULT NULL,
  `item_name` varchar(200) DEFAULT NULL,
  `unit_price` double DEFAULT NULL,
  `gst_percentage` double DEFAULT NULL,
  `gst_amount` double DEFAULT NULL,
  `quantity` double DEFAULT NULL,
  `gross_amount` double DEFAULT NULL,
  `discount` double DEFAULT NULL,
  `net_amount` double DEFAULT NULL,
  `item_id` bigint(20) DEFAULT NULL,
  PRIMARY KEY (`purchase_details_id`)
) ENGINE=InnoDB AUTO_INCREMENT=4 DEFAULT CHARSET=utf8;

/*Data for the table `purchase_details_vp` */

insert  into `purchase_details_vp`(`purchase_details_id`,`purchase_id`,`hsn_code`,`item_name`,`unit_price`,`gst_percentage`,`gst_amount`,`quantity`,`gross_amount`,`discount`,`net_amount`,`item_id`) values (1,166,'454545','test',456,28,127.68,1,583.68,0,583.68,2238),(2,167,'25232940','CHETTINAD CEMENT SLAG PAPER',269.53,28,377.34,5,1725,0,1725,2232),(3,168,'25232930','Dalmia DSP Concrete Expert',348.79,28,488.3,5,2232.25,0,2232.25,2237);

/*Table structure for table `purchase_vp` */

DROP TABLE IF EXISTS `purchase_vp`;

CREATE TABLE `purchase_vp` (
  `purchase_id` bigint(20) NOT NULL AUTO_INCREMENT,
  `supplier_id` bigint(20) DEFAULT NULL,
  `bill_number` varchar(20) NOT NULL,
  `bill_amount` double DEFAULT NULL,
  `discount` double DEFAULT NULL,
  `payable_amount` double DEFAULT NULL,
  `status` varchar(100) DEFAULT NULL,
  `balance_amount` double DEFAULT NULL,
  `purchase_date` datetime DEFAULT NULL,
  `total_gst` double DEFAULT NULL,
  `sgst` double DEFAULT NULL,
  `cgst` double DEFAULT NULL,
  `gst_12` double DEFAULT NULL,
  `gst_18` double DEFAULT NULL,
  `gst_30` double DEFAULT NULL,
  `cess` double DEFAULT NULL,
  `create_ts` datetime DEFAULT NULL,
  `update_ts` datetime DEFAULT NULL,
  PRIMARY KEY (`purchase_id`)
) ENGINE=InnoDB AUTO_INCREMENT=169 DEFAULT CHARSET=utf8;

/*Data for the table `purchase_vp` */

insert  into `purchase_vp`(`purchase_id`,`supplier_id`,`bill_number`,`bill_amount`,`discount`,`payable_amount`,`status`,`balance_amount`,`purchase_date`,`total_gst`,`sgst`,`cgst`,`gst_12`,`gst_18`,`gst_30`,`cess`,`create_ts`,`update_ts`) values (166,1,'665656',1963.68,0,1964,'Paid',0,'2021-11-28 00:00:00',429.56,214.78,214.78,0,0,0,0,'2021-11-28 00:00:00','2021-11-28 22:11:00'),(167,1,'V-3232',1725,0,1725,'Paid',0,'2021-11-28 00:00:00',377.34,188.67,188.67,0,0,0,0,'2021-11-28 00:00:00','2021-11-28 22:18:19'),(168,1,'IN-5999',2232.25,0,2232,'Paid',0,'2021-03-02 00:00:00',488.3,244.15,244.15,0,0,0,0,'2021-11-28 00:00:00','2021-11-28 22:18:57');

/*Table structure for table `raw_stock` */

DROP TABLE IF EXISTS `raw_stock`;

CREATE TABLE `raw_stock` (
  `id` bigint(20) NOT NULL AUTO_INCREMENT,
  `item_name` varchar(200) DEFAULT NULL,
  `hsn_code` varchar(100) DEFAULT NULL,
  `purchase_price` double DEFAULT NULL,
  `unit_price` double DEFAULT NULL,
  `quantity` double DEFAULT NULL,
  `total_price` double DEFAULT NULL,
  `discount` double DEFAULT NULL,
  `gst` double DEFAULT NULL,
  `item_type` varchar(100) DEFAULT NULL,
  `create_ts` timestamp NULL DEFAULT NULL,
  PRIMARY KEY (`id`)
) ENGINE=InnoDB AUTO_INCREMENT=3432 DEFAULT CHARSET=utf8;

/*Data for the table `raw_stock` */

insert  into `raw_stock`(`id`,`item_name`,`hsn_code`,`purchase_price`,`unit_price`,`quantity`,`total_price`,`discount`,`gst`,`item_type`,`create_ts`) values (3393,'ANGEL ANGLE VALVE UL 101','8481',364,0,15,2730,50,18,'Plumbing','2020-03-01 17:32:16'),(3394,'BRASS HEX NIPPLE 1/2 EN 189 ANGEL','8481',35,0,10,350,0,18,'Plumbing','2020-03-01 17:32:16'),(3395,'ANGEL CON STOP COCK AR 106','8481',1128,0,5,2820,50,18,'Plumbing','2020-03-01 17:32:16'),(3396,'C P EXTENSION 1\" EN 172 ANGEL','8481',39,0,10,390,0,18,'Plumbing','2020-03-01 17:32:16'),(3397,'C P EXTENSION 11/2\" EN 173 ANGEL','8481',48,0,10,480,0,18,'Plumbing','2020-03-01 17:32:16'),(3398,'C P EXTENSION 2\" EN 174 ANGEL','8481',57,0,12,684,0,18,'Plumbing','2020-03-01 17:32:16'),(3399,'C P EXTENSION 3\" EN 176 ANGEL','8481',101,0,5,505,0,18,'Plumbing','2020-03-01 17:32:16'),(3400,'C P EXTENSION 21/2\" EN 175 ANGEL','8481',76,0,5,380,0,18,'Plumbing','2020-03-01 17:32:16'),(3401,'C P EXTENSION 4\" EN 177 ANGEL','8481',116,0,5,580,0,18,'Plumbing','2020-03-01 17:32:16'),(3402,'C P EXTENSION 6\" EN 178 ANGEL','8481',216,0,2,432,0,18,'Plumbing','2020-03-01 17:32:16'),(3403,'ANGEL LONG BODY AR 102','8481',1203,0,5,3007.5,50,18,'Plumbing','2020-03-01 17:32:16'),(3404,'ANGEL OPEN STOP COCK 3/4 UL 117','8481',587,0,6,1761,50,18,'Plumbing','2020-03-01 17:32:16'),(3405,'ANGEL PILLAR COCK AC 101','8481',627,0,6,1881,50,18,'Plumbing','2020-03-01 17:32:16'),(3406,'ANGEL PILLAR COCK PF 101','8481',760,0,6,2280,50,18,'Plumbing','2020-03-01 17:32:16'),(3407,'ANGEL PILLAR COCK UL 104','8481',587,0,6,1761,50,18,'Plumbing','2020-03-01 17:32:16'),(3408,'ANGEL SHORT BODY PF 102','8481',571,0,2,571,50,18,'Plumbing','2020-03-01 17:32:16'),(3409,'ANGEL SINK COCK AC 110','8481',1225,0,6,3675,50,18,'Plumbing','2020-03-01 17:32:16'),(3410,'ANGEL SINK COCK UL 108','8481',1087,0,6,3261,50,18,'Plumbing','2020-03-01 17:32:16'),(3411,'ANGEL SINK COCK AR 108','8481',1755,0,5,4387.5,50,18,'Plumbing','2020-03-01 17:32:16'),(3412,'C P WASTE COUPLING F/TH EN 140 ANGEL','8481',195,0,10,1950,0,18,'Plumbing','2020-03-01 17:32:16'),(3413,'C P WASTE COUPLING H/TH EN 139 ANGEL','8481',195,0,10,1950,0,18,'Plumbing','2020-03-01 17:32:16'),(3414,'TAFLON TAPE YELLOW FRESHCO','3919',6,0,50,300,0,18,'Plumbing','2020-03-01 17:32:16'),(3415,'SURYA HEAVY TAP 1/2 PVC','3917',28,0,25,700,0,18,'Plumbing','2020-03-01 17:32:16'),(3416,'SURYA HEAVY HOSE TAP 1/2 PVC','3917',30,0,25,750,0,18,'Plumbing','2020-03-01 17:32:16'),(3417,'CLAMP SS 3/4\"','7307',0.7,0,100,70,0,18,'Plumbing','2020-03-01 17:32:16'),(3418,'CLAMP SS  1\"','7307',0.8,0,100,80,0,18,'Plumbing','2020-03-01 17:32:16'),(3419,'CLAMP SS 11/2','7307',1.1,0,100,110,0,18,'Plumbing','2020-03-01 17:32:16'),(3420,'CLAMP SS 2\"','7307',1.5,0,100,150,0,18,'Plumbing','2020-03-01 17:32:16'),(3421,'CLAMP SS 21/2\"','7307',2.3,0,50,115,0,18,'Plumbing','2020-03-01 17:32:16'),(3422,'CLAMP SS 3\"','7307',2.75,0,50,137.5,0,18,'Plumbing','2020-03-01 17:32:16'),(3423,'CLAMP SS 4\"','7307',3,0,50,150,0,18,'Plumbing','2020-03-01 17:32:16'),(3424,'CLAMP SS 1/2','7307',0.6,0,100,60,0,18,'Plumbing','2020-03-01 17:32:16'),(3425,'HOSE CLIP 1/2\"','7318',4.7,0,10,47,0,18,'Plumbing','2020-03-01 17:32:16'),(3426,'HOSE CLIP 3/4\"','7318',5.7,0,25,142.5,0,18,'Plumbing','2020-03-01 17:32:16'),(3427,'HOSE CLIP 1\"','7318',6.3,0,25,157.5,0,18,'Plumbing','2020-03-01 17:32:16'),(3428,'HOSE CLIP 1 1/4\"','7318',6.5,0,10,65,0,18,'Plumbing','2020-03-01 17:32:16'),(3429,'HOSE CLIP 1 1/2\"','7318',7.1,0,10,71,0,18,'Plumbing','2020-03-01 17:32:16'),(3430,'ROYAL UNION NYLON 1/2','3917',5.25,0,30,157.5,0,18,'Plumbing','2020-03-01 17:32:16'),(3431,'ROYAL UNION NYLON 3/4','3917',6,0,30,180,0,18,'Plumbing','2020-03-01 17:32:16');

/*Table structure for table `sales` */

DROP TABLE IF EXISTS `sales`;

CREATE TABLE `sales` (
  `sales_id` bigint(20) NOT NULL AUTO_INCREMENT,
  `customer_id` bigint(20) DEFAULT NULL,
  `bill_number` varchar(20) NOT NULL,
  `bill_amount` double DEFAULT NULL,
  `discount` double DEFAULT NULL,
  `payable_amount` double DEFAULT NULL,
  `status` varchar(100) DEFAULT NULL,
  `balance_amount` double DEFAULT NULL,
  `sales_date` datetime DEFAULT NULL,
  `total_gst` double DEFAULT NULL,
  `sgst` double DEFAULT NULL,
  `cgst` double DEFAULT NULL,
  `gst_12` double DEFAULT NULL,
  `gst_18` double DEFAULT NULL,
  `gst_30` double DEFAULT NULL,
  `cess` double DEFAULT NULL,
  `create_ts` datetime DEFAULT NULL,
  `update_ts` datetime DEFAULT NULL,
  `customer_name` varchar(200) DEFAULT NULL,
  `amount_in_words` varchar(200) DEFAULT NULL,
  `round_off` double DEFAULT NULL,
  `taxable_at_5` double DEFAULT NULL,
  `taxable_at_12` double DEFAULT NULL,
  `taxable_at_18` double DEFAULT NULL,
  `taxable_at_0` double DEFAULT NULL,
  `taxable_at_28` double DEFAULT NULL,
  `gst_28` double DEFAULT NULL,
  `bill_type` varchar(10) DEFAULT NULL,
  `bill_seq_number` bigint(20) DEFAULT NULL,
  `vehicle_details` varchar(100) DEFAULT NULL,
  `shipping_address` varchar(200) DEFAULT NULL,
  `igst` double DEFAULT '0',
  `delivery_date` datetime DEFAULT NULL,
  `shipped_from` varchar(50) DEFAULT 'HO: Thalavila',
  PRIMARY KEY (`sales_id`)
) ENGINE=InnoDB AUTO_INCREMENT=37 DEFAULT CHARSET=utf8;

/*Data for the table `sales` */

insert  into `sales`(`sales_id`,`customer_id`,`bill_number`,`bill_amount`,`discount`,`payable_amount`,`status`,`balance_amount`,`sales_date`,`total_gst`,`sgst`,`cgst`,`gst_12`,`gst_18`,`gst_30`,`cess`,`create_ts`,`update_ts`,`customer_name`,`amount_in_words`,`round_off`,`taxable_at_5`,`taxable_at_12`,`taxable_at_18`,`taxable_at_0`,`taxable_at_28`,`gst_28`,`bill_type`,`bill_seq_number`,`vehicle_details`,`shipping_address`,`igst`,`delivery_date`,`shipped_from`) values (1,2,'1',5005.2,0,5005,'Paid',0,'2021-07-31 00:00:00',1086.4,543.2,543.2,0,0,0,38.8,'2021-07-31 00:00:00','2021-07-31 21:26:20','Biju, \nChannarukonam','Rupees Five Thousand Five Only',-0.1999999999998181,0,0,0,0,3880,1086.4,'Normal',1,'','Biju, \nChannarukonam',0,'2021-07-31 00:00:00','HO: Thalavila'),(2,1,'B-1',2318.75,0,2319,'Paid',0,'2021-07-31 00:00:00',507.23,253.62,253.62,0,0,0,0,'2021-07-31 00:00:00','2021-07-31 21:26:40','','Rupees Two Thousand Three Hundred Nineteen Only',0.25,0,0,0,0,1811.5,507.23,'B2B',1,'','',0,'2021-07-31 00:00:00','HO: Thalavila'),(3,1,'2',927.5,0,928,'Paid',0,'2021-07-31 00:00:00',201.32,100.66,100.66,0,0,0,7.19,'2021-07-31 00:00:00','2021-07-31 21:26:51','','Rupees Nine Hundred Twenty Eight Only',0.5,0,0,0,0,719,201.32,'Normal',2,'','',0,'2021-07-31 00:00:00','HO: Thalavila'),(4,1,'3',2502.6,0,2503,'Paid',0,'2021-07-31 00:00:00',543.2,271.6,271.6,0,0,0,19.4,'2021-07-31 00:00:00','2021-07-31 21:27:29','','Rupees Two Thousand Five Hundred Three Only',0.40000000000009095,0,0,0,0,1940,543.2,'Normal',3,'','',0,'2021-07-31 00:00:00','HO: Thalavila'),(5,2,'B-2',927.5,0,928,'Paid',0,'2021-07-31 00:00:00',202.89,101.44,101.44,0,0,0,0,'2021-07-31 00:00:00','2022-02-15 13:49:38','Biju, \nChannarukonam','Rupees Nine Hundred Twenty Eight Only',0.5,0,0,0,0,724.6,202.89,'B2B',2,'','',0,'2021-08-01 00:00:00','HO: Thalavila'),(6,1,'4',2502.6,0,2503,'Paid',0,'2021-07-31 00:00:00',547.44,273.72,273.72,0,0,0,0,'2021-07-31 00:00:00','2021-07-31 21:39:25','','Rupees Two Thousand Five Hundred Three Only',0.40000000000009095,0,0,0,0,1955.1499999999999,547.44,'Normal',4,'','',0,'2021-07-31 00:00:00','HO: Thalavila'),(7,1,'5',840,0,840,'Paid',0,'2021-07-08 00:00:00',183.75,91.88,91.88,0,0,0,9.27,'2021-07-31 00:00:00','2021-07-31 22:53:17','','Rupees Eight Hundred Forty Only',0,0,0,0,0,656.24,183.75,'Normal',5,'','',0,'2021-07-08 00:00:00','HO: Thalavila'),(8,1,'6',2142.96,0,2143,'Paid',0,'2021-08-01 00:00:00',468.77,234.38,234.38,0,0,0,0,'2021-08-01 00:00:00','2021-08-01 00:23:00','','Rupees Two Thousand One Hundred Forty Three Only',0.03999999999996362,0,0,0,0,1674.2,468.77,'Normal',6,'','',0,'2021-08-01 00:00:00','HO: Thalavila'),(9,2,'7',463.75,0,464,'Paid',0,'2021-08-01 00:00:00',101.45,50.73,50.73,0,0,0,0,'2021-08-01 00:00:00','2021-08-01 12:45:54','Biju, \nChannarukonam','Rupees Four Hundred Sixty Four Only',0.25,0,0,0,0,362.3,101.45,'Normal',7,'','',0,'2021-08-01 00:00:00','HO: Thalavila'),(10,1,'8',10010.4,0,10010,'Paid',0,'2021-08-01 00:00:00',2189.78,1094.89,1094.89,0,0,0,0,'2021-08-01 00:00:00','2021-08-01 12:52:57','','Rupees Ten Thousand Ten Only',-0.3999999999996362,0,0,0,0,7820.599999999999,2189.78,'Normal',8,'','',0,'2021-08-01 00:00:00','HO: Thalavila'),(11,1,'9',828,0,828,'Paid',0,'2021-08-01 00:00:00',181.12,90.56,90.56,0,0,0,0,'2021-08-01 00:00:00','2021-08-01 12:53:21','','Rupees Eight Hundred Twenty Eight Only',0,0,0,0,0,646.88,181.12,'Normal',9,'','',0,'2021-08-01 00:00:00','HO: Thalavila'),(12,1,'10',1464.79,0,1465,'Paid',0,'2021-09-25 00:00:00',320.43,160.22,160.22,0,0,0,0,'2021-09-25 00:00:00','2021-09-25 12:26:17','','Rupees One Thousand Four Hundred Sixty Five Only',0.21000000000003638,0,0,0,0,1144.36,320.43,'Normal',10,'','',0,'2021-09-25 00:00:00','HO: Thalavila'),(13,1,'11',1428,0,1428,'Paid',0,'2021-09-25 00:00:00',312.38,156.19,156.19,0,0,0,0,'2021-09-25 00:00:00','2021-09-25 12:27:36','','Rupees One Thousand Four Hundred Twenty Eight Only',0,0,0,0,0,1115.62,312.38,'Normal',11,'','',0,'2021-09-25 00:00:00','HO: Thalavila'),(14,1,'V-12',612.86,0,613,'Paid',0,'2021-11-21 00:00:00',134.06,67.03,67.03,0,0,0,0,'2021-11-21 00:00:00','2021-11-21 00:01:09','','Rupees Six Hundred Thirteen Only',0.13999999999998636,0,0,0,0,478.8,134.06,'Normal',12,'','',0,'2021-11-21 00:00:00','HO: Thalavila'),(15,1,'V-12',612.86,0,613,'Paid',0,'2021-11-21 00:00:00',134.06,67.03,67.03,0,0,0,0,'2021-11-21 00:00:00','2021-11-21 00:02:22','','Rupees Six Hundred Thirteen Only',0.13999999999998636,0,0,0,0,478.8,134.06,'Normal',12,'','',0,'2021-11-21 00:00:00','HO: Thalavila'),(16,1,'V-12',612.86,0,613,'Paid',0,'2021-11-27 00:00:00',134.06,67.03,67.03,0,0,0,0,'2021-11-27 00:00:00','2021-11-27 13:42:05','','Rupees Six Hundred Thirteen Only',0.13999999999998636,0,0,0,0,478.8,134.06,'Normal',12,'','',0,'2021-11-27 00:00:00','HO: Thalavila'),(17,1,'V-12',612.86,0,613,'Paid',0,'2021-11-27 00:00:00',134.06,67.03,67.03,0,0,0,0,'2021-11-27 00:00:00','2021-11-27 13:50:49','','Rupees Six Hundred Thirteen Only',0.13999999999998636,0,0,0,0,478.8,134.06,'Normal',12,'','',0,'2021-11-27 00:00:00','HO: Thalavila'),(18,1,'13',500.52,0,501,'Paid',0,'2021-12-04 00:00:00',109.49,54.74,54.74,0,0,0,0,'2021-12-04 00:00:00','2021-12-04 12:10:05','','Rupees Five Hundred One Only',0.4800000000000182,0,0,0,0,391.03,109.49,'Normal',13,'','',0,'2021-12-04 00:00:00','HO: Thalavila'),(19,1,'14',500.52,0,501,'Paid',0,'2021-12-04 00:00:00',109.49,54.74,54.74,0,0,0,0,'2021-12-04 00:00:00','2022-02-15 13:20:03','','Rupees Five Hundred One Only',0.4800000000000182,0,0,0,0,391.03,109.49,'Normal',14,'','',0,'2021-12-04 00:00:00','Br: Ambalam Mukku'),(20,1,'15',1001.04,0,1001,'Paid',0,'2021-12-04 00:00:00',218.98,109.49,109.49,0,0,0,0,'2021-12-04 00:00:00','2021-12-04 13:08:28','','Rupees One Thousand One Only',-0.03999999999996362,0,0,0,0,782.06,218.98,'Normal',15,'','',0,'2021-12-04 00:00:00','HO: Thalavila'),(21,1,'16',6006.24,0,6006,'Paid',0,'2021-12-04 00:00:00',1313.87,656.93,656.93,0,0,0,0,'2021-12-04 00:00:00','2021-12-04 13:10:53','','Rupees Six Thousand Six Only',-0.23999999999978172,0,0,0,0,4692.36,1313.87,'Normal',16,'','',0,'2021-12-04 00:00:00','HO: Thalavila'),(22,1,'17',500.52,0,501,'Paid',0,'2021-12-04 00:00:00',109.49,54.74,54.74,0,0,0,0,'2021-12-04 00:00:00','2021-12-04 13:11:42','','Rupees Five Hundred One Only',0.4800000000000182,0,0,0,0,391.03,109.49,'Normal',17,'','',0,'2021-12-04 00:00:00','HO: Thalavila'),(23,1,'18',414,0,414,'Paid',0,'2021-12-04 00:00:00',90.56,45.28,45.28,0,0,0,0,'2021-12-04 00:00:00','2021-12-04 13:20:31','','Rupees Four Hundred Fourteen Only',0,0,0,0,0,323.44,90.56,'Normal',18,'','',0,'2021-12-04 00:00:00','HO: Thalavila'),(24,1,'19',535.74,0,536,'Paid',0,'2021-12-04 00:00:00',117.19,58.59,58.59,0,0,0,0,'2021-12-04 00:00:00','2021-12-04 13:24:25','','Rupees Five Hundred Thirty Six Only',0.2599999999999909,0,0,0,0,418.55,117.19,'Normal',19,'','',0,'2021-12-04 00:00:00','HO: Thalavila'),(25,1,'20',414,0,414,'Paid',0,'2021-12-04 00:00:00',90.56,45.28,45.28,0,0,0,0,'2021-12-04 00:00:00','2022-02-01 23:29:22','','Rupees Four Hundred Fourteen Only',0,0,0,0,0,323.44,90.56,'Normal',20,'','',0,'2021-12-18 00:00:00','HO: Thalavila'),(26,2,'21',828,0,828,'Paid',0,'2021-12-08 00:00:00',181.12,90.56,90.56,0,0,0,0,'2021-12-08 00:00:00','2021-12-08 07:49:38','Biju, \nChannarukonam','Rupees Eight Hundred Twenty Eight Only',0,0,0,0,0,646.88,181.12,'Normal',21,'','',0,'2021-12-08 00:00:00','HO: Thalavila'),(27,1,'22',414,0,414,'Paid',0,'2021-12-08 00:00:00',90.56,45.28,45.28,0,0,0,0,'2021-12-08 00:00:00','2022-02-01 23:21:53','','Rupees Four Hundred Fourteen Only',0,0,0,0,0,323.44,90.56,'Normal',22,'','',0,'2021-12-09 00:00:00','HO: Thalavila'),(28,2,'23',2940,0,2940,'Paid',0,'2021-12-08 00:00:00',643.12,321.56,321.56,0,0,0,0,'2021-12-08 00:00:00','2021-12-08 08:11:55','Biju, \nChannarukonam','Rupees Two Thousand Nine Hundred Forty Only',0,0,0,0,0,2296.84,643.12,'Normal',23,'','',0,'2021-12-08 00:00:00','HO: Thalavila'),(29,2,'24',10010.4,0,10010,'Paid',0,'2021-12-08 00:00:00',2189.78,0,0,0,0,0,0,'2021-12-08 00:00:00','2022-02-15 13:33:24','Biju, \nChannarukonam','Rupees Ten Thousand Ten Only',-0.3999999999996362,0,0,0,0,7820.599999999999,2189.78,'Normal',24,'','',2189.78,'2021-12-09 00:00:00','HO: Thalavila'),(30,1,'25',828,0,828,'Paid',0,'2021-05-15 00:00:00',179.72,89.86,89.86,0,0,0,6.42,'2022-02-01 00:00:00','2022-02-01 22:27:16','','Rupees Eight Hundred Twenty Eight Only',0,0,0,0,0,641.86,179.72,'Normal',25,'','',0,'2021-05-15 00:00:00','HO: Thalavila'),(31,2,'26',3360,0,3360,'Paid',0,'2022-02-01 00:00:00',735,367.5,367.5,0,0,0,0,'2022-02-01 00:00:00','2022-02-01 23:36:54','Biju, \nChannarukonam','Rupees Three Thousand Three Hundred Sixty Only',0,0,0,0,0,2624.96,735,'Normal',26,'','',0,'2022-02-02 00:00:00','HO: Thalavila'),(32,2,'27',414,0,414,'Paid',0,'2022-02-08 00:00:00',90.56,45.28,45.28,0,0,0,0,'2022-02-08 00:00:00','2022-02-08 08:13:09','Biju, \nChannarukonam','Rupees Four Hundred Fourteen Only',0,0,0,0,0,323.44,90.56,'Normal',27,'','',0,'2022-02-08 00:00:00','HO: Thalavila'),(33,2,'28',10010.4,0,10010,'Paid',0,'2022-02-15 00:00:00',2189.78,1094.89,1094.89,0,0,0,0,'2022-02-08 00:00:00','2022-02-15 13:40:40','Biju, \nChannarukonam','Rupees Ten Thousand Ten Only',-0.3999999999996362,0,0,0,0,7820.599999999999,2189.78,'Contractor',28,'KL-16-C-3445','Biju, \nChannarukonam',0,'2022-02-16 00:00:00','HO: Thalavila'),(34,2,'28',10010.4,0,10010,'Paid',0,'2022-02-15 00:00:00',2189.78,1094.89,1094.89,0,0,0,0,'2022-02-15 00:00:00','2022-02-15 13:40:40','Biju, \nChannarukonam','Rupees Ten Thousand Ten Only',-0.3999999999996362,0,0,0,0,7820.599999999999,2189.78,'Normal',28,'KL-16-C-3445','Biju, \nChannarukonam',0,'2022-02-16 00:00:00','HO: Thalavila'),(35,2,'29',840,0,840,'Paid',0,'2022-02-15 00:00:00',183.75,91.88,91.88,0,0,0,0,'2022-02-15 00:00:00','2022-02-15 13:30:45','Biju, \nChannarukonam','Rupees Eight Hundred Forty Only',0,0,0,0,0,656.24,183.75,'Normal',29,'','',0,'2022-02-15 00:00:00','HO: Thalavila'),(36,3,'30',5005.2,0,5005,'Paid',0,'2022-02-15 00:00:00',1094.89,547.45,547.45,0,0,0,0,'2022-02-15 00:00:00','2022-02-15 13:44:44','Jayaraj Associates, \nPeroor,\nKilimanoor','Rupees Five Thousand Five Only',-0.1999999999998181,0,0,0,0,3910.2999999999997,1094.89,'Normal',30,'KL-21-4333','Jayaraj Associates, \nPeroor,\nKilimanoor',0,'2022-02-19 00:00:00','Br: Ambalam Mukku');

/*Table structure for table `sales_details` */

DROP TABLE IF EXISTS `sales_details`;

CREATE TABLE `sales_details` (
  `sales_details_id` bigint(20) NOT NULL AUTO_INCREMENT,
  `sales_id` bigint(20) NOT NULL,
  `hsn_code` varchar(50) DEFAULT NULL,
  `item_name` varchar(200) DEFAULT NULL,
  `unit_price` double DEFAULT NULL,
  `gst_percentage` double DEFAULT NULL,
  `gst_amount` double DEFAULT NULL,
  `quantity` double DEFAULT NULL,
  `gross_amount` double DEFAULT NULL,
  `discount` double DEFAULT NULL,
  `net_amount` double DEFAULT NULL,
  `item_id` bigint(20) DEFAULT NULL,
  PRIMARY KEY (`sales_details_id`),
  KEY `sales detail to item relation` (`hsn_code`),
  KEY `fk_sales` (`sales_id`),
  CONSTRAINT `fk_sales` FOREIGN KEY (`sales_id`) REFERENCES `sales` (`sales_id`) ON DELETE NO ACTION ON UPDATE NO ACTION
) ENGINE=InnoDB AUTO_INCREMENT=39 DEFAULT CHARSET=utf8;

/*Data for the table `sales_details` */

insert  into `sales_details`(`sales_details_id`,`sales_id`,`hsn_code`,`item_name`,`unit_price`,`gst_percentage`,`gst_amount`,`quantity`,`gross_amount`,`discount`,`net_amount`,`item_id`) values (1,1,'25232930','DALMIA PPC 50KG BAG - BOPP',388,28,1086.4,10,4966.4,0,4966.4,2235),(2,2,'25232910','DALMIA OPC53 50KG - HDPE',362.3,28,507.23,5,2318.75,0,2318.75,2236),(3,3,'25232910','DALMIA OPC53 50KG - HDPE',359.5,28,201.32,2,920.31,0,920.31,2236),(4,4,'25232930','DALMIA PPC 50KG BAG - BOPP',388,28,543.2,5,2483.2,0,2483.2,2235),(5,5,'25232910','DALMIA OPC53 50KG - HDPE',362.3,28,202.89,2,927.5,0,927.5,2236),(6,6,'25232930','DALMIA PPC 50KG BAG - BOPP',391.03,28,547.44,5,2502.6,0,2502.6,2235),(7,7,'25232930','RAMCO CEMENT PPC 50KG',328.12,28,183.75,2,840,0,840,2233),(8,8,'25232930','Dalmia DSP Concrete Expert',418.55,28,468.77,4,2142.96,0,2142.96,2237),(9,9,'25232910','DALMIA OPC53 50KG - HDPE',362.3,28,101.45,1,463.75,0,463.75,2236),(10,10,'25232930','DALMIA PPC 50KG BAG - BOPP',391.03,28,2189.78,20,10010.4,0,10010.4,2235),(11,11,'25232940','CHETTINAD CEMENT SLAG PAPER',323.44,28,181.12,2,828,0,828,2232),(12,12,'25232930','DALMIA PPC 50KG BAG - BOPP',391.03,28,218.98,2,1001.04,0,1001.04,2235),(13,12,'25232910','DALMIA OPC53 50KG - HDPE',362.3,28,101.45,1,463.75,0,463.75,2236),(14,13,'2523','PPC Cement (Hebbal)',262.5,28,220.5,3,1008,0,1008,2234),(15,13,'25232930','RAMCO CEMENT PPC 50KG',328.12,28,91.88,1,420,0,420,2233),(16,14,'454545','test',478.8,28,134.06,1,612.86,0,612.86,2238),(17,15,'454545','test',478.8,28,134.06,1,612.86,0,612.86,2238),(18,16,'454545','test',478.8,28,134.06,1,612.86,0,612.86,2238),(19,17,'454545','test',478.8,28,134.06,1,612.86,0,612.86,2238),(20,18,'25232930','DALMIA PPC 50KG BAG - BOPP',391.03,28,109.49,1,500.52,0,500.52,2235),(21,19,'25232930','DALMIA PPC 50KG BAG - BOPP',391.03,28,109.49,1,500.52,0,500.52,2235),(22,20,'25232930','DALMIA PPC 50KG BAG - BOPP',391.03,28,218.98,2,1001.04,0,1001.04,2235),(23,21,'25232930','DALMIA PPC 50KG BAG - BOPP',391.03,28,1313.87,12,6006.24,0,6006.24,2235),(24,22,'25232930','DALMIA PPC 50KG BAG - BOPP',391.03,28,109.49,1,500.52,0,500.52,2235),(25,23,'25232940','CHETTINAD CEMENT SLAG PAPER',323.44,28,90.56,1,414,0,414,2232),(26,24,'25232930','Dalmia DSP Concrete Expert',418.55,28,117.19,1,535.74,0,535.74,2237),(27,25,'25232940','CHETTINAD CEMENT SLAG PAPER',323.44,28,90.56,1,414,0,414,2232),(28,26,'25232940','CHETTINAD CEMENT SLAG PAPER',323.44,28,181.12,2,828,0,828,2232),(29,27,'25232940','CHETTINAD CEMENT SLAG PAPER',323.44,28,90.56,1,414,0,414,2232),(30,28,'25232930','RAMCO CEMENT PPC 50KG',328.12,28,643.12,7,2940,0,2940,2233),(31,29,'25232930','DALMIA PPC 50KG BAG - BOPP',391.03,28,2189.78,20,10010.4,0,10010.4,2235),(32,30,'25232940','CHETTINAD CEMENT SLAG PAPER',320.93,28,179.72,2,821.58,0,821.58,2232),(33,31,'25232930','RAMCO CEMENT PPC 50KG',328.12,28,735,8,3360,0,3360,2233),(34,32,'25232940','CHETTINAD CEMENT SLAG PAPER',323.44,28,90.56,1,414,0,414,2232),(35,33,'25232940','CHETTINAD CEMENT SLAG PAPER',258.75,28,72.45,1,331.2,0,331.2,2232),(36,34,'25232930','DALMIA PPC 50KG BAG - BOPP',391.03,28,2189.78,20,10010.4,0,10010.4,2235),(37,35,'25232930','RAMCO CEMENT PPC 50KG',328.12,28,183.75,2,840,0,840,2233),(38,36,'25232930','DALMIA PPC 50KG BAG - BOPP',391.03,28,1094.89,10,5005.2,0,5005.2,2235);

/*Table structure for table `sales_details_vp` */

DROP TABLE IF EXISTS `sales_details_vp`;

CREATE TABLE `sales_details_vp` (
  `sales_details_id` bigint(20) NOT NULL AUTO_INCREMENT,
  `sales_id` bigint(20) NOT NULL,
  `hsn_code` varchar(50) DEFAULT NULL,
  `item_name` varchar(200) DEFAULT NULL,
  `unit_price` double DEFAULT NULL,
  `gst_percentage` double DEFAULT NULL,
  `gst_amount` double DEFAULT NULL,
  `quantity` double DEFAULT NULL,
  `gross_amount` double DEFAULT NULL,
  `discount` double DEFAULT NULL,
  `net_amount` double DEFAULT NULL,
  `item_id` bigint(20) DEFAULT NULL,
  PRIMARY KEY (`sales_details_id`)
) ENGINE=InnoDB AUTO_INCREMENT=33 DEFAULT CHARSET=utf8;

/*Data for the table `sales_details_vp` */

insert  into `sales_details_vp`(`sales_details_id`,`sales_id`,`hsn_code`,`item_name`,`unit_price`,`gst_percentage`,`gst_amount`,`quantity`,`gross_amount`,`discount`,`net_amount`,`item_id`) values (16,14,'454545','test',478.8,28,134.06,1,612.86,0,612.86,2238),(32,14,'25232940','CHETTINAD CEMENT SLAG PAPER',323.44,28,90.56,1,414,0,414,2232);

/*Table structure for table `sales_vp` */

DROP TABLE IF EXISTS `sales_vp`;

CREATE TABLE `sales_vp` (
  `sales_id` bigint(20) NOT NULL AUTO_INCREMENT,
  `customer_id` bigint(20) DEFAULT NULL,
  `bill_number` varchar(20) NOT NULL,
  `bill_amount` double DEFAULT NULL,
  `discount` double DEFAULT NULL,
  `payable_amount` double DEFAULT NULL,
  `status` varchar(100) DEFAULT NULL,
  `balance_amount` double DEFAULT NULL,
  `sales_date` datetime DEFAULT NULL,
  `total_gst` double DEFAULT NULL,
  `sgst` double DEFAULT NULL,
  `cgst` double DEFAULT NULL,
  `gst_12` double DEFAULT NULL,
  `gst_18` double DEFAULT NULL,
  `gst_30` double DEFAULT NULL,
  `cess` double DEFAULT NULL,
  `create_ts` datetime DEFAULT NULL,
  `update_ts` datetime DEFAULT NULL,
  `customer_name` varchar(200) DEFAULT NULL,
  `amount_in_words` varchar(200) DEFAULT NULL,
  `round_off` double DEFAULT NULL,
  `taxable_at_5` double DEFAULT NULL,
  `taxable_at_12` double DEFAULT NULL,
  `taxable_at_18` double DEFAULT NULL,
  `taxable_at_0` double DEFAULT NULL,
  `taxable_at_28` double DEFAULT NULL,
  `gst_28` double DEFAULT NULL,
  `bill_type` varchar(10) DEFAULT NULL,
  `bill_seq_number` bigint(20) DEFAULT NULL,
  `vehicle_details` varchar(100) DEFAULT NULL,
  `shipping_address` varchar(200) DEFAULT NULL,
  PRIMARY KEY (`sales_id`)
) ENGINE=InnoDB AUTO_INCREMENT=15 DEFAULT CHARSET=utf8;

/*Data for the table `sales_vp` */

insert  into `sales_vp`(`sales_id`,`customer_id`,`bill_number`,`bill_amount`,`discount`,`payable_amount`,`status`,`balance_amount`,`sales_date`,`total_gst`,`sgst`,`cgst`,`gst_12`,`gst_18`,`gst_30`,`cess`,`create_ts`,`update_ts`,`customer_name`,`amount_in_words`,`round_off`,`taxable_at_5`,`taxable_at_12`,`taxable_at_18`,`taxable_at_0`,`taxable_at_28`,`gst_28`,`bill_type`,`bill_seq_number`,`vehicle_details`,`shipping_address`) values (14,1,'V-12',1026.86,0,1027,'Paid',0,'2021-11-27 00:00:00',224.62,112.31,112.31,0,0,0,0,'2021-11-27 00:00:00','2021-11-28 19:47:36','','Rupees One Thousand Twenty Seven Only',0.14000000000010004,0,0,0,0,802.24,224.62,'Normal',12,'','');

/*Table structure for table `stock` */

DROP TABLE IF EXISTS `stock`;

CREATE TABLE `stock` (
  `item_id` bigint(20) NOT NULL AUTO_INCREMENT,
  `hsn_code` varchar(50) NOT NULL,
  `item_name` varchar(200) NOT NULL,
  `category` varchar(50) DEFAULT NULL,
  `supplier` varchar(50) DEFAULT NULL,
  `description` varchar(200) DEFAULT NULL,
  `purchase_price` double DEFAULT NULL,
  `gst_percentage` double DEFAULT NULL,
  `gst_amount` double DEFAULT NULL,
  `margin` double DEFAULT NULL,
  `discount` double DEFAULT NULL,
  `selling_price` double DEFAULT NULL,
  `quantity` double DEFAULT NULL,
  `reorder_quantity` double DEFAULT NULL,
  `update_ts` datetime DEFAULT NULL,
  `stock_entry_quantity` double DEFAULT NULL,
  PRIMARY KEY (`item_id`)
) ENGINE=InnoDB AUTO_INCREMENT=2238 DEFAULT CHARSET=utf8;

/*Data for the table `stock` */

insert  into `stock`(`item_id`,`hsn_code`,`item_name`,`category`,`supplier`,`description`,`purchase_price`,`gst_percentage`,`gst_amount`,`margin`,`discount`,`selling_price`,`quantity`,`reorder_quantity`,`update_ts`,`stock_entry_quantity`) values (2232,'25232940','CHETTINAD CEMENT SLAG PAPER','Construction','MUGHAL TRADERS','',269.53,28,7546.839999999999,20,NULL,413.99807999999996,64,5,NULL,NULL),(2233,'25232930','RAMCO CEMENT PPC 50KG','Construction','ALIF ENTERPRISES','',273.44,28,7656.32,20,NULL,420.00383999999997,115,5,'2021-08-01 12:53:58',NULL),(2234,'2523','PPC Cement (Hebbal)','Construction','Default','',218.75,28,6125,20,NULL,336,997,5,NULL,NULL),(2235,'25232930','DALMIA PPC 50KG BAG - BOPP','Construction','Default','',325.86,28,9124.08,20,NULL,500.52096000000006,3531,5,NULL,NULL),(2236,'25232910','DALMIA OPC53 50KG - HDPE','Construction','Default','',301.92,28,8453.76,20,NULL,463.74912,139,5,NULL,NULL),(2237,'25232930','Dalmia DSP Concrete Expert','Construction','Default','',348.79,28,9766.12,20,NULL,535.74144,53,5,NULL,NULL);

/*Table structure for table `stock_backup` */

DROP TABLE IF EXISTS `stock_backup`;

CREATE TABLE `stock_backup` (
  `item_id` bigint(20) NOT NULL DEFAULT '0',
  `hsn_code` varchar(50) NOT NULL,
  `item_name` varchar(200) NOT NULL,
  `category` varchar(50) DEFAULT NULL,
  `supplier` varchar(50) DEFAULT NULL,
  `description` varchar(200) DEFAULT NULL,
  `purchase_price` double DEFAULT NULL,
  `gst_percentage` double DEFAULT NULL,
  `gst_amount` double DEFAULT NULL,
  `margin` double DEFAULT NULL,
  `discount` double DEFAULT NULL,
  `selling_price` double DEFAULT NULL,
  `quantity` double DEFAULT NULL,
  `reorder_quantity` double DEFAULT NULL
) ENGINE=InnoDB DEFAULT CHARSET=utf8;

/*Data for the table `stock_backup` */

insert  into `stock_backup`(`item_id`,`hsn_code`,`item_name`,`category`,`supplier`,`description`,`purchase_price`,`gst_percentage`,`gst_amount`,`margin`,`discount`,`selling_price`,`quantity`,`reorder_quantity`) values (1,'14323','Elbow_3/4\"','Plumbing','KT & Sons','DSDSD',10,12,1.2,20,NULL,13.44,92,5),(2,'3434343','Elbow_1/2\"','Plumbing','MR Trading','Desc',8.5,12,1.02,20,NULL,11.42,25,5),(3,'345353','Spindle','Plumbing','SP Agencies','Desc',23.5,30,7.05,20,NULL,36.66,18,5),(4,'232878','AfterTabIndexSetting','Plumbing','SP Agencies','Test		',23.5,12,2.82,20,NULL,31.58,29,5),(5,'24346','Test','Plumbing','MR Trading','sdfsewrwesfsd\n',10,18,1.8,20,NULL,14.16,100,10),(6,'534532','Test1','Others','MR Trading','asdsadas ewerw rcs sada \n',11,12,1.32,20,NULL,14.78,100,20),(7,'123','WATERTEC TOWEL RING WHITE','Plumbing',NULL,NULL,59,18,10.62,20,NULL,83.54,2,5),(8,'123','WATERTEC WASTE PIPE COLLAPSIBLE ','Plumbing',NULL,NULL,88,18,15.84,20,NULL,124.61,2,5),(9,'123','STAR WHITE RFTA 32X25','Plumbing',NULL,NULL,6.47,18,2.38,20,0,18.69,96,5),(10,'123','STAR WHITE REDUCING BUSH 32X25','Plumbing',NULL,NULL,3.48,18,1.28,20,0,10.05,100,5),(11,'123','STAR WHITE REDUCING BUSH 40X25','Plumbing',NULL,NULL,4.29,18,1.58,20,0,12.39,100,5),(12,'123','STAR WHITE REDUCING BUSH 40X32','Plumbing',NULL,NULL,5.39,18,1.98,20,0,15.58,100,5),(13,'123','STAR WHITE REDUCING BUSH 50X25','Plumbing',NULL,NULL,9.17,18,3.37,20,0,26.48,100,5),(14,'123','STAR WHITE REDUCING BUSH 50X32','Plumbing',NULL,NULL,10.1,18,3.71,20,0,29.17,100,5),(15,'123','STAR WHITE REDUCING BUSH 50X40','Plumbing',NULL,NULL,10.1,18,3.71,20,0,29.17,100,5),(16,'123','STAR WHITE REDUCING BUSH 63X32','Plumbing',NULL,NULL,11.27,18,4.14,20,0,32.57,100,5),(17,'123','STAR WHITE REDUCING BUSH 63X40','Plumbing',NULL,NULL,8.55,18,3.14,20,0,24.71,100,5),(18,'123','STAR WHITE REDUCING BUSH 63X50','Plumbing',NULL,NULL,12.64,18,4.64,20,0,36.53,100,5),(19,'123','STAR WHITE REDUCING BUSH 75X50','Plumbing',NULL,NULL,19.35,18,7.11,20,0,55.93,100,5),(20,'123','STAR WHITE REDUCING BUSH 75X63','Plumbing',NULL,NULL,18.25,18,6.7,20,0,52.75,100,5),(21,'123','STAR WHITE REDUCING BUSH 90X50','Plumbing',NULL,NULL,30.68,18,11.27,20,0,88.64,100,5),(22,'123','STAR WHITE REDUCING BUSH 90X63','Plumbing',NULL,NULL,29.79,18,10.94,20,0,86.09,100,5),(23,'123','STAR WHITE REDUCING BUSH 90X75','Plumbing',NULL,NULL,28.72,18,10.55,20,0,82.98,100,5),(24,'123','STAR WHITE REDUCING BUSH 110X63','Plumbing',NULL,NULL,48.1,18,17.67,20,0,138.98,100,5),(25,'123','STAR WHITE REDUCING BUSH 110X90','Plumbing',NULL,NULL,56.05,18,20.59,20,0,161.99,100,5),(26,'123','STAR WHITE R.P.TEE 32X25','Plumbing',NULL,NULL,10.37,18,3.81,20,0,29.95,100,5),(27,'123','STAR WHITE R.P.TEE 40X25','Plumbing',NULL,NULL,28.59,18,10.5,20,0,82.62,100,5),(28,'123','STAR WHITE R.P.TEE 40X32','Plumbing',NULL,NULL,27.41,18,10.07,20,0,79.23,100,5),(29,'123','STAR WHITE R.P.TEE 50X25','Plumbing',NULL,NULL,29.75,18,10.93,20,0,85.95,100,5),(30,'123','STAR WHITE R.P.TEE 50X32','Plumbing',NULL,NULL,28.72,18,10.55,20,0,82.98,100,5),(31,'123','STAR WHITE R.P.TEE 50X40','Plumbing',NULL,NULL,28.72,18,10.55,20,0,82.98,100,5),(32,'123','STAR WHITE R.P.ELBOW32X25','Plumbing',NULL,NULL,8.9,18,3.27,20,0,25.7,100,5),(33,'123','STAR WHITE TH.ELBOW25X20','Plumbing',NULL,NULL,5.85,18,2.15,20,0,16.92,100,5),(34,'123','STAR WHITE TH.ELBOW32X25','Plumbing',NULL,NULL,13.8,18,5.07,20,0,39.86,100,5),(35,'123','STAR WHITE TH.ELBOW32X20','Plumbing',NULL,NULL,14.31,18,5.26,20,0,41.35,100,5),(36,'123','BLACK WATTER TANK 500LTR SURYA','Plumbing',NULL,NULL,1355.94,18,244.07,5,NULL,1920.01,100,5),(37,'123','WATERTEC BLOW WHITE 3LAYER TANK 500LTR','Plumbing',NULL,NULL,2118.65,18,381.36,5,NULL,3000.01,100,5),(38,'123','FINOLEX COUPLER 25MM 10KG','Plumbing',NULL,NULL,4.1,18,0.74,20,NULL,5.81,100,5),(39,'123','FINOLEX COUPLER 32 MM 10KG','Plumbing',NULL,NULL,5.8,18,1.04,20,NULL,8.21,100,5),(40,'123','FINOLEX COUPLER 40MM','Plumbing',NULL,NULL,8,18,1.44,20,NULL,11.33,100,5),(41,'123','FINOLEX COUPLER 50MM','Plumbing',NULL,NULL,11.9,18,2.14,20,NULL,16.85,100,5),(42,'123','FINOLEX COUPLER 63MM 6KG','Plumbing',NULL,NULL,18.9,18,3.4,20,NULL,26.76,100,5),(43,'123','FINOLEX COUPLER 75MM','Plumbing',NULL,NULL,24.5,18,4.41,20,NULL,34.69,100,5),(44,'123','FINOLEX COUPLER 90MM','Plumbing',NULL,NULL,40.1,18,7.22,20,NULL,56.78,100,5),(45,'123','FINOLEX COUPLER 110MM 6KG','Plumbing',NULL,NULL,67.8,18,12.2,20,NULL,96,100,5),(46,'123','FINOLEX MTA 25MM 10KG','Plumbing',NULL,NULL,3.9,18,0.7,20,NULL,5.52,100,5),(47,'123','FINOLEX MTA 32MM 10KG','Plumbing',NULL,NULL,5.9,18,1.06,20,NULL,8.35,100,5),(48,'123','FINOLEX MTA 40MM 10KG','Plumbing',NULL,NULL,8.5,18,1.53,20,NULL,12.04,100,5),(49,'123','FINOLEX MTA 50MM 10KG','Plumbing',NULL,NULL,14.1,18,2.54,20,NULL,19.97,100,5),(50,'123','FINOLEX MTA 63MM 6KG','Plumbing',NULL,NULL,21.2,18,3.82,20,NULL,30.02,100,5),(51,'123','FINOLEX FTA 25MM 10KG','Plumbing',NULL,NULL,5.1,18,0.92,20,NULL,7.22,100,5),(52,'123','FINOLEX FTA 32MM 10KG','Plumbing',NULL,NULL,5.8,18,1.04,20,NULL,8.21,100,5),(53,'123','FINOLEX FTA 40MM 10KG','Plumbing',NULL,NULL,11.5,18,2.07,20,NULL,16.28,100,5),(54,'123','FINOLEX FTA 50MM 10KG','Plumbing',NULL,NULL,15,18,2.7,20,NULL,21.24,100,5),(55,'123','FINOLEX FTA 63MM 6KG','Plumbing',NULL,NULL,24.4,18,4.39,20,NULL,34.55,100,5),(56,'123','FINOLEX END CAP 20 MM 10 KG  ','Plumbing',NULL,NULL,2.2,18,0.4,20,NULL,3.12,100,5),(57,'123','FINOLEX END CAP 25 MM 10 KG  ','Plumbing',NULL,NULL,3.2,18,0.58,20,NULL,4.53,100,5),(58,'123','FINOLEX END CAP 32 MM 10 KG  ','Plumbing',NULL,NULL,4.4,18,0.79,20,NULL,6.23,100,5),(59,'123','FINOLEX END CAP 40 MM 10 KG  ','Plumbing',NULL,NULL,8.3,18,1.49,20,NULL,11.75,100,5),(60,'123','FINOLEX END CAP 50 MM 10 KG  ','Plumbing',NULL,NULL,11.6,18,2.09,20,NULL,16.43,100,5),(61,'123','FINOLEX END CAP 63 MM 10 KG  ','Plumbing',NULL,NULL,22.7,18,4.09,20,NULL,32.14,100,5),(62,'123','FINOLEX END CAP 75 MM 6 KG  ','Plumbing',NULL,NULL,30,18,5.4,20,NULL,42.48,100,5),(63,'123','FINOLEX END CAP 90 MM 6 KG  ','Plumbing',NULL,NULL,45,18,8.1,20,NULL,63.72,100,5),(64,'123','FINOLEX END CAP 110 MM 6 KG  ','Plumbing',NULL,NULL,72.3,18,13.01,20,NULL,102.38,100,5),(65,'123','FINOLEX SINGLE Y 63 MM','Plumbing',NULL,NULL,52.3,18,9.41,20,NULL,74.06,100,5),(66,'123','FINOLEX SINGLE Y 75 MM','Plumbing',NULL,NULL,72.5,18,13.05,20,NULL,102.66,100,5),(67,'123','FINOLEX SINGLE Y 90 MM','Plumbing',NULL,NULL,121.8,18,21.92,20,NULL,172.47,100,5),(68,'123','FINOLEX SINGLE Y 110 MM','Plumbing',NULL,NULL,135.1,18,24.32,20,NULL,191.3,100,5),(69,'123','FINOLEX 45X25 MM ','Plumbing',NULL,NULL,6.4,18,1.15,20,NULL,9.06,100,5),(70,'123','FINOLEX 45X32 MM 10 KG','Plumbing',NULL,NULL,11.3,18,2.03,20,NULL,16,100,5),(71,'123','FINOLEX 45X40 MM ','Plumbing',NULL,NULL,9.2,18,1.66,20,NULL,13.03,100,5),(72,'123','FINOLEX 45X50 MM ','Plumbing',NULL,NULL,14,18,2.52,20,NULL,19.82,100,5),(73,'123','FINOLEX 45X63 MM ','Plumbing',NULL,NULL,26.5,18,4.77,20,NULL,37.52,100,5),(74,'123','FINOLEX 45X75 MM ','Plumbing',NULL,NULL,31.9,18,5.74,20,NULL,45.17,100,5),(75,'123','FINOLEX 45X90 MM ','Plumbing',NULL,NULL,55.2,18,9.94,20,NULL,78.16,100,5),(76,'123','FINOLEX P TRAP 110 MM ','Plumbing',NULL,NULL,196.9,18,35.44,20,NULL,278.81,100,5),(77,'123','FINOLEX M.F. TRAP 110X75 MM W/O JALI','Plumbing',NULL,NULL,87.9,18,15.82,20,NULL,124.47,100,5),(78,'123','FINOLEX NAHANI TRAP 110X75','Plumbing',NULL,NULL,71.8,18,12.92,20,NULL,101.67,100,5),(79,'123','FINOLEX PVC BRASS ELBOW 3/4X1/2','Plumbing',NULL,NULL,75,18,13.5,20,NULL,106.2,100,5),(80,'123','FINOLEX PVC BRASS FTA 3/4X1/2','Plumbing',NULL,NULL,71.7,18,12.91,20,NULL,101.53,100,5),(81,'123','FINOLEX PVC BRASS TEE 3/4X 1/2','Plumbing',NULL,NULL,78.2,18,14.08,20,NULL,110.73,100,5),(82,'123','CLAMPS SS 1/2 ','Plumbing',NULL,NULL,0.6,18,0.11,20,NULL,0.85,98,5),(83,'123','CLAMPS SS 3/4 INCH','Plumbing',NULL,NULL,0.7,18,0.13,20,NULL,0.99,100,5),(84,'123','CLAMPS SS 1 INCH ','Plumbing',NULL,NULL,0.8,18,0.14,20,NULL,1.13,100,5),(85,'123','CLAMPS SS 1 1/4 INCH ','Plumbing',NULL,NULL,1,18,0.18,20,NULL,1.42,100,5),(86,'123','CLAMPS SS  1 1/2 ','Plumbing',NULL,NULL,1.1,18,0.2,20,NULL,1.56,100,5),(87,'123','CLAMPS SS 2 INCH ','Plumbing',NULL,NULL,1.5,18,0.27,20,NULL,2.12,100,5),(88,'123','CLAMPS SS 2 1/2 INCH','Plumbing',NULL,NULL,2.3,18,0.41,20,NULL,3.26,100,5),(89,'123','CLAMPS SS 3 INCH','Plumbing',NULL,NULL,2.75,18,0.5,20,NULL,3.89,100,5),(90,'123','CLAMP SS 4 INCH','Plumbing',NULL,NULL,3,18,0.54,20,NULL,4.25,100,5),(91,'123','HOSE COLLAR 1/2 BLUE ','Plumbing',NULL,NULL,3.5,18,0.63,20,NULL,4.96,99,5),(92,'123','HOSE COLLAR 3/4 BLUE ','Plumbing',NULL,NULL,4.5,18,0.81,20,NULL,6.37,100,5),(93,'123','HOSE COLLAR 1 BLUE ','Plumbing',NULL,NULL,5.8,18,1.04,20,NULL,8.21,100,5),(94,'123','HOSE COLLAR 11/4 BLUE ','Plumbing',NULL,NULL,11,18,1.98,20,NULL,15.58,100,5),(95,'123','HOSE COLLAR 11/2 BLUE ','Plumbing',NULL,NULL,13.5,18,2.43,20,NULL,19.12,100,5),(96,'123','C.L HOSE COLLER LONG 1/2 INCH ','Plumbing',NULL,NULL,11,18,1.98,20,NULL,15.58,100,5),(97,'123','C.L HOSE COLLER LONG 3/4 INCH ','Plumbing',NULL,NULL,13.25,18,2.38,20,NULL,18.76,100,5),(98,'123','C.L HOSE COLLER LONG 1 INCH ','Plumbing',NULL,NULL,14.5,18,2.61,20,NULL,20.53,100,5),(99,'123','C.L HOSE COLLER LONG 1 1/4 INCH ','Plumbing',NULL,NULL,25,18,4.5,20,NULL,35.4,100,5),(100,'123','C.L HOSE COLLER LONG 1 1/2 INCH ','Plumbing',NULL,NULL,32,18,5.76,20,NULL,45.31,100,5),(101,'123','HOSE COLLAR 3/4 INCH SS GREEN ','Plumbing',NULL,NULL,48,18,8.64,20,NULL,67.97,100,5),(102,'123','HOSE COLLAR 1 INCH SS GREEN ','Plumbing',NULL,NULL,45,18,8.1,20,NULL,63.72,100,5),(103,'123','HOSE CONNECTOR 1/2 ','Plumbing',NULL,NULL,2,18,0.36,20,NULL,2.83,100,5),(104,'123','HOSE CONNECTOR 3/4 ','Plumbing',NULL,NULL,3,18,0.54,20,NULL,4.25,100,5),(105,'123','HOSE CONNECTOR 1 ','Plumbing',NULL,NULL,5.75,18,1.03,20,NULL,8.14,100,5),(106,'123','HOSE CONNECTOR 1 1/4 ','Plumbing',NULL,NULL,9,18,1.62,20,NULL,12.74,100,5),(107,'123','HOSE CONNECTOR 1 1/2 ','Plumbing',NULL,NULL,11,18,1.98,20,NULL,15.58,100,5),(108,'123','SIFON PEDESTAL WHITE ','Plumbing',NULL,NULL,520,18,93.6,20,NULL,736.32,100,5),(109,'123','SIFON P TRAP ','Plumbing',NULL,NULL,85,18,15.3,20,NULL,120.36,100,5),(110,'123','SIFON ORISSA PAN BLUE','Plumbing',NULL,NULL,580,18,104.4,20,NULL,821.28,100,5),(111,'123','SIFFON ORISA PAN PINK ','Plumbing',NULL,NULL,580,18,104.4,20,NULL,821.28,100,5),(112,'123','SIFON ORISA PAN IVORY ','Plumbing',NULL,NULL,580,18,104.4,20,NULL,821.28,100,5),(113,'123','SIFON WB 18 INCH SHARP WHITE ','Plumbing',NULL,NULL,360,18,64.8,20,NULL,509.76,100,5),(114,'123','SIFON WB 18 INCH SHARP PINK ','Plumbing',NULL,NULL,480,18,86.4,20,NULL,679.68,100,5),(115,'123','SIFON WB 18 INCH SHARP  BLUE ','Plumbing',NULL,NULL,480,18,86.4,20,NULL,679.68,100,5),(116,'123','SIFON WB 18 INCH SHARP IVORY ','Plumbing',NULL,NULL,480,18,86.4,20,NULL,679.68,100,5),(117,'123','WHITE BALL VALUE ABShand pushti 20 mm P','Plumbing',NULL,NULL,43,18,7.74,20,NULL,60.89,100,5),(118,'123','WHITE BALL VALUE ABShand pushti 25 mm P','Plumbing',NULL,NULL,50,18,9,20,NULL,70.8,99,5),(119,'123','WHITE BALL VALUE ABShand pushti 32 mm P','Plumbing',NULL,NULL,64,18,11.52,20,NULL,90.62,100,5),(120,'123','WHITE BALL VALUE ABShand pushti 40 mm P','Plumbing',NULL,NULL,98,18,17.64,20,NULL,138.77,100,5),(121,'123','WHITE BALL VALUE ABShand pushti 50 mm P','Plumbing',NULL,NULL,137,18,24.66,20,NULL,193.99,100,5),(122,'123','WHITE BALL VALUE ABShand pushti 63 mm P','Plumbing',NULL,NULL,210,18,37.8,20,NULL,297.36,100,5),(123,'123','SAINO VALVE 20MM P ','Plumbing',NULL,NULL,24.25,18,4.36,20,NULL,34.34,100,5),(124,'123','SAINO VALVE 20 MM TH:','Plumbing',NULL,NULL,24.25,18,4.36,20,NULL,34.34,100,5),(125,'123','SAINO VALVE 25MM P ','Plumbing',NULL,NULL,34.5,18,6.21,20,NULL,48.85,99,5),(126,'123','SAINO VALVE 25 MM TH:','Plumbing',NULL,NULL,34.5,18,6.21,20,NULL,48.85,100,5),(127,'123','SAINO VALVE 32MM P ','Plumbing',NULL,NULL,49,18,8.82,20,NULL,69.38,100,5),(128,'123','SAINO VALVE 32 MM TH:','Plumbing',NULL,NULL,49,18,8.82,20,NULL,69.38,100,5),(129,'123','SAINO VALVE 40 MM P ','Plumbing',NULL,NULL,59,18,10.62,20,NULL,83.54,100,5),(130,'123','SAINO VALVE 50 MM P ','Plumbing',NULL,NULL,80,18,14.4,20,NULL,113.28,100,5),(131,'123','SAINO VALVE 63 MM P ','Plumbing',NULL,NULL,143,18,25.74,20,NULL,202.49,100,5),(132,'123','FINOLEX ISI PIPE 25 MM 10 KG 5 MTR LENGTH','Plumbing',NULL,NULL,26.7,18,4.81,20,NULL,37.81,100,5),(133,'123','FINOLEX ISI PIPE 25 MM 15 KG 6 MTR LENGTH','Plumbing',NULL,NULL,50.5,18,9.09,20,NULL,71.51,100,5),(134,'123','FINOLEX ISI PIPE 32 MM 8 KG 5 MTR LENGTH','Plumbing',NULL,NULL,37.2,18,6.7,20,NULL,52.68,100,5),(135,'123','FINOLEX ISI PIPE 32 MM 10 KG 5 MTR LENGTH','Plumbing',NULL,NULL,42.6,18,7.67,20,NULL,60.32,100,5),(136,'123','FINOLEX ISI PIPE 40 MM 6 KG 5 MTR LENGTH','Plumbing',NULL,NULL,43.1,18,7.76,20,NULL,61.03,100,5),(137,'123','FINOLEX ISI PIPE 40 MM 10 KG 6 MTR LENGTH','Plumbing',NULL,NULL,63.4,18,11.41,20,NULL,89.77,100,5),(138,'123','FINOLEX ISI PIPE 50 MM 6 KG 5 MTR LENGTH','Plumbing',NULL,NULL,64.9,18,11.68,20,NULL,91.9,100,5),(139,'123','FINOLEX ISI PIPE 50 MM 10 KG 6 MTR LENGTH','Plumbing',NULL,NULL,102.5,18,18.45,20,NULL,145.14,100,5),(140,'123','FINOLEX ISI PIPE 63 MM 4 KG 5 MTR LENGTH','Plumbing',NULL,NULL,71.5,18,12.87,20,NULL,101.24,100,5),(141,'123','FINOLEX ISI PIPE 63 MM 6 KG 6 MTR LENGTH','Plumbing',NULL,NULL,102.8,18,18.5,20,NULL,145.56,100,5),(142,'123','FINOLEX ISI PIPE 75 MM 4 KG 5 MTR LENGTH','Plumbing',NULL,NULL,101.4,18,18.25,20,NULL,143.58,100,5),(143,'123','FINOLEX ISI PIPE 75 MM 6 KG 6 MTR LENGTH','Plumbing',NULL,NULL,143.3,18,25.79,20,NULL,202.91,100,5),(144,'123','FINOLEX ISI PIPE 90 MM 4 KG 5 MTR LENGTH','Plumbing',NULL,NULL,141.7,18,25.51,20,NULL,200.65,100,5),(145,'123','FINOLEX ISI PIPE 110 MM 2.5 KG 6 MTR LENGTH','Plumbing',NULL,NULL,135.1,18,24.32,20,NULL,191.3,100,5),(146,'123','FINOLEX ISI PIPE 110 MM 4 KG 5 MTR LENGTH','Plumbing',NULL,NULL,206.2,18,37.12,20,NULL,291.98,100,5),(147,'123','STAR WHITE PIPE 3/4\" 25 MM 10 KG 5 MTR LENGTH ','Plumbing',NULL,NULL,15.85,18,5.82,20,0,45.81,100,5),(148,'123','STAR WHITE PIPE 1\" 32 MM 10 KG 5 MTR LENGTH ','Plumbing',NULL,NULL,24.04,18,8.83,20,0,69.47,100,5),(149,'123','STAR WHITE PIPE 1 1/4\" 40 MM 6 KG 5 MTR LENGTH ','Plumbing',NULL,NULL,27.36,18,10.05,20,0,79.07,100,5),(150,'123','STAR WHITE PIPE 1 1/2\" 50 MM 6 KG 5 MTR LENGTH ','Plumbing',NULL,NULL,38.59,18,14.18,20,0,111.51,100,5),(151,'123','STAR WHITE PIPE 2\" 63 MM 4 KG 5 MTR LENGTH ','Plumbing',NULL,NULL,44.22,18,16.25,20,0,127.81,100,5),(152,'123','FINOLEX isi CPVC PIPE 3/4\" sdr13.5 3 mtr Length','Plumbing',NULL,NULL,83.3,18,14.99,20,NULL,117.95,100,5),(153,'123','FINOLEX isi CPVC PIPE 3/4\" sdr 11 3 mtr length','Plumbing',NULL,NULL,91,18,16.38,20,NULL,128.86,100,5),(154,'123','STAR ISI HEAVY WHITE ELBOW 20 ','Plumbing',NULL,NULL,6.85,18,1.23,20,NULL,9.7,100,5),(155,'123','STAR ISI HEAVY WHITE ELBOW 25 ','Plumbing',NULL,NULL,8.9,18,1.6,20,NULL,12.6,100,5),(156,'123','STAR ISI HEAVY WHITE ELBOW 32 ','Plumbing',NULL,NULL,13.9,18,2.5,20,NULL,19.68,100,5),(157,'123','STAR ISI HEAVY WHITE ELBOW 40 ','Plumbing',NULL,NULL,23.3,18,4.19,20,NULL,32.99,100,5),(158,'123','STAR ISI HEAVY WHITE ELBOW 50-25 ','Plumbing',NULL,NULL,36.45,18,6.56,20,NULL,51.61,100,5),(159,'123','STAR ISI HEAVY WHITE ELBOW 63 ','Plumbing',NULL,NULL,57.65,18,10.38,20,NULL,81.63,100,5),(160,'123','STAR ISI HEAVY WHITE TEE 25','Plumbing',NULL,NULL,12.6,18,2.27,20,NULL,17.84,100,5),(161,'123','STAR ISI HEAVY WHITE TEE 32','Plumbing',NULL,NULL,19.5,18,3.51,20,NULL,27.61,100,5),(162,'123','STAR ISI HEAVY WHITE TEE 40','Plumbing',NULL,NULL,29.15,18,5.25,20,NULL,41.28,100,5),(163,'123','STAR ISI HEAVY WHITE TEE 50','Plumbing',NULL,NULL,47.4,18,8.53,20,NULL,67.12,100,5),(164,'123','STAR ISI HEAVY WHITE TEE 63','Plumbing',NULL,NULL,88.55,18,15.94,20,NULL,125.39,100,5),(165,'123','STAR WHITE DOOR ELBOW 40','Plumbing',NULL,NULL,13.09,18,4.81,20,0,37.81,100,5),(166,'123','STAR WHITE DOOR ELBOW 50','Plumbing',NULL,NULL,17.99,18,6.61,20,0,51.97,100,5),(167,'123','STAR WHITE DOOR ELBOW 63','Plumbing',NULL,NULL,26.14,18,9.6,20,0,75.54,100,5),(168,'123','STAR WHITE DOOR ELBOW 75','Plumbing',NULL,NULL,41.97,18,15.42,20,0,121.28,100,5),(169,'123','STAR WHITE DOOR ELBOW 90','Plumbing',NULL,NULL,56.4,18,20.72,20,0,162.98,100,5),(170,'123','STAR WHITE DOOR ELBOW 110','Plumbing',NULL,NULL,64.6,18,23.73,20,0,186.7,100,5),(171,'123','STAR WHITE DOOR TEE 40','Plumbing',NULL,NULL,18.87,18,6.93,20,0,54.52,100,5),(172,'123','STAR WHITE DOOR TEE 50-28','Plumbing',NULL,NULL,27.44,18,10.08,20,0,79.3,100,5),(173,'123','STAR WHITE DOOR TEE 63','Plumbing',NULL,NULL,37.73,18,13.86,20,0,109.03,100,5),(174,'123','STAR WHITE DOOR TEE 75','Plumbing',NULL,NULL,41.87,18,15.38,20,0,121,100,5),(175,'123','STAR WHITE DOOR TEE 90','Plumbing',NULL,NULL,56.35,18,20.7,20,0,162.84,100,5),(176,'123','STAR WHITE DOOR TEE 110','Plumbing',NULL,NULL,92.17,18,33.86,20,0,266.35,100,5),(177,'123','STAR WHITE SINGLE Y 50','Plumbing',NULL,NULL,25.36,18,9.32,20,0,73.28,100,5),(178,'123','STAR WHITE SINGLE Y 63','Plumbing',NULL,NULL,43.66,18,16.04,20,0,126.17,100,5),(179,'123','STAR WHITE SINGLE Y 75','Plumbing',NULL,NULL,51.5,18,18.92,20,0,148.82,100,5),(180,'123','STAR WHITE SINGLE Y 90','Plumbing',NULL,NULL,73.75,18,27.09,20,0,213.11,100,5),(181,'123','STAR WHITE SINGLE Y 110','Plumbing',NULL,NULL,105.52,18,38.76,20,0,304.94,100,5),(182,'123','STAR WHITE DOUBLE Y 110','Plumbing',NULL,NULL,137.57,18,50.54,20,0,397.54,100,5),(183,'123','STAR WHITE SINGLE Y WITH DOOR 110','Plumbing',NULL,NULL,164.47,18,60.42,20,0,475.28,100,5),(184,'123','STAR WHITE BEND 45X20','Plumbing',NULL,NULL,2.45,18,0.9,20,0,7.08,100,5),(185,'123','STAR WHITE BEND 45X25','Plumbing',NULL,NULL,5.85,18,2.15,20,0,16.92,100,5),(186,'123','STAR WHITE BEND 45X32','Plumbing',NULL,NULL,8.9,18,3.27,20,0,25.7,100,5),(187,'123','STAR WHITE BEND 45X40','Plumbing',NULL,NULL,11.08,18,4.07,20,0,32,100,5),(188,'123','STAR WHITE BEND 45X50','Plumbing',NULL,NULL,12.86,18,4.72,20,0,37.17,100,5),(189,'123','STAR WHITE BEND 45X63 SOCKET','Plumbing',NULL,NULL,24.5,18,9,20,0,70.8,100,5),(190,'123','STAR WHITE BEND 45X75 SOCKET','Plumbing',NULL,NULL,35.77,18,13.14,20,0,103.37,100,5),(191,'123','STAR WHITE BEND 45X90 SOCKET','Plumbing',NULL,NULL,45.03,18,16.54,20,0,130.13,100,5),(192,'123','STAR WHITE BEND 45X110 SOCKET','Plumbing',NULL,NULL,58.61,18,21.53,20,0,169.35,100,5),(193,'123','STAR WHITE VENT COWEL 40 HEAVY ','Plumbing',NULL,NULL,5.49,18,2.02,20,0,15.86,100,5),(194,'123','STAR WHITE VENT COWEL 50 HEAVY ','Plumbing',NULL,NULL,7.3,18,2.68,20,0,21.1,100,5),(195,'123','STAR WHITE VENT COWEL 75 HEAVY ','Plumbing',NULL,NULL,13.82,18,5.08,20,0,39.93,100,5),(196,'123','STAR WHITE VENT COWEL 90 HEAVY ','Plumbing',NULL,NULL,16.69,18,6.13,20,0,48.21,100,5),(197,'123','STAR WHITE VENT COWEL 110 HEAVY ','Plumbing',NULL,NULL,21.17,18,7.78,20,0,61.17,100,5),(198,'123','STAR WHITE REDUCER 25X20','Plumbing',NULL,NULL,2.37,18,0.87,20,0,6.87,100,5),(199,'123','STAR WHITE REDUCER 32X25','Plumbing',NULL,NULL,3.67,18,1.35,20,0,10.62,100,5),(200,'123','STAR WHITE REDUCER 40X25','Plumbing',NULL,NULL,7.49,18,2.75,20,0,21.66,100,5),(201,'123','STAR WHITE REDUCER 40X32','Plumbing',NULL,NULL,7.08,18,2.6,20,0,20.46,100,5),(202,'123','STAR WHITE REDUCER 50X32','Plumbing',NULL,NULL,9.41,18,3.46,20,0,27.19,100,5),(203,'123','STAR WHITE REDUCER 50X40','Plumbing',NULL,NULL,8.9,18,3.27,20,0,25.7,100,5),(204,'123','STAR WHITE REDUCER 63X32','Plumbing',NULL,NULL,15.11,18,5.55,20,0,43.68,100,5),(205,'123','STAR WHITE REDUCER 63X40','Plumbing',NULL,NULL,17.07,18,6.27,20,0,49.35,100,5),(206,'123','STAR WHITE REDUCER 63X50','Plumbing',NULL,NULL,18.35,18,6.74,20,0,53.03,100,5),(207,'123','STAR WHITE REDUCER 75X50','Plumbing',NULL,NULL,17.59,18,6.46,20,0,50.83,100,5),(208,'123','STAR WHITE REDUCER 75X63','Plumbing',NULL,NULL,19.3,18,7.09,20,0,55.79,100,5),(209,'123','STAR WHITE REDUCER 90X50','Plumbing',NULL,NULL,34.13,18,12.54,20,0,98.62,100,5),(210,'123','STAR WHITE REDUCER 90X63','Plumbing',NULL,NULL,31.04,18,11.4,20,0,89.7,100,5),(211,'123','STAR WHITE REDUCER 90X75','Plumbing',NULL,NULL,29.65,18,10.89,20,0,85.67,100,5),(212,'123','STAR WHITE REDUCER 110X50','Plumbing',NULL,NULL,37.24,18,13.68,20,0,107.62,100,5),(213,'123','STAR WHITE REDUCER 110X63','Plumbing',NULL,NULL,37.24,18,13.68,20,0,107.62,100,5),(214,'123','STAR WHITE REDUCER 110X75','Plumbing',NULL,NULL,37.24,18,13.68,20,0,107.62,100,5),(215,'123','STAR WHITE REDUCER 110X90','Plumbing',NULL,NULL,43.44,18,15.96,20,0,125.53,100,5),(216,'123','STAR BRASS WHITE ELBOW PVC 3/4X1/2 HEAVY','Plumbing',NULL,NULL,55.2,18,9.94,20,NULL,78.16,100,5),(217,'123','STAR BRASS WHITE FTA PVC 3/4X1/2 HEAVY','Plumbing',NULL,NULL,56.25,18,10.12,20,NULL,79.65,100,5),(218,'123','STAR BRASS WHITE TEE PVC 3/4X1/2 HEAVY','Plumbing',NULL,NULL,64.15,18,11.55,20,NULL,90.84,100,5),(219,'123','STAR BRASS P-TRAP 110','Plumbing',NULL,NULL,276.5,18,49.77,20,NULL,391.52,100,5),(220,'123','STAR BRASS M.F TRAP 110X63X4\" W/O JALY','Plumbing',NULL,NULL,180.1,18,32.42,20,NULL,255.02,100,5),(221,'123','STAR WHITE M.F. TRAP 110X63X3\" W/O JALY','Plumbing',NULL,NULL,68.35,18,25.11,20,0,197.53,100,5),(222,'123','FINOLEX ELBOW 25MM 10 KG','Plumbing',NULL,NULL,6.4,18,1.15,20,NULL,9.06,100,5),(223,'123','FINOLEX ELBOW 32MM 10 KG','Plumbing',NULL,NULL,9.1,18,1.64,20,NULL,12.89,100,5),(224,'123','FINOLEX ELBOW40MM 10 KG','Plumbing',NULL,NULL,14.5,18,2.61,20,NULL,20.53,100,5),(225,'123','FINOLEX ELBOW 50MM 10 KG','Plumbing',NULL,NULL,26.1,18,4.7,20,NULL,36.96,100,5),(226,'123','FINOLEX ELBOW 63MM 6 KG','Plumbing',NULL,NULL,35.5,18,6.39,20,NULL,50.27,100,5),(227,'123','FINOLEX ELBOW 75 MM  4 KG DBL SOCKET','Plumbing',NULL,NULL,42.9,18,7.72,20,NULL,60.75,100,5),(228,'123','FINOLEX ELBOW 90 MM 4 KG DBL SOCKET ','Plumbing',NULL,NULL,56,18,10.08,20,NULL,79.3,100,5),(229,'123','FINOLEX ELBOW 110 MM 4 KG DBL SOCKET','Plumbing',NULL,NULL,81.7,18,14.71,20,NULL,115.69,100,5),(230,'123','FINOLEX TEE 25MM 10 KG ','Plumbing',NULL,NULL,8.5,18,1.53,20,NULL,12.04,100,5),(231,'123','FINOLEX TEE 32 MM 10 KG ','Plumbing',NULL,NULL,11.6,18,2.09,20,NULL,16.43,100,5),(232,'123','FINOLEX TEE 40 MM 10 KG ','Plumbing',NULL,NULL,18.5,18,3.33,20,NULL,26.2,100,5),(233,'123','FINOLEX TEE 50 MM 10 KG ','Plumbing',NULL,NULL,33.8,18,6.08,20,NULL,47.86,100,5),(234,'123','FINOLEX TEE 63 MM 6 KG ','Plumbing',NULL,NULL,40.9,18,7.36,20,NULL,57.91,100,5),(235,'123','FINOLEX TEE 75MM DBL SOCKET','Plumbing',NULL,NULL,50.4,18,9.07,20,NULL,71.37,100,5),(236,'123','FINOLEX TEE 90 MM 6 KG ','Plumbing',NULL,NULL,98.6,18,17.75,20,NULL,139.62,100,5),(237,'123','FINOLEX TEE 110 MM DBL SOCKET','Plumbing',NULL,NULL,106.8,18,19.22,20,NULL,151.23,100,5),(238,'123','FINOLEX DR. TEE 63 MM','Plumbing',NULL,NULL,73.3,18,13.19,20,NULL,103.79,100,5),(239,'123','FINOLEX DR. TEE 75 MM','Plumbing',NULL,NULL,70.3,18,12.65,20,NULL,99.54,100,5),(240,'123','FINOLEX DR. TEE 90 MM','Plumbing',NULL,NULL,118.8,18,21.38,20,NULL,168.22,100,5),(241,'123','FINOLEX DR. TEE 110 MM','Plumbing',NULL,NULL,140.5,18,25.29,20,NULL,198.95,100,5),(242,'123','FINOLEX DR. BEND(ELBOW) 63MM','Plumbing',NULL,NULL,57.4,18,10.33,20,NULL,81.28,100,5),(243,'123','FINOLEX DR. BEND(ELBOW) 75MM','Plumbing',NULL,NULL,62.6,18,11.27,20,NULL,88.64,100,5),(244,'123','FINOLEX DR. BEND(ELBOW) 90 MM','Plumbing',NULL,NULL,94.8,18,17.06,20,NULL,134.24,100,5),(245,'123','FINOLEX DR. BEND(ELBOW) 11O MM','Plumbing',NULL,NULL,105.1,18,18.92,20,NULL,148.82,100,5),(246,'123','STAR WHITE ELBOW 25 LW','Plumbing',NULL,NULL,3.97,18,1.46,20,0,11.47,100,5),(247,'123','STAR WHITE ELBOW 32 LW','Plumbing',NULL,NULL,6.47,18,2.38,20,0,18.69,100,5),(248,'123','STAR WHITE ELBOW 40 LW','Plumbing',NULL,NULL,11.76,18,4.32,20,0,33.98,100,5),(249,'123','STAR WHITE ELBOW 50 LW','Plumbing',NULL,NULL,12.3,18,4.52,20,0,35.54,100,5),(250,'123','STAR WHITE ELBOW 63  SOCKET','Plumbing',NULL,NULL,21.02,18,7.72,20,0,60.75,100,5),(251,'123','STAR WHITE ELBOW 75  SOCKET','Plumbing',NULL,NULL,25.73,18,9.45,20,0,74.34,100,5),(252,'123','STAR WHITE ELBOW 90  SOCKET','Plumbing',NULL,NULL,39.03,18,14.34,20,0,112.78,100,5),(253,'123','STAR WHITE ELBOW 110  SOCKET','Plumbing',NULL,NULL,56.59,18,20.79,20,0,163.55,100,5),(254,'123','STAR WHITE TEE 25 LW','Plumbing',NULL,NULL,4.65,18,1.71,20,0,13.45,100,5),(255,'123','STAR WHITE TEE 32 LW','Plumbing',NULL,NULL,7.35,18,2.7,20,0,21.24,100,5),(256,'123','STAR WHITE TEE 40 LW','Plumbing',NULL,NULL,12.49,18,4.59,20,0,36.11,100,5),(257,'123','STAR WHITE TEE 50 LW','Plumbing',NULL,NULL,19.5,18,7.16,20,0,56.36,100,5),(258,'123','STAR WHITE TEE 63 LW','Plumbing',NULL,NULL,27.49,18,10.1,20,0,79.44,100,5),(259,'123','STAR WHITE TEE 75 SOCKET','Plumbing',NULL,NULL,36.21,18,13.3,20,0,104.64,100,5),(260,'123','STAR WHITE TEE 90 SOCKET','Plumbing',NULL,NULL,50.69,18,18.62,20,0,146.49,100,5),(261,'123','STAR WHITE TEE 110 SOCKET','Plumbing',NULL,NULL,73.99,18,27.18,20,0,213.82,100,5),(262,'123','STAR WHITE MTA 25','Plumbing',NULL,NULL,2.89,18,1.06,20,0,8.35,100,5),(263,'123','STAR WHITE MTA 32','Plumbing',NULL,NULL,3.89,18,1.43,20,0,11.26,100,5),(264,'123','STAR WHITE MTA 40','Plumbing',NULL,NULL,6.23,18,2.29,20,0,17.98,100,5),(265,'123','STAR WHITE MTA 50','Plumbing',NULL,NULL,9.34,18,3.43,20,0,26.97,100,5),(266,'123','STAR WHITE MTA 63','Plumbing',NULL,NULL,15.54,18,5.71,20,0,44.89,100,5),(267,'123','STAR WHITE FTA 25','Plumbing',NULL,NULL,3.33,18,1.22,20,0,9.63,100,5),(268,'123','STAR WHITE FTA 32','Plumbing',NULL,NULL,4.24,18,1.56,20,0,12.25,100,5),(269,'123','STAR WHITE FTA 40','Plumbing',NULL,NULL,8.01,18,2.94,20,0,23.15,100,5),(270,'123','STAR WHITE FTA 50','Plumbing',NULL,NULL,11.9,18,4.37,20,0,34.41,100,5),(271,'123','STAR WHITE FTA 63','Plumbing',NULL,NULL,21.44,18,7.88,20,0,61.95,100,5),(272,'123','STAR WHITE COUPLER 25','Plumbing',NULL,NULL,2.57,18,0.94,20,0,7.43,100,5),(273,'123','STAR WHITE COUPLER 32','Plumbing',NULL,NULL,3.87,18,1.42,20,0,11.19,100,5),(274,'123','STAR WHITE COUPLER 40','Plumbing',NULL,NULL,5.63,18,2.07,20,0,16.28,100,5),(275,'123','STAR WHITE COUPLER 50','Plumbing',NULL,NULL,8.58,18,3.15,20,0,24.78,100,5),(276,'123','STAR WHITE COUPLER 63','Plumbing',NULL,NULL,13.84,18,5.08,20,0,40,100,5),(277,'123','STAR WHITE COUPLER 75','Plumbing',NULL,NULL,21.68,18,7.96,20,0,62.66,100,5),(278,'123','STAR WHITE COUPLER 90','Plumbing',NULL,NULL,32.8,18,12.05,20,0,94.8,100,5),(279,'123','STAR WHITE COUPLER 110','Plumbing',NULL,NULL,49.95,18,18.35,20,0,144.36,100,5),(280,'123','STAR WHITE END CAP 25','Plumbing',NULL,NULL,1.66,18,0.61,20,0,4.81,100,5),(281,'123','STAR WHITE END CUP25','Plumbing',NULL,NULL,1.96,18,0.72,20,0,5.66,100,5),(282,'123','STAR WHITE END CUP32','Plumbing',NULL,NULL,2.84,18,1.04,20,0,8.21,100,5),(283,'123','STAR WHITE END CUP40','Plumbing',NULL,NULL,5.88,18,2.16,20,0,16.99,100,5),(284,'123','STAR WHITE END CUP50','Plumbing',NULL,NULL,6.37,18,2.34,20,0,18.41,100,5),(285,'123','STAR WHITE END CUP63','Plumbing',NULL,NULL,11.51,18,4.23,20,0,33.28,100,5),(286,'123','STAR WHITE END CUP75','Plumbing',NULL,NULL,16.56,18,6.08,20,0,47.86,100,5),(287,'123','STAR WHITE END CUP90','Plumbing',NULL,NULL,22.42,18,8.24,20,0,64.78,100,5),(288,'123','STAR WHITE END CAP 110 L W','Plumbing',NULL,NULL,20.26,18,7.44,20,0,58.55,100,5),(289,'123','STAR WHITE TH: ENDCAP 20','Plumbing',NULL,NULL,2.01,18,0.74,20,0,5.81,100,5),(290,'123','FINOLEX REDUCER 32X25MM 10 KG ','Plumbing',NULL,NULL,6.2,18,1.12,20,NULL,8.78,100,5),(291,'123','FINOLEX REDUCER 40X32MM 10 KG ','Plumbing',NULL,NULL,9.7,18,1.75,20,NULL,13.74,100,5),(292,'123','FINOLEX REDUCER 50X40MM 10 KG ','Plumbing',NULL,NULL,17.8,18,3.2,20,NULL,25.2,100,5),(293,'123','FINOLEX REDUCER 63X40MM 6 KG ','Plumbing',NULL,NULL,16.4,18,2.95,20,NULL,23.22,100,5),(294,'123','FINOLEX REDUCER 75X63MM 6 KG ','Plumbing',NULL,NULL,28.1,18,5.06,20,NULL,39.79,100,5),(295,'123','FINOLEX REDUCER 90X63MM 6 KG ','Plumbing',NULL,NULL,37.6,18,6.77,20,NULL,53.24,100,5),(296,'123','FINOLEX REDUCER 110X63MM 6 KG ','Plumbing',NULL,NULL,54.8,18,9.86,20,NULL,77.6,100,5),(297,'123','FINOLEX R.BUSH 32X25 MM 10 KG','Plumbing',NULL,NULL,22.7,18,4.09,20,NULL,32.14,100,5),(298,'123','FINOLEX R.BUSH 40X32 MM 10 KG','Plumbing',NULL,NULL,3.8,18,0.68,20,NULL,5.38,100,5),(299,'123','FINOLEX R.BUSH 50X40 MM 10 KG','Plumbing',NULL,NULL,4.9,18,0.88,20,NULL,6.94,100,5),(300,'123','FINOLEX R.BUSH 75X63 MM 6 KG','Plumbing',NULL,NULL,9.1,18,1.64,20,NULL,12.89,100,5),(301,'123','FINOLEX R.BUSH 63X50 MM 6 KG','Plumbing',NULL,NULL,22.9,18,4.12,20,NULL,32.43,100,5),(302,'123','FINOLEX R.BUSH 110X63 MM 6 KG','Plumbing',NULL,NULL,17.1,18,3.08,20,NULL,24.21,100,5),(303,'123','SINK COUPLING 3\" PVC FRESHCO','Plumbing',NULL,NULL,45.2,18,8.14,20,NULL,64,100,5),(304,'123','SINK COUPLING 3\" SS IMI &ROYAL','Plumbing',NULL,NULL,50,18,9,20,NULL,70.8,100,5),(305,'123','SINK COUPLING 4\" PVC FRESHCO','Plumbing',NULL,NULL,142,18,25.56,20,NULL,201.07,100,5),(306,'123','BEND 3/4\" 10 KG 25MM','Plumbing',NULL,NULL,58,18,10.44,20,NULL,82.13,100,5),(307,'123','BEND 1\" 10KG 32 MM','Plumbing',NULL,NULL,4.6,18,0.83,20,NULL,6.51,100,5),(308,'123','BEND 1 1/4 6 KG 50MM','Plumbing',NULL,NULL,6.25,18,1.12,20,NULL,8.85,100,5),(309,'123','BEND 1 1/2 6 KG 50 MM','Plumbing',NULL,NULL,8.2,18,1.48,20,NULL,11.61,100,5),(310,'123','BEND 2\" 4 KG 63MM','Plumbing',NULL,NULL,12.2,18,2.2,20,NULL,17.28,100,5),(311,'123','BEND 2 1/2 4 KG 75 MM','Plumbing',NULL,NULL,16,18,2.88,20,NULL,22.66,100,5),(312,'123','BEND 3\" 4 KG 90  MM','Plumbing',NULL,NULL,25.5,18,4.59,20,NULL,36.11,100,5),(313,'123','BEND 4\" 4 KG 110 MM','Plumbing',NULL,NULL,41,18,7.38,20,NULL,58.06,100,5),(314,'123','TH:PIPE SOCKET LONG 1\"','Plumbing',NULL,NULL,63,18,11.34,20,NULL,89.21,100,5),(315,'123','TH:PIPE SOCKET LONG 11/4','Plumbing',NULL,NULL,7.7,18,1.39,20,NULL,10.9,99,5),(316,'123','WHITE TH: PIPE SOCKET LONG 1 1/2','Plumbing',NULL,NULL,15,18,2.7,20,NULL,21.24,100,5),(317,'123','WHITE JET ADAPTER 1X9','Plumbing',NULL,NULL,16,18,2.88,20,NULL,22.66,100,5),(318,'123','JET ADAPTER 1X12','Plumbing',NULL,NULL,17,18,3.06,20,NULL,24.07,100,5),(319,'123','WHTE JET ADAPTER 1 1/4X12','Plumbing',NULL,NULL,18.2,18,3.28,20,NULL,25.77,100,5),(320,'123','JET ADAKPTER 11/4X9','Plumbing',NULL,NULL,28,18,5.04,20,NULL,39.65,100,5),(321,'123','JET ADAPTER  11/2X9','Plumbing',NULL,NULL,19,18,3.42,20,NULL,26.9,100,5),(322,'123','WHTIE JET ADAPTER 1 1/2X12','Plumbing',NULL,NULL,22.6,18,4.07,20,NULL,32,100,5),(323,'123','NAILS 1 1/2\" KING COBRA 38MM -1KG','Plumbing',NULL,NULL,33,18,5.94,20,NULL,46.73,100,5),(324,'123','NAILS 2\" KING COBRA 50MM -1KG','Plumbing',NULL,NULL,97.5,18,17.55,20,NULL,138.06,100,5),(325,'123','NAILS 2 1/2\" KING COBRA 63 -1KG','Plumbing',NULL,NULL,97.5,18,17.55,20,NULL,138.06,100,5),(326,'123','NAILS 3\" KING COBRA 75MM -1KG','Plumbing',NULL,NULL,97.5,18,17.55,20,NULL,138.06,100,5),(327,'123','NAILS 4\" KING COBRA 100MM -1KG','Plumbing',NULL,NULL,97.5,18,17.55,20,NULL,138.06,100,5),(328,'123','HOSE CLIP 1/2\"','Plumbing',NULL,NULL,4.7,18,0.85,20,NULL,6.66,100,5),(329,'123','HOSE CLIP 3/4\"','Plumbing',NULL,NULL,5.7,18,1.03,20,NULL,8.07,100,5),(330,'123','HOSE CLIP 1\"','Plumbing',NULL,NULL,6.3,18,1.13,20,NULL,8.92,100,5),(331,'123','HOSE CLIP 1 1/4\"','Plumbing',NULL,NULL,6.5,18,1.17,20,NULL,9.2,100,5),(332,'123','HOSE CLIP 1 1/2\"','Plumbing',NULL,NULL,6.7,18,1.21,20,NULL,9.49,100,5),(333,'123','FINOLEX ISI PIPE 63 MM 4 KG 5 MTR LENGTH (MTR)','Plumbing',NULL,NULL,71.5,18,12.87,20,NULL,101.24,100,5),(334,'123','FINOLEX ISI PIPE 50 MM 6 KG 5 MTR LENGTH (MTR)','Plumbing',NULL,NULL,64.9,18,11.68,20,NULL,91.9,100,5),(335,'123','FINOLEX ISI PIPE 25 MM 10 KG 5 MTR LENGTH (MTR)','Plumbing',NULL,NULL,26.7,18,4.81,20,NULL,37.81,100,5),(336,'123','FINOLEX ISI PIPE 40 MM 10 KG 6 MTR LENGTH (MTR)','Plumbing',NULL,NULL,63.4,18,11.41,20,NULL,89.77,100,5),(337,'123','FINOLEX ISI PIPE 110 MM 4 KG 5 MTR LENGTH (MTR)','Plumbing',NULL,NULL,206.2,18,37.12,20,NULL,291.98,100,5),(338,'123','FINOLEX ISI PIPE 32 MM 10 KG 5 MTR LENGTH (MTR)','Plumbing',NULL,NULL,42.6,18,7.67,20,NULL,60.32,100,5),(339,'123','OCEAN WHITE PIPE 2 1/2\" 75 MM 4 KG 5 MTR LENGTH (MTR)','Plumbing',NULL,NULL,59.3,18,10.67,20,NULL,83.97,100,5),(340,'123','OCEAN WHITE PIPE 3\" 90 MM 4 KG 5 MTR LENGTH (MTR)','Plumbing',NULL,NULL,79.45,18,14.3,20,NULL,112.5,100,5),(341,'123','OCEAN WHITE PIPE 4\" 110 MM 4 KG 5 MTR LENGTH (MTR)','Plumbing',NULL,NULL,107.25,18,19.3,20,NULL,151.87,100,5),(342,'123','OCEAN WHITE PIPE 1 1/2\" 50 MM 6 KG 5 MTR LENGTH (MTR)','Plumbing',NULL,NULL,37.85,18,6.81,20,NULL,53.6,100,5),(343,'123','OCEAN WHITE PIPE 1\" 32 MM 10 KG 5 MTR LENGTH (MTR)','Plumbing',NULL,NULL,24.1,18,4.34,20,NULL,34.13,100,5),(344,'123','OCEAN WHITE PIPE 3/4\" 25 MM 10 KG 5 MTR LENGTH (MTR)','Plumbing',NULL,NULL,15.6,18,2.81,20,NULL,22.09,100,5),(345,'123','STAR WHITE ELBOW 25 LW','Plumbing',NULL,NULL,3.97,18,1.46,20,0,11.47,100,5),(346,'123','STAR WHITE TEE 25 LW','Plumbing',NULL,NULL,4.65,18,1.71,20,0,13.45,100,5),(347,'123','STAR WHITE MTA 25','Plumbing',NULL,NULL,2.89,18,1.06,20,0,8.35,100,5),(348,'123','STAR BRASS WHITE ELBOW PVC 3/4X1/2 HEAVY','Plumbing',NULL,NULL,55.2,18,9.94,20,NULL,78.16,100,5),(349,'123','STAR WHITE COUPLER 25','Plumbing',NULL,NULL,2.57,18,0.94,20,0,7.43,100,5),(350,'123','FINOLEX BEND 45*63','Plumbing',NULL,NULL,26.5,18,4.77,20,NULL,37.52,100,5),(351,'123','FINOLEX TEE 63 MM 6 KG ','Plumbing',NULL,NULL,40.9,18,7.36,20,NULL,57.91,100,5),(352,'123','STAR WHITE REDUCING BUSH 63X50','Plumbing',NULL,NULL,12.64,18,4.64,20,0,36.53,100,5),(353,'123','STAR WHITE ELBOW 50 LW','Plumbing',NULL,NULL,12.3,18,4.52,20,0,35.54,100,5),(354,'123','STAR WHITE BEND 45*50','Plumbing',NULL,NULL,12.86,18,4.72,20,0,37.17,100,5),(355,'123','STAR WHITE LEE TEE 50 LW','Plumbing',NULL,NULL,19.5,18,7.16,20,0,56.36,100,5),(356,'123','SURYA OPEN STEOP COCK PVC ','Plumbing',NULL,NULL,58,18,10.44,20,NULL,82.13,100,5),(357,'123','WATER TEC SHOWER SET DELUXE WHITE ','Plumbing',NULL,NULL,360,18,64.8,20,NULL,509.76,100,5),(358,'123','STAR WHITE ELBOW 110  SOCKET','Plumbing',NULL,NULL,56.59,18,20.79,20,0,163.55,100,5),(359,'123','STAR WHTIE BEND 45*110 SOCKET','Plumbing',NULL,NULL,119.6,18,21.53,20,NULL,169.35,100,5),(360,'123','FINOLEX BEND 4.4 KG HEAVY ','Plumbing',NULL,NULL,87,18,15.66,20,NULL,123.19,100,5),(361,'123','STAR WHITEL ELBOW 75 SOCKET ','Plumbing',NULL,NULL,52.5,18,9.45,20,NULL,74.34,100,5),(362,'123','STAR WHITE BEND 45*75 SOCKET','Plumbing',NULL,NULL,35.77,18,13.14,20,0,103.37,100,5),(363,'123','STAR WHITE TEE 75 SOCKET','Plumbing',NULL,NULL,36.21,18,13.3,20,0,104.64,100,5),(364,'123','BENAD 2 1/2 4KG 75MM','Plumbing',NULL,NULL,25.5,18,4.59,20,NULL,36.11,100,5),(365,'123','BEND 1\" 10 KG 32MM','Plumbing',NULL,NULL,6.25,18,1.12,20,NULL,8.85,100,5),(366,'123','FINOLEX ELBOW 32 MM 10 KG','Plumbing',NULL,NULL,9.1,18,1.64,20,NULL,12.89,100,5),(367,'123','FINOLEX BEND 45*32 MM KG ','Plumbing',NULL,NULL,11.3,18,2.03,20,NULL,16,100,5),(368,'123','FINOLEX TEE 32 MM 10 KG ','Plumbing',NULL,NULL,11.6,18,2.09,20,NULL,16.43,100,5),(369,'123','STAR WHITE REDUCER 32X25','Plumbing',NULL,NULL,3.67,18,1.35,20,0,10.62,100,5),(370,'123','STAR WHITE REDUCING BUSH 32X25','Plumbing',NULL,NULL,3.48,18,1.28,20,0,10.05,99,5),(371,'123','FINOLEX BEND 1 1/4 \" 10 KG HEAVY','Plumbing',NULL,NULL,20,18,3.6,20,NULL,28.32,100,5),(372,'123','CORSA JAZZ CON STOP COCK JZ 605A','Plumbing',NULL,NULL,1055,18,189.9,5,NULL,1493.88,100,5),(373,'123','CLAMP SS PATTA HEAVY 1/2 \"','Plumbing',NULL,NULL,2.75,18,0.5,20,NULL,3.89,100,5),(374,'123','CLAMP SS PATTA HEAVY 3/4 \"','Plumbing',NULL,NULL,2.8,18,0.5,20,NULL,3.96,100,5),(375,'123','CLAMP SS PATTA HEAVY 1 \"','Plumbing',NULL,NULL,3.2,18,0.58,20,NULL,4.53,100,5),(376,'123','CLAMP SS PATTA HEAVY 1 1/4 \"','Plumbing',NULL,NULL,4.25,18,0.76,20,NULL,6.02,100,5),(377,'123','CLAMP SS PATTA HEAVY 1 1/2 \"','Plumbing',NULL,NULL,4.9,18,0.88,20,NULL,6.94,100,5),(378,'123','CLAMP SS PATTA HEAVY 2 \"','Plumbing',NULL,NULL,5.85,18,1.05,20,NULL,8.28,100,5),(379,'123','CLAMP SS PATTA HEAVY 2 1/2 \"','Plumbing',NULL,NULL,7.7,18,1.39,20,NULL,10.9,100,5),(380,'123','CLAMP SS PATTA HEAVY 3 \"','Plumbing',NULL,NULL,9,18,1.62,20,NULL,12.74,100,5),(381,'123','CLAMP SS PATTA HEAVY 4 \"','Plumbing',NULL,NULL,10.2,18,1.84,20,NULL,14.44,100,5),(382,'123','FINOLEX CPVC ELBOW 3/4 \"','Plumbing',NULL,NULL,13.8,18,2.48,20,NULL,19.54,100,5),(383,'123','FINOLEX CPVC TEE 3/4\"','Plumbing',NULL,NULL,23.3,18,4.19,20,NULL,32.99,100,5),(384,'123','FINOLEX CPVC COUPLER 3/4 \"','Plumbing',NULL,NULL,11.7,18,2.11,20,NULL,16.57,100,5),(385,'123','FINOLEX CPVC MTA 3/4 \"','Plumbing',NULL,NULL,16.9,18,3.04,20,NULL,23.93,100,5),(386,'123','FINOLEX CPVC FTA 3/4\"','Plumbing',NULL,NULL,21.7,18,3.91,20,NULL,30.73,100,5),(387,'123','FINOLEX CPVC END CAP 3/4 \"','Plumbing',NULL,NULL,10.1,18,1.82,20,NULL,14.3,100,5),(388,'123','FINOLEX CPVC BALL VALUE 3/4 \"','Plumbing',NULL,NULL,121,18,21.78,20,NULL,171.34,100,5),(389,'123','FINOLEX CPVC BRASS MTA 3/4 \"','Plumbing',NULL,NULL,155,18,27.9,20,NULL,219.48,100,5),(390,'123','FINOLEX CPVC BRASS MTA 3/4 X1/2\"','Plumbing',NULL,NULL,94.1,18,16.94,20,NULL,133.25,100,5),(391,'123','FINOLEX CPVC BEND 3/4\"X45*','Plumbing',NULL,NULL,20.6,18,3.71,20,NULL,29.17,100,5),(392,'123','FINOLEX CPVC BRASS ELBOW 3/4X1/2','Plumbing',NULL,NULL,53.4,18,9.61,20,NULL,75.61,100,5),(393,'123','FINOLEX CPVC BRASS FTA 3/4X1/2','Plumbing',NULL,NULL,67.6,18,12.17,20,NULL,95.72,100,5),(394,'123','FINOLEX CPVC BRASS TEE 3/4X1/2','Plumbing',NULL,NULL,66.6,18,11.99,20,NULL,94.31,100,5),(395,'123','FINOLEX ASTM TANK CONNECTOR 3/4\"','Plumbing',NULL,NULL,20.5,18,3.69,20,NULL,29.03,100,5),(396,'123','FINOLEX ASTM TANK CONNECTOR 1\"','Plumbing',NULL,NULL,28.3,18,5.09,20,NULL,40.07,100,5),(397,'123','FINOLEX ASTM TANK CONNECTOR 1 1/4\"','Plumbing',NULL,NULL,40.2,18,7.24,20,NULL,56.92,100,5),(398,'123','FINOLEX ASTM TANK CONNECTOR 1 1/2\"','Plumbing',NULL,NULL,45.5,18,8.19,20,NULL,64.43,100,5),(399,'123','FINOLEX ASTM TANK CONNECTOR 2 \"','Plumbing',NULL,NULL,52.9,18,9.52,20,NULL,74.91,100,5),(400,'123','SAINO TAP 1/2 PVC','Plumbing',NULL,NULL,21,18,3.78,20,NULL,29.74,100,5),(401,'123','SAINO TAP 3/4 PVC','Plumbing',NULL,NULL,22,18,3.96,20,NULL,31.15,100,5),(402,'123','SAINO JPSE TA[ 3/4 PVC ','Plumbing',NULL,NULL,24,18,4.32,20,NULL,33.98,100,5),(403,'123','SURYA HEAVY TAP 1/2 PVC','Plumbing',NULL,NULL,28,18,5.04,20,NULL,39.65,10,5),(404,'123','SURYA HEAVY TAP 3/4 PVC','Plumbing',NULL,NULL,29,18,5.22,20,NULL,41.06,10,5),(405,'123','SURYA HEAVY HOSE TAP 1/2 PVC','Plumbing',NULL,NULL,30,18,5.4,20,NULL,42.48,10,5),(406,'123','SURYA HEAVY HOSE TAP 3/4 PVC','Plumbing',NULL,NULL,31,18,5.58,20,NULL,43.9,10,5),(407,'123','SURYA HEAVY LONG BODY 1/2 PVC','Plumbing',NULL,NULL,33,18,5.94,20,NULL,46.73,8,5),(408,'123','SURYA HEAVY LONG BODY 3/4 PVC','Plumbing',NULL,NULL,34,18,6.12,20,NULL,48.14,10,5),(409,'123','WASTE HOSE 1 1/4','Plumbing',NULL,NULL,13,18,2.34,20,NULL,18.41,100,5),(410,'123','WASTE HOSE 1 1/2','Plumbing',NULL,NULL,18,18,3.24,20,NULL,25.49,100,5),(411,'123','WASTE HOSE 1 1/4 STARFLEX HEAVY CHINA COLOUR','Plumbing',NULL,NULL,24,18,4.32,20,NULL,33.98,100,5),(412,'123','WASTE HOSE 1 1/4 EMSON HEAVY','Plumbing',NULL,NULL,30,18,5.4,20,NULL,42.48,100,5),(413,'123','TH: PLUG LONG WHITE 1/2\"','Plumbing',NULL,NULL,1.5,18,0.27,20,NULL,2.12,100,5),(414,'123','CLOSE BUSH HEAVY','Plumbing',NULL,NULL,10,18,1.8,20,NULL,14.16,100,5),(415,'123','TAP WASHER 1/2','Plumbing',NULL,NULL,0.45,18,0.08,20,NULL,0.64,100,5),(416,'123','TAP WASHER 3/4\"','Plumbing',NULL,NULL,0.5,18,0.09,20,NULL,0.71,99,5),(417,'123','BLACK WASHER 1/2','Plumbing',NULL,NULL,0.65,18,0.12,20,NULL,0.92,100,5),(418,'123','CONNECTON WASHER ','Plumbing',NULL,NULL,0.5,18,0.09,20,NULL,0.71,100,5),(419,'123','TAFLON TAPE COOPER 10 MTR','Plumbing',NULL,NULL,8.7,18,1.57,20,NULL,12.32,100,5),(420,'123','TAFLON TAPE YELLOW FRESHCO','Plumbing',NULL,NULL,6,18,1.08,20,NULL,8.5,100,5),(421,'123','TANK COVER BLACK 400,500,750&1000 LTR','Plumbing',NULL,NULL,55,18,9.9,20,NULL,77.88,100,5),(422,'123','FLUSH TANK WASHER','Plumbing',NULL,NULL,10,18,1.8,20,NULL,14.16,100,5),(423,'123','STAR WHITE M.F. TRAP 110X63X3\" W/O JALI','Plumbing',NULL,NULL,69.7,18,25.6,20,0,201.43,100,5),(424,'123','STAR WHITE F.F. TRAP 11OX63X3\" W/O JALI','Plumbing',NULL,NULL,65,18,23.88,20,0,187.83,100,5),(425,'123','WATER TEC ANGLE VALVE WHITE','Plumbing',NULL,NULL,241,18,43.38,20,NULL,341.26,100,5),(426,'123','WATERTEC ANGLE VALVE 2 WAY WHTIE ','Plumbing',NULL,NULL,406,18,73.08,20,NULL,574.9,100,5),(427,'123','WATERTEC BALL VALVE LONG HANDLE 25 MM','Plumbing',NULL,NULL,91,18,16.38,20,NULL,128.86,100,5),(428,'123','WATERTEC BALL VALVE LONG HANDLE 25 MM TH:','Plumbing',NULL,NULL,99,18,17.82,20,NULL,140.18,100,5),(429,'123','WATER TEC BALL VALVE LONG HANDLE 32MM','Plumbing',NULL,NULL,120,18,21.6,20,NULL,169.92,100,5),(430,'123','WATERTEC BALL VALVE LONG HANDLE 40 MM','Plumbing',NULL,NULL,172,18,30.96,20,NULL,243.55,100,5),(431,'123','WATERTEC BALL VALVE LONG HANDLE 5O MM','Plumbing',NULL,NULL,253,18,45.54,20,NULL,358.25,100,5),(432,'123','WATERTEC BALL VALVE LONG HANDLE 63 MM','Plumbing',NULL,NULL,315,18,56.7,20,NULL,446.04,100,5),(433,'123','WATERTEC BIB COCK MAGIX','Plumbing',NULL,NULL,58,18,10.44,20,NULL,82.13,100,5),(434,'123','WATERTEC BIB TAP WHITE T HANDLE','Plumbing',NULL,NULL,165,18,29.7,20,NULL,233.64,100,5),(435,'123','WATERTEC BIB TAP WHITE','Plumbing',NULL,NULL,224,18,40.32,20,NULL,317.18,100,5),(436,'123','WATERTEC BIB TAP WITH FLANGE WHITE','Plumbing',NULL,NULL,293,18,52.74,20,NULL,414.89,100,5),(437,'123','WATERTEC CONNECTION TUBE 1.5  MTR WHITE','Plumbing',NULL,NULL,212,18,38.16,20,NULL,300.19,100,5),(438,'123','WATERTEC CONNECTION TUBE 1 MTR WHITE','Plumbing',NULL,NULL,155,18,27.9,20,NULL,219.48,100,5),(439,'123','WATERTEC CONNCTION TUBE 18\" WHITE','Plumbing',NULL,NULL,85,18,15.3,20,NULL,120.36,100,5),(440,'123','WATERTEC CONNCTION TUBE 24\" WHITE','Plumbing',NULL,NULL,95,18,17.1,20,NULL,134.52,100,5),(441,'123','WATERTEC FLOAT VALVE1/2\" WITH ROD & BALL','Plumbing',NULL,NULL,245,18,44.1,20,NULL,346.92,100,5),(442,'123','WATERTEC FLOAT VALVE 3/4\" WITH ROD&BALL','Plumbing',NULL,NULL,367,18,66.06,20,NULL,519.67,100,5),(443,'123','WATERTEC FLOAT VALVE 1\" WITH ROD & BALL','Plumbing',NULL,NULL,731,18,131.58,20,NULL,1035.1,100,5),(444,'123','WATERTEC FLOOR TRAP-WHITE','Plumbing',NULL,NULL,108,18,19.44,20,NULL,152.93,100,5),(445,'123','WATERTEC GARDEN TAP M HANDLE WHITE ','Plumbing',NULL,NULL,322,18,57.96,20,NULL,455.95,100,5),(446,'123','WATERTEC GARDEN TAP T HANDLE -WH','Plumbing',NULL,NULL,214,18,38.52,20,NULL,303.02,100,5),(447,'123','WATERTEC H/F HEAD ONLY WHITE','Plumbing',NULL,NULL,262,18,47.16,20,NULL,370.99,100,5),(448,'123','WATERTEC H/F ICON 1 MTR WHITE','Plumbing',NULL,NULL,453,18,81.54,20,NULL,641.45,100,5),(449,'123','WATERTEC H/F MAGIX 1 MTR WHITE','Plumbing',NULL,NULL,397,18,71.46,20,NULL,562.15,100,5),(450,'123','WATERTEC H/F WATERLINE 1 MTR WHITE','Plumbing',NULL,NULL,434,18,78.12,20,NULL,614.54,100,5),(451,'123','WATERTEC HEALTH FAUCET SLEEK ','Plumbing',NULL,NULL,555,18,99.9,20,NULL,785.88,100,5),(452,'123','WATERTEC BALL VALVE SHORT HANDLE 20 MM','Plumbing',NULL,NULL,59,18,10.62,20,NULL,83.54,100,5),(453,'123','WATERTEC BALL VALVE SHORT HANDLE 25 MM','Plumbing',NULL,NULL,81,18,14.58,20,NULL,114.7,100,5),(454,'123','WATERTEC BALL VALVE SHORT HANDLE  32 MM','Plumbing',NULL,NULL,116,18,20.88,20,NULL,164.26,100,5),(455,'123','WATERTEC BALL VALVE SHORT HANDLE 40 MM ','Plumbing',NULL,NULL,154,18,27.72,20,NULL,218.06,100,5),(456,'123','WATERTEC BALL VALVE SHORT HANDLE 50 MM ','Plumbing',NULL,NULL,226,18,40.68,20,NULL,320.02,100,5),(457,'123','WATERTEC BALL VALVE SHORT HANDLE 63 MM','Plumbing',NULL,NULL,305,18,54.9,20,NULL,431.88,100,5),(458,'123','WATERTEC GARDEN HOSE 1 inch GREEN 30 MTR ','Plumbing',NULL,NULL,1557,18,280.26,5,NULL,2204.71,100,5),(459,'123','WATERTEC GARDEN HOSE 3/4 inch GREEN 30 MTR','Plumbing',NULL,NULL,1259,18,226.62,5,NULL,1782.74,100,5),(460,'123','WATERTEC GARDEN HOSE 1/2 inch GREEN 30 MTR','Plumbing',NULL,NULL,744,18,133.92,20,NULL,1053.5,100,5),(461,'123','WATERTEC GARDEN HOSE 3/4 inch GREEN 10 MTR','Plumbing',NULL,NULL,433,18,77.94,20,NULL,613.13,100,5),(462,'123','WATERTEC GARDEN HOSE 1/2 inch GREEN 10 MTR','Plumbing',NULL,NULL,253,18,45.54,20,NULL,358.25,100,5),(463,'123','WATERTEC LIQUID SOAP DISPENSE ACRYLIC','Plumbing',NULL,NULL,649,18,116.82,20,NULL,918.98,100,5),(464,'123','WATERTEC LONG BODY TAP T HANDLE WHITE','Plumbing',NULL,NULL,248,18,44.64,20,NULL,351.17,100,5),(465,'123','WATERTEC PILLAR COCK WHITE','Plumbing',NULL,NULL,362,18,65.16,20,NULL,512.59,100,5),(466,'123','WATERTEC SINK TAP ANGULAR WHITE','Plumbing',NULL,NULL,206,18,37.08,20,NULL,291.7,100,5),(467,'123','WATERTEC SINK TAP SLEEK ','Plumbing',NULL,NULL,654,18,117.72,20,NULL,926.06,100,5),(468,'123','WATERTEC SMART TAP WHITE ','Plumbing',NULL,NULL,578,18,104.04,20,NULL,818.45,100,5),(469,'123','WATERTEC SOAP TRAY2 SOAP & BRUSH ACRYLIC ','Plumbing',NULL,NULL,65,18,11.7,20,NULL,92.04,100,5),(470,'123','WATERTEC WASHING MACHINE INLET 1.5 MTR','Plumbing',NULL,NULL,226,18,40.68,20,NULL,320.02,100,5),(471,'123','WATERTEC WASHING MACHINE INLET 2 MTR','Plumbing',NULL,NULL,301,18,54.18,20,NULL,426.22,100,5),(472,'123','WATERTEC WASHING MACHINE OUTLET 1.3 MTR','Plumbing',NULL,NULL,347,18,62.46,20,NULL,491.35,100,5),(473,'123','WATERTEC WASHING MACHINE OUTLET 1.5 MTR','Plumbing',NULL,NULL,130,18,23.4,20,NULL,184.08,100,5),(474,'123','WATERTEC  WASHING MACHINE OUTLET 3 MTR','Plumbing',NULL,NULL,156,18,28.08,20,NULL,220.9,100,5),(475,'123','WATERTEC WASHING MACHINE TAP WHITE','Plumbing',NULL,NULL,295,18,53.1,20,NULL,417.72,100,5),(476,'123','WATERTEC WASTE COUPLING H/TH- WHITE','Plumbing',NULL,NULL,357,18,64.26,20,NULL,505.51,100,5),(1423,'20001','CERA EWC S\" WT CAJOL SETCVR WHT 1053101','Plumbing',NULL,NULL,1978.81,18,356.19,5,NULL,2801.99,5,5),(1424,'20001','CERA CISTN CIENA wHT 1010102','Plumbing',NULL,NULL,1279.66,18,230.34,5,NULL,1812,5,5),(1425,'20001','CERA EWC S\" SRT BLUE-2008(1050101)','Plumbing',NULL,NULL,1906.78,18,343.22,5,NULL,2700,1,5),(1426,'20001','CERA CISTN CIENA SORT BLUE 2602(1010102)','Plumbing',NULL,NULL,1347.45,18,242.54,5,NULL,1907.99,1,5),(1427,'20001','CERA SET COVR CARINA SRT BLUE(1510101)','Plumbing',NULL,NULL,58474,18,10525.32,5,NULL,82799.18,1,5),(1428,'20001','CERA EWC S PINK-2008(1050101)','Plumbing',NULL,NULL,1906.76,18,343.22,5,NULL,2699.97,1,5),(1429,'20001','CERA CISTN CIENA PINK 1010102','Plumbing',NULL,NULL,1347.45,18,242.54,5,NULL,1907.99,1,5),(1430,'20001','CERA SET COVR CARINA PINK (1510101)','Plumbing',NULL,NULL,584.74,18,105.25,20,NULL,827.99,1,5),(1431,'20001','CERA W/8 CALVIN WHT-2815(2040106)','Plumbing',NULL,NULL,1207.62,18,217.37,5,NULL,1709.99,2,5),(1432,'20001','CERA W/B CANON WHT 101212040102)','Plumbing',NULL,NULL,1086.98,18,195.66,5,NULL,1539.16,2,5),(1433,'20001','CERA W/B COLINSL WHT 1003-2040101','Plumbing',NULL,NULL,1093.22,18,196.78,5,NULL,1548,2,5),(1434,'20001','CERA HIPED CLEA WHT.1102(2090102)','Plumbing',NULL,NULL,1283.89,18,231.1,5,NULL,1817.99,3,5),(1435,'20001','CERA WIBCALIBR 1014 WHT(2040109)','Plumbing',NULL,NULL,1588.98,18,286.02,5,NULL,2250,1,5),(1436,'20001','CERA CISTN COMPASS WHT-1020106','Plumbing',NULL,NULL,122181,18,21992.58,5,NULL,173008.3,1,5),(1437,'20001','CERA W43 JINGLE WHT 2040110','Plumbing',NULL,NULL,720.33,18,129.66,20,NULL,1019.99,1,5),(1438,'20001','CERA WM JASPER WHT 2340111','Plumbing',NULL,NULL,593.22,18,106.78,20,NULL,840,1,5),(1439,'20001','CERA W/B JOCKY WHT 2040112','Plumbing',NULL,NULL,635.59,18,114.41,20,NULL,900,1,5),(1440,'20001','CERA W18 JEAN WHT 2040113','Plumbing',NULL,NULL,677.96,18,122.03,20,NULL,959.99,1,5),(1441,'20001','CERA W/B JOVITA WHT 2040107','Plumbing',NULL,NULL,889.83,18,160.17,20,NULL,1260,1,5),(1442,'20001','ERA COR W/B JINNI WHT 2040108','Plumbing',NULL,NULL,677.96,18,122.03,20,NULL,959.99,1,5),(1443,'20001','VIK NG SQUARE DRAIN 39635)66)','Plumbing',NULL,NULL,39406,18,7093.08,5,NULL,55798.9,10,5),(1444,'20001','VIKNG WAST CURLING FiT 5284','Plumbing',NULL,NULL,296.61,18,53.39,20,NULL,420,10,5),(1445,'20001','VIKNG BRASS SCREW 9951(1PAIR)','Plumbing',NULL,NULL,37.28,18,6.71,20,NULL,52.79,24,5),(1446,'20001','VIKNG WAST CUPLNG POPUP 5224','Plumbing',NULL,NULL,584.74,18,105.25,20,NULL,827.99,5,5),(1447,'20001','VIKNG TAFLON YELVi 12512','Plumbing',NULL,NULL,25.42,18,4.58,20,NULL,35.99,50,5),(1448,'20001','VIKNG RAK BOLT SCRW PAIR 9609 ZNC','Plumbing',NULL,NULL,96.61,18,17.39,20,NULL,136.8,25,5),(1449,'20001','EX NIPPLE 1/2-1112 22012A','Plumbing',NULL,NULL,76.27,18,13.73,20,NULL,108,30,5),(1450,'20001','EX NIPPLE 22013','Plumbing',NULL,NULL,96.61,18,17.39,20,NULL,136.8,25,5),(1451,'20001','VIKNG DRAIN SO MAT 39594','Plumbing',NULL,NULL,161.01,18,28.98,20,NULL,227.99,10,5),(1500,'20001','CERA CISTN CLARISA WHT 1010108','Plumbing',NULL,NULL,868.64,18,156.36,20,NULL,1229.99,2,5),(1564,'2027','GM 3 PIN PLUG 6 A','Electrical',NULL,NULL,35.17,18,6.33,20,NULL,49.8,20,5),(1565,'2027','GM 3 PIN TOP 16 A','Electrical',NULL,NULL,44.07,18,7.93,20,NULL,62.4,10,5),(1566,'2027','GM PLAY ANGLE BATTEN ','Electrical',NULL,NULL,25.33,18,4.56,20,NULL,35.87,60,5),(1567,'2027','GM PENDANT HOLDER ','Electrical',NULL,NULL,19.49,18,3.51,20,NULL,27.6,20,5),(1568,'2027','WIDROIT PENDENT HOLDER ','Electrical',NULL,NULL,12.71,18,2.29,20,NULL,18,20,5),(1569,'2028','IA 6A SP B CARETRON MCB ','Electrical',NULL,NULL,83.16,18,14.97,20,NULL,117.75,11,5),(1570,'2028','IA 10A SP B CARETRON MCB ','Electrical',NULL,NULL,83.16,18,14.97,20,NULL,117.75,24,5),(1571,'2028','IA 16 A SP B CARETRON MCB','Electrical',NULL,NULL,83.16,18,14.97,20,NULL,117.75,24,5),(1572,'2028','IA 20A SP B CARETRON MCB ','Electrical',NULL,NULL,83.16,18,14.97,20,NULL,117.75,24,5),(1573,'2028','IA 25A SP B CARETRON MCB','Electrical',NULL,NULL,83.16,18,14.97,20,NULL,117.75,12,5),(1574,'2028','IA 40 A DP CERATRON ISOLATER ','Electrical',NULL,NULL,240.84,18,43.35,20,NULL,341.03,6,5),(1575,'2028','IA RCCB 40A DP 30MA','Electrical',NULL,NULL,1177.97,18,212.03,5,NULL,1668.01,6,5),(1576,'2028','IA REWIRABLE 32A 240V DP','Electrical',NULL,NULL,943.22,18,169.78,20,NULL,1335.6,2,5),(1577,'2028','IA METAL FLUSH BOX 1&2 MODULE ','Electrical',NULL,NULL,18.4,18,3.31,20,NULL,26.05,40,5),(1578,'2028','IA METAL FLUSH BOX 3 MODULE ','Electrical',NULL,NULL,25.76,18,4.64,20,NULL,36.48,40,5),(1579,'2028','IA METAL FLUSH BOX 4 MODULE ','Electrical',NULL,NULL,30.36,18,5.46,20,NULL,42.99,40,5),(1580,'2028','IA METAL FLUSH BOX 6 MODULE ','Electrical',NULL,NULL,47.84,18,8.61,20,NULL,67.74,40,5),(1581,'2028','IA METAL FLUSH BOX 8 MODULE ','Electrical',NULL,NULL,62.56,18,11.26,20,NULL,88.58,40,5),(1582,'2028','IA METAL FLUSH BOX 12 MODULE','Electrical',NULL,NULL,82.8,18,14.9,20,NULL,117.24,10,5),(1583,'2028','IA METAL FLUSH BOX 16 MODULE','Electrical',NULL,NULL,95.68,18,17.22,20,NULL,135.48,10,5),(1584,'2028','IA METAL FLUSH BOX 18 MODULE ','Electrical',NULL,NULL,103.04,18,18.55,20,NULL,145.9,10,5),(1585,'2028','IA PLASTIC SURFACE BOX 1&2 MODULE','Electrical',NULL,NULL,23,18,4.14,20,NULL,32.57,49,5),(1586,'2028','IA PLASTIC SURFACE BOX 3 MODULE','Electrical',NULL,NULL,27.6,18,4.97,20,NULL,39.08,34,5),(1587,'2028','IA PLASTIC SURFACE BOX 4 MODULE ','Electrical',NULL,NULL,32.2,18,5.8,20,NULL,45.6,24,5),(1588,'2028','IA PLASTIC SURFACE BOX 6 MODULE ','Electrical',NULL,NULL,47.84,18,8.61,20,NULL,67.74,10,5),(1589,'2028','IA PLASTIC SURFACE BOX 8 MODULE ','Electrical',NULL,NULL,68.08,18,12.25,20,NULL,96.4,10,5),(1590,'2028','IA PLASTIC SURFACE BOX 12 MODULE','Electrical',NULL,NULL,82.8,18,14.9,20,NULL,117.24,10,5),(1591,'2028','IA GLINT 6A 1 WAY SWITH 1  MODULE','Electrical',NULL,NULL,11.96,18,2.15,20,NULL,16.94,100,5),(1592,'2028','IA GLINT  2 WAY SWITCH 1 MODULE','Electrical',NULL,NULL,22.08,18,3.97,20,NULL,31.27,50,5),(1593,'2028','IA GLINT 6A 1 WAY SWITCH WITH INDICATER','Electrical',NULL,NULL,34.96,18,6.29,20,NULL,49.5,30,5),(1594,'2028','IA GLINT 32A DP SWITH','Electrical',NULL,NULL,65.32,18,11.76,20,NULL,92.49,10,5),(1595,'2028','IA GLINT IM BELL PUSH WITH INDICATER','Electrical',NULL,NULL,24.84,18,4.47,20,NULL,35.17,10,5),(1596,'2028','IA GLINT 2M 6A BELL PUSH WITH INDICATER','Electrical',NULL,NULL,38.64,18,6.96,20,NULL,54.71,10,5),(1597,'2028','IA GLINT 6A 3 PIN UNIVERSAL SOCKET ','Electrical',NULL,NULL,22.08,18,3.97,20,NULL,31.27,50,5),(1598,'2028','IA GLINT MULTISTANDARD SOCKET 6/1','Electrical',NULL,NULL,40.48,18,7.29,20,NULL,57.32,30,5),(1599,'2028','IA GLINT 10A EURO US SOCKET 1 MODULE ','Electrical',NULL,NULL,22.08,18,3.97,20,NULL,31.27,20,5),(1600,'2028','IA GLINT 6/16A 3 PIN SOCKET 2 MODULE ','Electrical',NULL,NULL,42.32,18,7.62,20,NULL,59.93,30,5),(1601,'2028','IA GLINT 1M FAN STEP REGULATOR 10','Electrical',NULL,NULL,107.64,18,19.38,20,NULL,152.42,10,5),(1602,'2028','IA GLINT 2M FAN STEP REGULATOR 1','Electrical',NULL,NULL,121.44,18,21.86,20,NULL,171.96,30,5),(1603,'2028','IA GLINT 1 MODULE BLANK PLATE  (DUMMY)','Electrical',NULL,NULL,8.28,18,1.49,20,NULL,11.72,100,5),(1604,'2028','IA GLINT 1 MODULE PLATE','Electrical',NULL,NULL,14.72,18,2.65,20,NULL,20.84,20,5),(1605,'2028','IA GLINT 2 MODULE PLATE ','Electrical',NULL,NULL,14.72,18,2.65,20,NULL,20.84,30,5),(1606,'2028','IA GLINT 3 MODULE PLATE ','Electrical',NULL,NULL,19.32,18,3.48,20,NULL,27.36,30,5),(1607,'2028','IA GLINT 4 MODULE PLATE','Electrical',NULL,NULL,24.84,18,4.47,20,NULL,35.17,19,5),(1608,'2028','IA GLINT 6 MODULE PLATE 2028','Electrical',NULL,NULL,30.36,18,5.46,20,NULL,42.99,25,5),(1609,'2028','IA GLINT 8 MODULE PLATE ','Electrical',NULL,NULL,39.56,18,7.12,20,NULL,56.02,25,5),(1610,'2028','IA GLINT 12 MODULE PLATE ','Electrical',NULL,NULL,54.28,18,9.77,20,NULL,76.86,10,5),(1611,'2028','IA GLINT 16 MODULE PLATE ','Electrical',NULL,NULL,57.04,18,10.27,20,NULL,80.77,5,5),(1612,'2028','IA GLINT 18 MODULE PLATE ','Electrical',NULL,NULL,68.08,18,12.25,20,NULL,96.4,5,5),(1613,'2029','BIOCN CARIO LED 3W','Electrical',NULL,NULL,74.44,18,13.4,20,NULL,105.41,60,5),(1919,'3917','BALCO 20 MM MEDIUM PVC PIPE ISI','Electrical',NULL,NULL,38.98,18,NULL,20,NULL,55.2,100,5),(1920,'3917','BALCO  20 MM MEDIUM IVERY ISI','Electrical',NULL,NULL,38.98,18,NULL,20,NULL,55.2,100,5),(1921,'3917','25MM MEDIUM BALCO ISI','Electrical',NULL,NULL,55.93,18,NULL,20,NULL,79.2,50,5),(1922,'3917','BALCO 25MM. MEDIUM IVORY','Electrical',NULL,NULL,55.93,18,NULL,20,NULL,79.2,50,5),(1923,'3917','SPINTECH 20MM COPLING IVORY','Electrical',NULL,NULL,1.95,18,NULL,20,NULL,2.76,250,5),(1924,'3917','SPINTECH 20MM COPLING','Electrical',NULL,NULL,1.95,18,NULL,20,NULL,2.76,250,5),(1925,'3917','SPINTECH25MM COUPLING','Electrical',NULL,NULL,3.07,18,NULL,20,NULL,4.35,250,5),(1926,'3917','SPINTECH25MM COPLING IVORY','Electrical',NULL,NULL,3.07,18,NULL,20,NULL,4.35,250,5),(1927,'3917','SPINTECH 20MM 4WAY','Electrical',NULL,NULL,9.32,18,NULL,20,NULL,13.2,50,5),(1928,'3917','SPINTECH 20MM 3 WAY ','Electrical',NULL,NULL,9.32,18,NULL,20,NULL,13.2,50,5),(1929,'3917','SPINTECH 20MM 2WAY','Electrical',NULL,NULL,9.32,18,NULL,20,NULL,13.2,50,5),(1930,'3917','SPINTECH20MM1WAY','Electrical',NULL,NULL,9.32,18,NULL,20,NULL,13.2,50,5),(1931,'3917','SPINTECH 1 WAY IVERY 20MM','Electrical',NULL,NULL,11.58,18,NULL,20,NULL,16.4,50,5),(1932,'3917','SPINTECH 2WAY IVERY 20MM ','Electrical',NULL,NULL,12.1,18,NULL,20,NULL,17.13,50,5),(1933,'3917','SPINTECH 3WAYIVORY 20MM','Electrical',NULL,NULL,12.55,18,NULL,20,NULL,17.77,50,5),(1934,'3917','SPINTECH 4WAY IVERY 20MM ','Electrical',NULL,NULL,13.14,18,NULL,20,NULL,18.61,50,5),(1935,'3917','PLASTIC CIRCUIAR BOX ','Electrical',NULL,NULL,45.76,18,NULL,20,NULL,64.8,50,5),(1936,'3917','HDP 20MM 45 MEETER','Electrical',NULL,NULL,360.17,18,NULL,20,NULL,510,5,5),(1937,'3917','HDP 20MM 90M','Electrical',NULL,NULL,720.34,18,NULL,20,NULL,1020,5,5),(1938,'3917','SPINTECH 20MM .U','Electrical',NULL,NULL,9.32,18,NULL,20,NULL,13.2,50,5),(1939,'3917','SP 20MM . L WAY','Electrical',NULL,NULL,9.32,18,NULL,20,NULL,13.2,50,5),(1940,'3917','SPINTECH 20MM Y','Electrical',NULL,NULL,9.32,18,NULL,20,NULL,13.2,50,5),(1941,'3917','SPINTECH 20MM U IVORY','Electrical',NULL,NULL,10.63,18,NULL,20,NULL,15.05,50,5),(1942,'3917','SPINTECH L WAY IVORY 20MM ','Electrical',NULL,NULL,10.9,18,NULL,20,NULL,15.43,50,5),(1943,'3917','SPINTECH 20MM Y IVORY','Electrical',NULL,NULL,10.63,18,NULL,20,NULL,15.05,50,5),(1944,'3917','20MM POLYTHEEN PIPE HD','Electrical',NULL,NULL,745.75,18,NULL,20,NULL,1055.98,5,5),(1945,'3917','20MMPOLYTHEEN PIPE HD 1/2','Electrical',NULL,NULL,373,18,NULL,20,NULL,528.17,2,5),(1946,'3917','HPL 9WLED BULB B22 ','Electrical',NULL,NULL,70,18,NULL,20,NULL,99.12,96,5),(1947,'3917','HPL 5 W LED BULB B 22','Electrical',NULL,NULL,68,18,NULL,20,NULL,96.29,24,5),(1948,'3917','HPL 7 LED BULB B 22','Electrical',NULL,NULL,69,12,NULL,20,NULL,92.74,24,5),(1949,'3917','HPL 3W LED BULB  22','Electrical',NULL,NULL,67,12,NULL,20,NULL,90.05,12,5),(1950,'3917','HPL 15W LED BULB 22','Electrical',NULL,NULL,152,12,NULL,20,NULL,204.29,10,5),(1951,'3917','HPL 12W LED BULB 22','Electrical',NULL,NULL,129.47,12,NULL,20,NULL,174.01,25,5),(1952,'3917','24W LED STREET LIGHT VOLTA ','Electrical',NULL,NULL,759,12,NULL,20,NULL,1020.1,2,5),(1953,'3917','30W LED STREET LIGHT VOLTA','Electrical',NULL,NULL,982.12,12,NULL,20,NULL,1319.97,6,5),(1954,'3917','EARTH COMPOUND ECO 8KG','Electrical',NULL,NULL,110.16,18,NULL,20,NULL,155.99,6,5),(1955,'3917','2 FEET EARTH ROD SMARTECH','Electrical',NULL,NULL,118,18,NULL,20,NULL,167.09,3,5),(1956,'3917','3 FEET EARTH ROD SMARTECH ','Electrical',NULL,NULL,139,18,NULL,20,NULL,196.82,5,5),(1957,'3917','4 FEET EARTH ROD SMARTECH ','Electrical',NULL,NULL,195,18,NULL,20,NULL,276.12,3,5),(1958,'3917','INSULATION TAPE WELLWIN','Electrical',NULL,NULL,7.14,18,NULL,20,NULL,10.11,150,5),(1959,'3917','METER  BOX SPN FUSE TYPE ','Electrical',NULL,NULL,805,18,NULL,20,NULL,1139.88,1,5),(1960,'3917','32A 415V FUSE UNIT STANDARD','Electrical',NULL,NULL,63.55,18,NULL,20,NULL,89.99,12,5),(1961,'3917','20MM POLYTHEEN PIPE HD 1/2','Electrical',NULL,NULL,373,18,NULL,20,NULL,528.17,3,5),(1962,'3917','HPL .05W LED BULB B22 BLUE','Electrical',NULL,NULL,25.9,12,NULL,20,NULL,34.81,12,5),(1963,'3917','HPL .05W LED BULB B22 GREEN','Electrical',NULL,NULL,25.9,12,NULL,20,NULL,34.81,12,5),(1964,'3917','HPL .5W LED BULB B 22 RED ','Electrical',NULL,NULL,25.9,12,NULL,20,NULL,34.81,12,5),(1965,'3917','HPL .5W LED BULB B 22 YELLOW','Electrical',NULL,NULL,25.9,12,NULL,20,NULL,34.81,12,5),(1966,'3917','HPL .5W LED BULB BULB WHITE','Electrical',NULL,NULL,25.9,12,NULL,20,NULL,34.81,12,5),(1967,'3917','HPL  36 W FTL 65K','Electrical',NULL,NULL,27.35,18,NULL,20,NULL,38.73,30,5),(1968,'3917','HPL 20W LED TUBE LIGHT','Electrical',NULL,NULL,183.04,12,NULL,20,NULL,246.01,20,5),(1969,'3917','3W STRIKER LED LIGHT','Electrical',NULL,NULL,67,12,NULL,20,NULL,90.05,50,5),(1970,'3917','HPL 20W LED TUBE LIGHT','Electrical',NULL,NULL,0.01,12,NULL,20,NULL,0.01,2,5),(1971,'3917','RR KABEL 1 SQM SUPREX','Electrical',NULL,NULL,594.92,18,NULL,4.5,NULL,842.41,20,5),(1972,'3917','RR KABEL 1.5 SUPREX','Electrical',NULL,NULL,888.14,18,NULL,5.7,NULL,1257.61,12,5),(1973,'3917','RR KABEL 2.5 SQ MM SUPREX KABLE','Electrical',NULL,NULL,1433.05,18,NULL,5.7,NULL,2029.2,12,5),(1974,'3917','RR KABEL 1SQMM  UNILAY','Electrical',NULL,NULL,617.8,18,NULL,4,NULL,874.8,20,5),(1975,'3917','RR KABEL 1.5 SQMM  UNILAY','Electrical',NULL,NULL,905.8,18,NULL,5.7,NULL,1282.61,12,5),(1976,'3917','RR KABEL 2.5 SQMM  UNILAY','Electrical',NULL,NULL,1462.71,18,NULL,7.2,NULL,2071.2,12,5),(1977,'3917','RR KABEL 4 SQMM  UNILAY','Electrical',NULL,NULL,2266.95,18,NULL,5,NULL,3210,8,5),(1978,'3917','RR KABEL 1.5X 3 CORE RATNALEX','Electrical',NULL,NULL,31.28,18,NULL,20,NULL,44,99,5),(1979,'3917','RR KABEL 2.5X 3 CORE RATNALEX','Electrical',NULL,NULL,49.76,18,NULL,22,NULL,70.46,99,5),(1980,'3917','6MM GRIP PLUG','Electrical',NULL,NULL,816.95,18,NULL,20,NULL,1156.8,50,5),(1981,'3917','8MM GRIP PLUG','Electrical',NULL,NULL,33.9,18,NULL,20,NULL,48,15,5),(1982,'3917','10MM GRIP PLUG','Electrical',NULL,NULL,50.85,18,NULL,20,NULL,72,10,5),(1983,'3917','CABLE TIE A ONE 100M','Electrical',NULL,NULL,16.95,18,NULL,20,NULL,24,10,5),(1984,'3917','CABLE TIE  A ONE 150M  ','Electrical',NULL,NULL,55.08,18,NULL,20,NULL,77.99,10,5),(1985,'3917','CABLE TIE A ONE 200M* 3.6MM','Electrical',NULL,NULL,76.27,18,NULL,20,NULL,108,10,5),(1986,'3917','CABLE TIE A ONE 250M','Electrical',NULL,NULL,110.17,18,NULL,20,NULL,156,5,5),(1987,'3917','CABLE TIE A ONE 300*3.3MM','Electrical',NULL,NULL,122.88,18,NULL,20,NULL,174,5,5),(1988,'3917','CABLE TIE VA ONE 364*4.8MM','Electrical',NULL,NULL,203.39,18,NULL,20,NULL,288,5,5),(1989,'3917','CABLE TIE A ONE 400M','Electrical',NULL,NULL,220.34,18,NULL,20,NULL,312,5,5),(1990,'3917','KALKI 32A DP','Electrical',NULL,NULL,864.41,18,NULL,20,NULL,1224,2,5),(1991,'3917','KALKI 16A 240V DP','Electrical',NULL,NULL,466.1,18,NULL,20,NULL,660,2,5),(1992,'3917','GM ORBIT 2 PIN FLEX BOX 5 MTR','Electrical',NULL,NULL,169.49,18,NULL,20,NULL,240,5,5),(1993,'3917','GM E BOOK 4+1 POWER STRIP','Electrical',NULL,NULL,262.71,18,NULL,20,NULL,372,5,5),(1994,'3917','GOLDMEDAL SPICE 3 PIN UNI TRAVEL ADP','Electrical',NULL,NULL,59.32,18,NULL,20,NULL,84,10,5),(1995,'3917','GM PRIME DING DONG','Electrical',NULL,NULL,84.75,18,NULL,20,NULL,120.01,10,5),(1996,'3917','GM GAYATHRI MANDRA BELL','Electrical',NULL,NULL,173.73,18,NULL,20,NULL,246,5,5),(1997,'3917','GM SPARKLE BELL','Electrical',NULL,NULL,198.31,18,NULL,20,NULL,280.81,5,5),(1998,'3917','GM HELIX ANGLE BATTEN','Electrical',NULL,NULL,35.59,18,NULL,20,NULL,50.4,20,5),(1999,'3917','GM HELIX BATTEN HOLDER','Electrical',NULL,NULL,35.59,18,NULL,20,NULL,50.4,20,5),(2000,'3917','GM PLAY ANGEL BATTEN','Electrical',NULL,NULL,25.33,18,NULL,20,NULL,35.87,20,5),(2001,'3917','GM PLAY BATTEN HOLDER','Electrical',NULL,NULL,25.33,18,NULL,20,NULL,35.87,20,5),(2002,'3917','GM APEX CEILING ROSE','Electrical',NULL,NULL,30.51,18,NULL,20,NULL,43.2,20,5),(2003,'3917','GOLDMEDALOVAL BATTEN HOLDER','Electrical',NULL,NULL,19.13,18,NULL,20,NULL,27.09,20,5);

/*Table structure for table `stock_vp` */

DROP TABLE IF EXISTS `stock_vp`;

CREATE TABLE `stock_vp` (
  `item_id` bigint(20) NOT NULL AUTO_INCREMENT,
  `hsn_code` varchar(50) NOT NULL,
  `item_name` varchar(200) NOT NULL,
  `category` varchar(50) DEFAULT NULL,
  `supplier` varchar(50) DEFAULT NULL,
  `description` varchar(200) DEFAULT NULL,
  `purchase_price` double DEFAULT NULL,
  `gst_percentage` double DEFAULT NULL,
  `gst_amount` double DEFAULT NULL,
  `margin` double DEFAULT NULL,
  `discount` double DEFAULT NULL,
  `selling_price` double DEFAULT NULL,
  `quantity` double DEFAULT NULL,
  `reorder_quantity` double DEFAULT NULL,
  `update_ts` datetime DEFAULT NULL,
  `stock_entry_quantity` double DEFAULT '0',
  PRIMARY KEY (`item_id`)
) ENGINE=InnoDB AUTO_INCREMENT=2239 DEFAULT CHARSET=utf8;

/*Data for the table `stock_vp` */

insert  into `stock_vp`(`item_id`,`hsn_code`,`item_name`,`category`,`supplier`,`description`,`purchase_price`,`gst_percentage`,`gst_amount`,`margin`,`discount`,`selling_price`,`quantity`,`reorder_quantity`,`update_ts`,`stock_entry_quantity`) values (2232,'25232940','CHETTINAD CEMENT SLAG PAPER','Construction','MUGHAL TRADERS','',269.53,28,7546.839999999999,20,NULL,413.99807999999996,77,5,NULL,NULL),(2233,'25232930','RAMCO CEMENT PPC 50KG','Construction','ALIF ENTERPRISES','',273.44,28,7656.32,20,NULL,420.00383999999997,132,5,'2021-08-01 12:53:58',NULL),(2235,'25232930','DALMIA PPC 50KG BAG - BOPP','Construction','Default','',325.86,28,9124.08,20,NULL,500.52096000000006,3596,5,NULL,NULL),(2236,'25232910','DALMIA OPC53 50KG - HDPE','Construction','Default','',301.92,28,8453.76,20,NULL,463.74912,139,5,NULL,NULL),(2237,'25232930','Dalmia DSP Concrete Expert','Construction','Default','',348.79,28,9766.12,20,NULL,535.74144,59,5,NULL,NULL),(2238,'454545','test','Construction','ALIF ENTERPRISES','',456,28,12768,5,NULL,612.864,25,5,NULL,5);

/*Table structure for table `supplier` */

DROP TABLE IF EXISTS `supplier`;

CREATE TABLE `supplier` (
  `supplier_id` bigint(20) NOT NULL AUTO_INCREMENT,
  `supplier_code` varchar(50) NOT NULL,
  `supplier_name` varchar(200) NOT NULL,
  `supplier_contact_number` varchar(10) DEFAULT NULL,
  `supplier_address` varchar(500) DEFAULT NULL,
  `supplier_rating` varchar(1) DEFAULT NULL,
  `date_of_first_deal` varchar(20) DEFAULT NULL,
  `date_of_last_deal` varchar(20) DEFAULT NULL,
  PRIMARY KEY (`supplier_id`)
) ENGINE=InnoDB AUTO_INCREMENT=6 DEFAULT CHARSET=utf8;

/*Data for the table `supplier` */

insert  into `supplier`(`supplier_id`,`supplier_code`,`supplier_name`,`supplier_contact_number`,`supplier_address`,`supplier_rating`,`date_of_first_deal`,`date_of_last_deal`) values (1,'N01','Default','9447819377','Kollam','4',NULL,NULL),(2,'N02','MUGHAL TRADERS','9995556677','Near St.Johns Hospital,\nPirappancode, \nVenjaramoodu.','4',NULL,NULL),(4,'S03','ALIF ENTERPRISES','8921264051','AKHIL TOWER, \nMUKKUNNOOR,\nVENJARAMOODU PO.','4',NULL,NULL),(5,'SUP001','AL BADAR AGENCIES','9961535304','Near DARUL HASANTH Complex,\nStep Road,\nKANNADIPARAMBA','4',NULL,NULL);

/*!40101 SET SQL_MODE=@OLD_SQL_MODE */;
/*!40014 SET FOREIGN_KEY_CHECKS=@OLD_FOREIGN_KEY_CHECKS */;
/*!40014 SET UNIQUE_CHECKS=@OLD_UNIQUE_CHECKS */;
/*!40111 SET SQL_NOTES=@OLD_SQL_NOTES */;
